"","date","dofhhumidity","lat","lon"
"1",2000-01-01,-108.577735900879,48.1556283354368,15.9375
"2",2000-01-02,-123.373321533203,48.1556283354368,15.9375
"3",2000-01-03,-122.662979125977,48.1556283354368,15.9375
"4",2000-01-04,-118.738388061523,48.1556283354368,15.9375
"5",2000-01-05,-111.356986999512,48.1556283354368,15.9375
"6",2000-01-06,-117.674987792969,48.1556283354368,15.9375
"7",2000-01-07,-114.699295043945,48.1556283354368,15.9375
"8",2000-01-08,-106.496421813965,48.1556283354368,15.9375
"9",2000-01-09,-109.972579956055,48.1556283354368,15.9375
"10",2000-01-10,-128.487579345703,48.1556283354368,15.9375
"11",2000-01-11,-133.721481323242,48.1556283354368,15.9375
"12",2000-01-12,-125.969985961914,48.1556283354368,15.9375
"13",2000-01-13,-124.213920593262,48.1556283354368,15.9375
"14",2000-01-14,-104.118957519531,48.1556283354368,15.9375
"15",2000-01-15,-114.647109985352,48.1556283354368,15.9375
"16",2000-01-16,-120.863227844238,48.1556283354368,15.9375
"17",2000-01-17,-115.918731689453,48.1556283354368,15.9375
"18",2000-01-18,-115.461029052734,48.1556283354368,15.9375
"19",2000-01-19,-117.113021850586,48.1556283354368,15.9375
"20",2000-01-20,-109.311813354492,48.1556283354368,15.9375
"21",2000-01-21,-104.313873291016,48.1556283354368,15.9375
"22",2000-01-22,-126.800407409668,48.1556283354368,15.9375
"23",2000-01-23,-135.286193847656,48.1556283354368,15.9375
"24",2000-01-24,-141.406005859375,48.1556283354368,15.9375
"25",2000-01-25,-126.261047363281,48.1556283354368,15.9375
"26",2000-01-26,-109.53214263916,48.1556283354368,15.9375
"27",2000-01-27,-107.103614807129,48.1556283354368,15.9375
"28",2000-01-28,-104.89973449707,48.1556283354368,15.9375
"29",2000-01-29,-101.797439575195,48.1556283354368,15.9375
"30",2000-01-30,-110.394798278809,48.1556283354368,15.9375
"31",2000-01-31,-118.805961608887,48.1556283354368,15.9375
"32",2000-02-01,-111.083847045898,48.1556283354368,15.9375
"33",2000-02-02,-101.027458190918,48.1556283354368,15.9375
"34",2000-02-03,-125.127571105957,48.1556283354368,15.9375
"35",2000-02-04,-99.0986022949219,48.1556283354368,15.9375
"36",2000-02-05,-99.6235275268555,48.1556283354368,15.9375
"37",2000-02-06,-100.708839416504,48.1556283354368,15.9375
"38",2000-02-07,-97.6809387207031,48.1556283354368,15.9375
"39",2000-02-08,-91.9168472290039,48.1556283354368,15.9375
"40",2000-02-09,-101.364944458008,48.1556283354368,15.9375
"41",2000-02-10,-98.3389358520508,48.1556283354368,15.9375
"42",2000-02-11,-95.8329925537109,48.1556283354368,15.9375
"43",2000-02-12,-128.332946777344,48.1556283354368,15.9375
"44",2000-02-13,-114.378135681152,48.1556283354368,15.9375
"45",2000-02-14,-115.518363952637,48.1556283354368,15.9375
"46",2000-02-15,-104.646659851074,48.1556283354368,15.9375
"47",2000-02-16,-109.332138061523,48.1556283354368,15.9375
"48",2000-02-17,-117.855270385742,48.1556283354368,15.9375
"49",2000-02-18,-105.019378662109,48.1556283354368,15.9375
"50",2000-02-19,-105.797645568848,48.1556283354368,15.9375
"51",2000-02-20,-123.977279663086,48.1556283354368,15.9375
"52",2000-02-21,-116.890449523926,48.1556283354368,15.9375
"53",2000-02-22,-114.984512329102,48.1556283354368,15.9375
"54",2000-02-23,-99.9881210327148,48.1556283354368,15.9375
"55",2000-02-24,-102.708511352539,48.1556283354368,15.9375
"56",2000-02-25,-100.072853088379,48.1556283354368,15.9375
"57",2000-02-26,-115.943298339844,48.1556283354368,15.9375
"58",2000-02-27,-109.894668579102,48.1556283354368,15.9375
"59",2000-02-28,-106.017936706543,48.1556283354368,15.9375
"60",2000-02-29,-95.9576721191406,48.1556283354368,15.9375
"61",2000-03-01,-104.021408081055,48.1556283354368,15.9375
"62",2000-03-02,-123.571144104004,48.1556283354368,15.9375
"63",2000-03-03,-102.23225402832,48.1556283354368,15.9375
"64",2000-03-04,-89.5407028198242,48.1556283354368,15.9375
"65",2000-03-05,-118.48705291748,48.1556283354368,15.9375
"66",2000-03-06,-99.2653121948242,48.1556283354368,15.9375
"67",2000-03-07,-92.4235305786133,48.1556283354368,15.9375
"68",2000-03-08,-94.053352355957,48.1556283354368,15.9375
"69",2000-03-09,-107.426574707031,48.1556283354368,15.9375
"70",2000-03-10,-115.722450256348,48.1556283354368,15.9375
"71",2000-03-11,-106.120170593262,48.1556283354368,15.9375
"72",2000-03-12,-114.298782348633,48.1556283354368,15.9375
"73",2000-03-13,-107.16276550293,48.1556283354368,15.9375
"74",2000-03-14,-98.204460144043,48.1556283354368,15.9375
"75",2000-03-15,-105.473937988281,48.1556283354368,15.9375
"76",2000-03-16,-114.003547668457,48.1556283354368,15.9375
"77",2000-03-17,-119.054389953613,48.1556283354368,15.9375
"78",2000-03-18,-127.820762634277,48.1556283354368,15.9375
"79",2000-03-19,-109.63631439209,48.1556283354368,15.9375
"80",2000-03-20,-117.960227966309,48.1556283354368,15.9375
"81",2000-03-21,-103.43985748291,48.1556283354368,15.9375
"82",2000-03-22,-99.2231597900391,48.1556283354368,15.9375
"83",2000-03-23,-98.3393249511719,48.1556283354368,15.9375
"84",2000-03-24,-92.3760528564453,48.1556283354368,15.9375
"85",2000-03-25,-86.9100875854492,48.1556283354368,15.9375
"86",2000-03-26,-91.667121887207,48.1556283354368,15.9375
"87",2000-03-27,-135.430252075195,48.1556283354368,15.9375
"88",2000-03-28,-142.49919128418,48.1556283354368,15.9375
"89",2000-03-29,-106.503135681152,48.1556283354368,15.9375
"90",2000-03-30,-102.646110534668,48.1556283354368,15.9375
"91",2000-03-31,-97.8234405517578,48.1556283354368,15.9375
"92",2000-04-01,-113.359191894531,48.1556283354368,15.9375
"93",2000-04-02,-105.24348449707,48.1556283354368,15.9375
"94",2000-04-03,-86.7689361572266,48.1556283354368,15.9375
"95",2000-04-04,-83.7833633422852,48.1556283354368,15.9375
"96",2000-04-05,-91.008903503418,48.1556283354368,15.9375
"97",2000-04-06,-117.28254699707,48.1556283354368,15.9375
"98",2000-04-07,-92.7518005371094,48.1556283354368,15.9375
"99",2000-04-08,-89.3226776123047,48.1556283354368,15.9375
"100",2000-04-09,-89.0896301269531,48.1556283354368,15.9375
"101",2000-04-10,-93.8065567016602,48.1556283354368,15.9375
"102",2000-04-11,-101.043792724609,48.1556283354368,15.9375
"103",2000-04-12,-103.21321105957,48.1556283354368,15.9375
"104",2000-04-13,-96.1902236938477,48.1556283354368,15.9375
"105",2000-04-14,-90.4097137451172,48.1556283354368,15.9375
"106",2000-04-15,-91.2936325073242,48.1556283354368,15.9375
"107",2000-04-16,-90.3644104003906,48.1556283354368,15.9375
"108",2000-04-17,-90.0220642089844,48.1556283354368,15.9375
"109",2000-04-18,-101.363723754883,48.1556283354368,15.9375
"110",2000-04-19,-111.73120880127,48.1556283354368,15.9375
"111",2000-04-20,-115.255966186523,48.1556283354368,15.9375
"112",2000-04-21,-116.754508972168,48.1556283354368,15.9375
"113",2000-04-22,-119.943603515625,48.1556283354368,15.9375
"114",2000-04-23,-93.047981262207,48.1556283354368,15.9375
"115",2000-04-24,-92.4330444335938,48.1556283354368,15.9375
"116",2000-04-25,-142.500381469727,48.1556283354368,15.9375
"117",2000-04-26,-95.0904388427734,48.1556283354368,15.9375
"118",2000-04-27,-96.2562713623047,48.1556283354368,15.9375
"119",2000-04-28,-108.571624755859,48.1556283354368,15.9375
"120",2000-04-29,-109.059257507324,48.1556283354368,15.9375
"121",2000-04-30,-108.85538482666,48.1556283354368,15.9375
"122",2000-05-01,-126.918006896973,48.1556283354368,15.9375
"123",2000-05-02,-127.576904296875,48.1556283354368,15.9375
"124",2000-05-03,-100.23316192627,48.1556283354368,15.9375
"125",2000-05-04,-98.7818832397461,48.1556283354368,15.9375
"126",2000-05-05,-105.456405639648,48.1556283354368,15.9375
"127",2000-05-06,-97.4349975585938,48.1556283354368,15.9375
"128",2000-05-07,-100.703582763672,48.1556283354368,15.9375
"129",2000-05-08,-83.7189178466797,48.1556283354368,15.9375
"130",2000-05-09,-73.9995651245117,48.1556283354368,15.9375
"131",2000-05-10,-77.6190948486328,48.1556283354368,15.9375
"132",2000-05-11,-79.2173461914062,48.1556283354368,15.9375
"133",2000-05-12,-76.2292327880859,48.1556283354368,15.9375
"134",2000-05-13,-89.1911926269531,48.1556283354368,15.9375
"135",2000-05-14,-77.8334579467773,48.1556283354368,15.9375
"136",2000-05-15,-92.2062301635742,48.1556283354368,15.9375
"137",2000-05-16,-92.5360412597656,48.1556283354368,15.9375
"138",2000-05-17,-93.6528244018555,48.1556283354368,15.9375
"139",2000-05-18,-85.3546752929688,48.1556283354368,15.9375
"140",2000-05-19,-86.4542922973633,48.1556283354368,15.9375
"141",2000-05-20,-84.8461608886719,48.1556283354368,15.9375
"142",2000-05-21,-105.782440185547,48.1556283354368,15.9375
"143",2000-05-22,-88.2652587890625,48.1556283354368,15.9375
"144",2000-05-23,-111.089912414551,48.1556283354368,15.9375
"145",2000-05-24,-106.510383605957,48.1556283354368,15.9375
"146",2000-05-25,-106.036399841309,48.1556283354368,15.9375
"147",2000-05-26,-98.4584045410156,48.1556283354368,15.9375
"148",2000-05-27,-89.9733657836914,48.1556283354368,15.9375
"149",2000-05-28,-83.1754684448242,48.1556283354368,15.9375
"150",2000-05-29,-97.4943389892578,48.1556283354368,15.9375
"151",2000-05-30,-103.932640075684,48.1556283354368,15.9375
"152",2000-05-31,-104.554039001465,48.1556283354368,15.9375
"153",2000-06-01,-128.799682617188,48.1556283354368,15.9375
"154",2000-06-02,-92.4450073242188,48.1556283354368,15.9375
"155",2000-06-03,-86.4269180297852,48.1556283354368,15.9375
"156",2000-06-04,-84.2937469482422,48.1556283354368,15.9375
"157",2000-06-05,-95.2412643432617,48.1556283354368,15.9375
"158",2000-06-06,-94.5353469848633,48.1556283354368,15.9375
"159",2000-06-07,-107.283882141113,48.1556283354368,15.9375
"160",2000-06-08,-93.8095092773438,48.1556283354368,15.9375
"161",2000-06-09,-88.2801666259766,48.1556283354368,15.9375
"162",2000-06-10,-92.4011535644531,48.1556283354368,15.9375
"163",2000-06-11,-96.9926834106445,48.1556283354368,15.9375
"164",2000-06-12,-92.1432113647461,48.1556283354368,15.9375
"165",2000-06-13,-102.398880004883,48.1556283354368,15.9375
"166",2000-06-14,-90.078254699707,48.1556283354368,15.9375
"167",2000-06-15,-103.022583007812,48.1556283354368,15.9375
"168",2000-06-16,-100.026893615723,48.1556283354368,15.9375
"169",2000-06-17,-89.7962341308594,48.1556283354368,15.9375
"170",2000-06-18,-88.6904754638672,48.1556283354368,15.9375
"171",2000-06-19,-79.4220581054688,48.1556283354368,15.9375
"172",2000-06-20,-78.8017272949219,48.1556283354368,15.9375
"173",2000-06-21,-85.4801254272461,48.1556283354368,15.9375
"174",2000-06-22,-81.9146423339844,48.1556283354368,15.9375
"175",2000-06-23,-80.2413024902344,48.1556283354368,15.9375
"176",2000-06-24,-83.3048324584961,48.1556283354368,15.9375
"177",2000-06-25,-100.716705322266,48.1556283354368,15.9375
"178",2000-06-26,-102.508026123047,48.1556283354368,15.9375
"179",2000-06-27,-95.3955307006836,48.1556283354368,15.9375
"180",2000-06-28,-97.8836364746094,48.1556283354368,15.9375
"181",2000-06-29,-104.527336120605,48.1556283354368,15.9375
"182",2000-06-30,-105.496627807617,48.1556283354368,15.9375
"183",2000-07-01,-98.0415420532227,48.1556283354368,15.9375
"184",2000-07-02,-84.3766403198242,48.1556283354368,15.9375
"185",2000-07-03,-86.6220779418945,48.1556283354368,15.9375
"186",2000-07-04,-85.2377395629883,48.1556283354368,15.9375
"187",2000-07-05,-86.5960311889648,48.1556283354368,15.9375
"188",2000-07-06,-90.5335998535156,48.1556283354368,15.9375
"189",2000-07-07,-93.1217575073242,48.1556283354368,15.9375
"190",2000-07-08,-96.3538284301758,48.1556283354368,15.9375
"191",2000-07-09,-120.915687561035,48.1556283354368,15.9375
"192",2000-07-10,-101.881950378418,48.1556283354368,15.9375
"193",2000-07-11,-107.446929931641,48.1556283354368,15.9375
"194",2000-07-12,-164.569030761719,48.1556283354368,15.9375
"195",2000-07-13,-137.865097045898,48.1556283354368,15.9375
"196",2000-07-14,-123.453178405762,48.1556283354368,15.9375
"197",2000-07-15,-144.461776733398,48.1556283354368,15.9375
"198",2000-07-16,-126.622718811035,48.1556283354368,15.9375
"199",2000-07-17,-107.916595458984,48.1556283354368,15.9375
"200",2000-07-18,-108.322463989258,48.1556283354368,15.9375
"201",2000-07-19,-93.8737106323242,48.1556283354368,15.9375
"202",2000-07-20,-113.246406555176,48.1556283354368,15.9375
"203",2000-07-21,-109.085220336914,48.1556283354368,15.9375
"204",2000-07-22,-100.84782409668,48.1556283354368,15.9375
"205",2000-07-23,-93.3138427734375,48.1556283354368,15.9375
"206",2000-07-24,-93.1264419555664,48.1556283354368,15.9375
"207",2000-07-25,-77.5769195556641,48.1556283354368,15.9375
"208",2000-07-26,-85.2433929443359,48.1556283354368,15.9375
"209",2000-07-27,-97.9213256835938,48.1556283354368,15.9375
"210",2000-07-28,-97.3301086425781,48.1556283354368,15.9375
"211",2000-07-29,-112.46533203125,48.1556283354368,15.9375
"212",2000-07-30,-111.534896850586,48.1556283354368,15.9375
"213",2000-07-31,-109.638305664062,48.1556283354368,15.9375
"214",2000-08-01,-102.638534545898,48.1556283354368,15.9375
"215",2000-08-02,-105.034698486328,48.1556283354368,15.9375
"216",2000-08-03,-96.2369613647461,48.1556283354368,15.9375
"217",2000-08-04,-94.0314865112305,48.1556283354368,15.9375
"218",2000-08-05,-96.3394927978516,48.1556283354368,15.9375
"219",2000-08-06,-91.7219085693359,48.1556283354368,15.9375
"220",2000-08-07,-94.5302200317383,48.1556283354368,15.9375
"221",2000-08-08,-96.0041046142578,48.1556283354368,15.9375
"222",2000-08-09,-93.4943771362305,48.1556283354368,15.9375
"223",2000-08-10,-118.80265045166,48.1556283354368,15.9375
"224",2000-08-11,-109.349891662598,48.1556283354368,15.9375
"225",2000-08-12,-101.5166015625,48.1556283354368,15.9375
"226",2000-08-13,-104.00806427002,48.1556283354368,15.9375
"227",2000-08-14,-99.3852920532227,48.1556283354368,15.9375
"228",2000-08-15,-94.8864822387695,48.1556283354368,15.9375
"229",2000-08-16,-89.3115539550781,48.1556283354368,15.9375
"230",2000-08-17,-89.8960876464844,48.1556283354368,15.9375
"231",2000-08-18,-91.4390106201172,48.1556283354368,15.9375
"232",2000-08-19,-95.8929901123047,48.1556283354368,15.9375
"233",2000-08-20,-102.39022064209,48.1556283354368,15.9375
"234",2000-08-21,-94.2001876831055,48.1556283354368,15.9375
"235",2000-08-22,-89.804817199707,48.1556283354368,15.9375
"236",2000-08-23,-93.9712295532227,48.1556283354368,15.9375
"237",2000-08-24,-102.480842590332,48.1556283354368,15.9375
"238",2000-08-25,-88.2360534667969,48.1556283354368,15.9375
"239",2000-08-26,-104.037887573242,48.1556283354368,15.9375
"240",2000-08-27,-131.697906494141,48.1556283354368,15.9375
"241",2000-08-28,-128.315521240234,48.1556283354368,15.9375
"242",2000-08-29,-103.156089782715,48.1556283354368,15.9375
"243",2000-08-30,-91.600715637207,48.1556283354368,15.9375
"244",2000-08-31,-86.3092498779297,48.1556283354368,15.9375
"245",2000-09-01,-95.0494613647461,48.1556283354368,15.9375
"246",2000-09-02,-93.0650482177734,48.1556283354368,15.9375
"247",2000-09-03,-109.489036560059,48.1556283354368,15.9375
"248",2000-09-04,-116.183639526367,48.1556283354368,15.9375
"249",2000-09-05,-120.788482666016,48.1556283354368,15.9375
"250",2000-09-06,-109.727897644043,48.1556283354368,15.9375
"251",2000-09-07,-114.222961425781,48.1556283354368,15.9375
"252",2000-09-08,-121.087203979492,48.1556283354368,15.9375
"253",2000-09-09,-103.190841674805,48.1556283354368,15.9375
"254",2000-09-10,-95.9223785400391,48.1556283354368,15.9375
"255",2000-09-11,-92.6093444824219,48.1556283354368,15.9375
"256",2000-09-12,-90.9057235717773,48.1556283354368,15.9375
"257",2000-09-13,-90.0320434570312,48.1556283354368,15.9375
"258",2000-09-14,-94.7889251708984,48.1556283354368,15.9375
"259",2000-09-15,-89.9324569702148,48.1556283354368,15.9375
"260",2000-09-16,-85.0052261352539,48.1556283354368,15.9375
"261",2000-09-17,-87.3371047973633,48.1556283354368,15.9375
"262",2000-09-18,-97.7982940673828,48.1556283354368,15.9375
"263",2000-09-19,-90.648078918457,48.1556283354368,15.9375
"264",2000-09-20,-81.9761428833008,48.1556283354368,15.9375
"265",2000-09-21,-102.98265838623,48.1556283354368,15.9375
"266",2000-09-22,-106.446105957031,48.1556283354368,15.9375
"267",2000-09-23,-110.810913085938,48.1556283354368,15.9375
"268",2000-09-24,-113.552726745605,48.1556283354368,15.9375
"269",2000-09-25,-96.7024688720703,48.1556283354368,15.9375
"270",2000-09-26,-90.0792617797852,48.1556283354368,15.9375
"271",2000-09-27,-94.4802093505859,48.1556283354368,15.9375
"272",2000-09-28,-90.145866394043,48.1556283354368,15.9375
"273",2000-09-29,-84.5146942138672,48.1556283354368,15.9375
"274",2000-09-30,-95.0862350463867,48.1556283354368,15.9375
"275",2000-10-01,-129.82958984375,48.1556283354368,15.9375
"276",2000-10-02,-109.443359375,48.1556283354368,15.9375
"277",2000-10-03,-118.912422180176,48.1556283354368,15.9375
"278",2000-10-04,-86.3364334106445,48.1556283354368,15.9375
"279",2000-10-05,-102.75212097168,48.1556283354368,15.9375
"280",2000-10-06,-132.480529785156,48.1556283354368,15.9375
"281",2000-10-07,-116.097427368164,48.1556283354368,15.9375
"282",2000-10-08,-103.485054016113,48.1556283354368,15.9375
"283",2000-10-09,-110.524726867676,48.1556283354368,15.9375
"284",2000-10-10,-113.423385620117,48.1556283354368,15.9375
"285",2000-10-11,-93.0937957763672,48.1556283354368,15.9375
"286",2000-10-12,-84.9502639770508,48.1556283354368,15.9375
"287",2000-10-13,-77.1063995361328,48.1556283354368,15.9375
"288",2000-10-14,-77.1030426025391,48.1556283354368,15.9375
"289",2000-10-15,-81.2914581298828,48.1556283354368,15.9375
"290",2000-10-16,-90.5530242919922,48.1556283354368,15.9375
"291",2000-10-17,-112.053367614746,48.1556283354368,15.9375
"292",2000-10-18,-131.948272705078,48.1556283354368,15.9375
"293",2000-10-19,-121.028678894043,48.1556283354368,15.9375
"294",2000-10-20,-102.524345397949,48.1556283354368,15.9375
"295",2000-10-21,-99.1756134033203,48.1556283354368,15.9375
"296",2000-10-22,-96.248420715332,48.1556283354368,15.9375
"297",2000-10-23,-94.486442565918,48.1556283354368,15.9375
"298",2000-10-24,-89.6457214355469,48.1556283354368,15.9375
"299",2000-10-25,-88.3071975708008,48.1556283354368,15.9375
"300",2000-10-26,-86.9803924560547,48.1556283354368,15.9375
"301",2000-10-27,-99.6742477416992,48.1556283354368,15.9375
"302",2000-10-28,-95.7782745361328,48.1556283354368,15.9375
"303",2000-10-29,-85.9453430175781,48.1556283354368,15.9375
"304",2000-10-30,-84.6867828369141,48.1556283354368,15.9375
"305",2000-10-31,-87.5347213745117,48.1556283354368,15.9375
"306",2000-11-01,-139.838088989258,48.1556283354368,15.9375
"307",2000-11-02,-88.6244659423828,48.1556283354368,15.9375
"308",2000-11-03,-102.967735290527,48.1556283354368,15.9375
"309",2000-11-04,-106.012771606445,48.1556283354368,15.9375
"310",2000-11-05,-104.282379150391,48.1556283354368,15.9375
"311",2000-11-06,-93.1184997558594,48.1556283354368,15.9375
"312",2000-11-07,-115.337898254395,48.1556283354368,15.9375
"313",2000-11-08,-125.034934997559,48.1556283354368,15.9375
"314",2000-11-09,-99.0541534423828,48.1556283354368,15.9375
"315",2000-11-10,-92.6116180419922,48.1556283354368,15.9375
"316",2000-11-11,-91.8604278564453,48.1556283354368,15.9375
"317",2000-11-12,-83.1317443847656,48.1556283354368,15.9375
"318",2000-11-13,-76.355224609375,48.1556283354368,15.9375
"319",2000-11-14,-77.1775283813477,48.1556283354368,15.9375
"320",2000-11-15,-95.7878265380859,48.1556283354368,15.9375
"321",2000-11-16,-114.685409545898,48.1556283354368,15.9375
"322",2000-11-17,-86.268196105957,48.1556283354368,15.9375
"323",2000-11-18,-94.8643417358398,48.1556283354368,15.9375
"324",2000-11-19,-91.6032028198242,48.1556283354368,15.9375
"325",2000-11-20,-110.147834777832,48.1556283354368,15.9375
"326",2000-11-21,-149.204437255859,48.1556283354368,15.9375
"327",2000-11-22,-142.306762695312,48.1556283354368,15.9375
"328",2000-11-23,-111.25057220459,48.1556283354368,15.9375
"329",2000-11-24,-102.560989379883,48.1556283354368,15.9375
"330",2000-11-25,-119.609222412109,48.1556283354368,15.9375
"331",2000-11-26,-140.775726318359,48.1556283354368,15.9375
"332",2000-11-27,-101.467666625977,48.1556283354368,15.9375
"333",2000-11-28,-92.4718856811523,48.1556283354368,15.9375
"334",2000-11-29,-86.1655578613281,48.1556283354368,15.9375
"335",2000-11-30,-82.1159286499023,48.1556283354368,15.9375
"336",2000-12-01,-91.8265228271484,48.1556283354368,15.9375
"337",2000-12-02,-89.5184326171875,48.1556283354368,15.9375
"338",2000-12-03,-85.8709335327148,48.1556283354368,15.9375
"339",2000-12-04,-88.3709259033203,48.1556283354368,15.9375
"340",2000-12-05,-97.9266662597656,48.1556283354368,15.9375
"341",2000-12-06,-102.785514831543,48.1556283354368,15.9375
"342",2000-12-07,-105.789505004883,48.1556283354368,15.9375
"343",2000-12-08,-93.803337097168,48.1556283354368,15.9375
"344",2000-12-09,-80.323112487793,48.1556283354368,15.9375
"345",2000-12-10,-96.6025161743164,48.1556283354368,15.9375
"346",2000-12-11,-101.486801147461,48.1556283354368,15.9375
"347",2000-12-12,-95.0010681152344,48.1556283354368,15.9375
"348",2000-12-13,-92.9280776977539,48.1556283354368,15.9375
"349",2000-12-14,-87.6775131225586,48.1556283354368,15.9375
"350",2000-12-15,-89.737434387207,48.1556283354368,15.9375
"351",2000-12-16,-100.372581481934,48.1556283354368,15.9375
"352",2000-12-17,-108.117004394531,48.1556283354368,15.9375
"353",2000-12-18,-107.484321594238,48.1556283354368,15.9375
"354",2000-12-19,-100.887336730957,48.1556283354368,15.9375
"355",2000-12-20,-127.649566650391,48.1556283354368,15.9375
"356",2000-12-21,-138.863433837891,48.1556283354368,15.9375
"357",2000-12-22,-134.662979125977,48.1556283354368,15.9375
"358",2000-12-23,-113.616165161133,48.1556283354368,15.9375
"359",2000-12-24,-98.75537109375,48.1556283354368,15.9375
"360",2000-12-25,-105.127548217773,48.1556283354368,15.9375
"361",2000-12-26,-117.1640625,48.1556283354368,15.9375
"362",2000-12-27,-143.006103515625,48.1556283354368,15.9375
"363",2000-12-28,-180.982437133789,48.1556283354368,15.9375
"364",2000-12-29,-153.308212280273,48.1556283354368,15.9375
"365",2000-12-30,-154.065872192383,48.1556283354368,15.9375
"366",2000-12-31,-119.904914855957,48.1556283354368,15.9375
"367",2001-01-01,-136.019821166992,48.1556283354368,15.9375
"368",2001-01-02,-92.0974960327148,48.1556283354368,15.9375
"369",2001-01-03,-92.5675582885742,48.1556283354368,15.9375
"370",2001-01-04,-122.426078796387,48.1556283354368,15.9375
"371",2001-01-05,-116.436584472656,48.1556283354368,15.9375
"372",2001-01-06,-89.5408554077148,48.1556283354368,15.9375
"373",2001-01-07,-93.1786651611328,48.1556283354368,15.9375
"374",2001-01-08,-150.983947753906,48.1556283354368,15.9375
"375",2001-01-09,-129.031005859375,48.1556283354368,15.9375
"376",2001-01-10,-91.0302658081055,48.1556283354368,15.9375
"377",2001-01-11,-84.9660873413086,48.1556283354368,15.9375
"378",2001-01-12,-98.9215698242188,48.1556283354368,15.9375
"379",2001-01-13,-126.176109313965,48.1556283354368,15.9375
"380",2001-01-14,-151.610046386719,48.1556283354368,15.9375
"381",2001-01-15,-146.820755004883,48.1556283354368,15.9375
"382",2001-01-16,-133.698120117188,48.1556283354368,15.9375
"383",2001-01-17,-110.620796203613,48.1556283354368,15.9375
"384",2001-01-18,-106.699378967285,48.1556283354368,15.9375
"385",2001-01-19,-104.798011779785,48.1556283354368,15.9375
"386",2001-01-20,-118.128280639648,48.1556283354368,15.9375
"387",2001-01-21,-133.25651550293,48.1556283354368,15.9375
"388",2001-01-22,-110.300765991211,48.1556283354368,15.9375
"389",2001-01-23,-97.16064453125,48.1556283354368,15.9375
"390",2001-01-24,-87.64599609375,48.1556283354368,15.9375
"391",2001-01-25,-93.6766967773438,48.1556283354368,15.9375
"392",2001-01-26,-84.1353302001953,48.1556283354368,15.9375
"393",2001-01-27,-99.9650115966797,48.1556283354368,15.9375
"394",2001-01-28,-128.138702392578,48.1556283354368,15.9375
"395",2001-01-29,-136.115524291992,48.1556283354368,15.9375
"396",2001-01-30,-152.596008300781,48.1556283354368,15.9375
"397",2001-01-31,-142.306838989258,48.1556283354368,15.9375
"398",2001-02-01,-139.574005126953,48.1556283354368,15.9375
"399",2001-02-02,-134.889633178711,48.1556283354368,15.9375
"400",2001-02-03,-101.962760925293,48.1556283354368,15.9375
"401",2001-02-04,-107.029693603516,48.1556283354368,15.9375
"402",2001-02-05,-101.602752685547,48.1556283354368,15.9375
"403",2001-02-06,-97.5133590698242,48.1556283354368,15.9375
"404",2001-02-07,-93.9553833007812,48.1556283354368,15.9375
"405",2001-02-08,-89.2098388671875,48.1556283354368,15.9375
"406",2001-02-09,-90.151481628418,48.1556283354368,15.9375
"407",2001-02-10,-125.732917785645,48.1556283354368,15.9375
"408",2001-02-11,-113.22452545166,48.1556283354368,15.9375
"409",2001-02-12,-97.6022338867188,48.1556283354368,15.9375
"410",2001-02-13,-105.621299743652,48.1556283354368,15.9375
"411",2001-02-14,-125.454261779785,48.1556283354368,15.9375
"412",2001-02-15,-115.478645324707,48.1556283354368,15.9375
"413",2001-02-16,-99.9409866333008,48.1556283354368,15.9375
"414",2001-02-17,-103.61589050293,48.1556283354368,15.9375
"415",2001-02-18,-109.691802978516,48.1556283354368,15.9375
"416",2001-02-19,-105.926048278809,48.1556283354368,15.9375
"417",2001-02-20,-105.473808288574,48.1556283354368,15.9375
"418",2001-02-21,-104.065063476562,48.1556283354368,15.9375
"419",2001-02-22,-112.96753692627,48.1556283354368,15.9375
"420",2001-02-23,-119.659797668457,48.1556283354368,15.9375
"421",2001-02-24,-128.260177612305,48.1556283354368,15.9375
"422",2001-02-25,-123.149215698242,48.1556283354368,15.9375
"423",2001-02-26,-133.774337768555,48.1556283354368,15.9375
"424",2001-02-27,-123.63582611084,48.1556283354368,15.9375
"425",2001-02-28,-131.60400390625,48.1556283354368,15.9375
"426",2001-03-01,-128.286346435547,48.1556283354368,15.9375
"427",2001-03-02,-129.369644165039,48.1556283354368,15.9375
"428",2001-03-03,-96.304328918457,48.1556283354368,15.9375
"429",2001-03-04,-95.6052932739258,48.1556283354368,15.9375
"430",2001-03-05,-99.608283996582,48.1556283354368,15.9375
"431",2001-03-06,-128.42155456543,48.1556283354368,15.9375
"432",2001-03-07,-122.470405578613,48.1556283354368,15.9375
"433",2001-03-08,-100.695281982422,48.1556283354368,15.9375
"434",2001-03-09,-112.525596618652,48.1556283354368,15.9375
"435",2001-03-10,-99.8845901489258,48.1556283354368,15.9375
"436",2001-03-11,-98.1382827758789,48.1556283354368,15.9375
"437",2001-03-12,-91.0599822998047,48.1556283354368,15.9375
"438",2001-03-13,-134.108627319336,48.1556283354368,15.9375
"439",2001-03-14,-89.2689361572266,48.1556283354368,15.9375
"440",2001-03-15,-89.6353149414062,48.1556283354368,15.9375
"441",2001-03-16,-87.4334182739258,48.1556283354368,15.9375
"442",2001-03-17,-89.4886779785156,48.1556283354368,15.9375
"443",2001-03-18,-114.261177062988,48.1556283354368,15.9375
"444",2001-03-19,-91.3149719238281,48.1556283354368,15.9375
"445",2001-03-20,-98.8948593139648,48.1556283354368,15.9375
"446",2001-03-21,-91.48681640625,48.1556283354368,15.9375
"447",2001-03-22,-96.1291656494141,48.1556283354368,15.9375
"448",2001-03-23,-114.851982116699,48.1556283354368,15.9375
"449",2001-03-24,-85.0588912963867,48.1556283354368,15.9375
"450",2001-03-25,-86.9610824584961,48.1556283354368,15.9375
"451",2001-03-26,-108.931114196777,48.1556283354368,15.9375
"452",2001-03-27,-116.347412109375,48.1556283354368,15.9375
"453",2001-03-28,-121.657295227051,48.1556283354368,15.9375
"454",2001-03-29,-106.263206481934,48.1556283354368,15.9375
"455",2001-03-30,-98.4025421142578,48.1556283354368,15.9375
"456",2001-03-31,-109.283210754395,48.1556283354368,15.9375
"457",2001-04-01,-116.330490112305,48.1556283354368,15.9375
"458",2001-04-02,-97.3197402954102,48.1556283354368,15.9375
"459",2001-04-03,-77.3308639526367,48.1556283354368,15.9375
"460",2001-04-04,-78.9594421386719,48.1556283354368,15.9375
"461",2001-04-05,-128.382415771484,48.1556283354368,15.9375
"462",2001-04-06,-102.050468444824,48.1556283354368,15.9375
"463",2001-04-07,-100.56324005127,48.1556283354368,15.9375
"464",2001-04-08,-155.423461914062,48.1556283354368,15.9375
"465",2001-04-09,-104.143249511719,48.1556283354368,15.9375
"466",2001-04-10,-93.3640823364258,48.1556283354368,15.9375
"467",2001-04-11,-129.892822265625,48.1556283354368,15.9375
"468",2001-04-12,-126.582359313965,48.1556283354368,15.9375
"469",2001-04-13,-106.113899230957,48.1556283354368,15.9375
"470",2001-04-14,-134.411254882812,48.1556283354368,15.9375
"471",2001-04-15,-107.44896697998,48.1556283354368,15.9375
"472",2001-04-16,-120.006706237793,48.1556283354368,15.9375
"473",2001-04-17,-141.606460571289,48.1556283354368,15.9375
"474",2001-04-18,-120.753799438477,48.1556283354368,15.9375
"475",2001-04-19,-96.3916244506836,48.1556283354368,15.9375
"476",2001-04-20,-105.334114074707,48.1556283354368,15.9375
"477",2001-04-21,-103.970077514648,48.1556283354368,15.9375
"478",2001-04-22,-102.391143798828,48.1556283354368,15.9375
"479",2001-04-23,-113.27433013916,48.1556283354368,15.9375
"480",2001-04-24,-102.156112670898,48.1556283354368,15.9375
"481",2001-04-25,-99.2644653320312,48.1556283354368,15.9375
"482",2001-04-26,-103.075492858887,48.1556283354368,15.9375
"483",2001-04-27,-97.5100173950195,48.1556283354368,15.9375
"484",2001-04-28,-83.900520324707,48.1556283354368,15.9375
"485",2001-04-29,-81.9360427856445,48.1556283354368,15.9375
"486",2001-04-30,-79.5418167114258,48.1556283354368,15.9375
"487",2001-05-01,-101.072280883789,48.1556283354368,15.9375
"488",2001-05-02,-110.441986083984,48.1556283354368,15.9375
"489",2001-05-03,-117.723831176758,48.1556283354368,15.9375
"490",2001-05-04,-120.91236114502,48.1556283354368,15.9375
"491",2001-05-05,-96.8406448364258,48.1556283354368,15.9375
"492",2001-05-06,-105.844291687012,48.1556283354368,15.9375
"493",2001-05-07,-126.503646850586,48.1556283354368,15.9375
"494",2001-05-08,-121.359710693359,48.1556283354368,15.9375
"495",2001-05-09,-116.008506774902,48.1556283354368,15.9375
"496",2001-05-10,-94.2748031616211,48.1556283354368,15.9375
"497",2001-05-11,-89.2987747192383,48.1556283354368,15.9375
"498",2001-05-12,-102.01587677002,48.1556283354368,15.9375
"499",2001-05-13,-97.6159896850586,48.1556283354368,15.9375
"500",2001-05-14,-85.5526504516602,48.1556283354368,15.9375
"501",2001-05-15,-85.0881195068359,48.1556283354368,15.9375
"502",2001-05-16,-78.7667007446289,48.1556283354368,15.9375
"503",2001-05-17,-76.7870025634766,48.1556283354368,15.9375
"504",2001-05-18,-87.6938781738281,48.1556283354368,15.9375
"505",2001-05-19,-104.858947753906,48.1556283354368,15.9375
"506",2001-05-20,-107.612854003906,48.1556283354368,15.9375
"507",2001-05-21,-95.0472869873047,48.1556283354368,15.9375
"508",2001-05-22,-91.5120849609375,48.1556283354368,15.9375
"509",2001-05-23,-88.0970230102539,48.1556283354368,15.9375
"510",2001-05-24,-89.388786315918,48.1556283354368,15.9375
"511",2001-05-25,-84.9258270263672,48.1556283354368,15.9375
"512",2001-05-26,-99.4944686889648,48.1556283354368,15.9375
"513",2001-05-27,-88.1277618408203,48.1556283354368,15.9375
"514",2001-05-28,-88.3000259399414,48.1556283354368,15.9375
"515",2001-05-29,-84.5768203735352,48.1556283354368,15.9375
"516",2001-05-30,-82.1044769287109,48.1556283354368,15.9375
"517",2001-05-31,-82.6278686523438,48.1556283354368,15.9375
"518",2001-06-01,-83.4743270874023,48.1556283354368,15.9375
"519",2001-06-02,-104.356246948242,48.1556283354368,15.9375
"520",2001-06-03,-143.600982666016,48.1556283354368,15.9375
"521",2001-06-04,-104.461402893066,48.1556283354368,15.9375
"522",2001-06-05,-86.8677139282227,48.1556283354368,15.9375
"523",2001-06-06,-81.780387878418,48.1556283354368,15.9375
"524",2001-06-07,-88.2465591430664,48.1556283354368,15.9375
"525",2001-06-08,-81.8135757446289,48.1556283354368,15.9375
"526",2001-06-09,-78.8807067871094,48.1556283354368,15.9375
"527",2001-06-10,-74.9323959350586,48.1556283354368,15.9375
"528",2001-06-11,-94.8436050415039,48.1556283354368,15.9375
"529",2001-06-12,-102.608863830566,48.1556283354368,15.9375
"530",2001-06-13,-84.8169631958008,48.1556283354368,15.9375
"531",2001-06-14,-103.03246307373,48.1556283354368,15.9375
"532",2001-06-15,-101.716934204102,48.1556283354368,15.9375
"533",2001-06-16,-80.3356399536133,48.1556283354368,15.9375
"534",2001-06-17,-86.1846694946289,48.1556283354368,15.9375
"535",2001-06-18,-131.233093261719,48.1556283354368,15.9375
"536",2001-06-19,-109.533905029297,48.1556283354368,15.9375
"537",2001-06-20,-101.04573059082,48.1556283354368,15.9375
"538",2001-06-21,-89.162971496582,48.1556283354368,15.9375
"539",2001-06-22,-83.5048675537109,48.1556283354368,15.9375
"540",2001-06-23,-84.9333038330078,48.1556283354368,15.9375
"541",2001-06-24,-82.6346740722656,48.1556283354368,15.9375
"542",2001-06-25,-82.5922698974609,48.1556283354368,15.9375
"543",2001-06-26,-85.9142150878906,48.1556283354368,15.9375
"544",2001-06-27,-84.3107376098633,48.1556283354368,15.9375
"545",2001-06-28,-82.9803619384766,48.1556283354368,15.9375
"546",2001-06-29,-93.680549621582,48.1556283354368,15.9375
"547",2001-06-30,-85.5698623657227,48.1556283354368,15.9375
"548",2001-07-01,-94.7414245605469,48.1556283354368,15.9375
"549",2001-07-02,-92.2190399169922,48.1556283354368,15.9375
"550",2001-07-03,-87.3454437255859,48.1556283354368,15.9375
"551",2001-07-04,-94.3632431030273,48.1556283354368,15.9375
"552",2001-07-05,-87.7512664794922,48.1556283354368,15.9375
"553",2001-07-06,-79.7490310668945,48.1556283354368,15.9375
"554",2001-07-07,-77.5243453979492,48.1556283354368,15.9375
"555",2001-07-08,-96.7328491210938,48.1556283354368,15.9375
"556",2001-07-09,-107.372138977051,48.1556283354368,15.9375
"557",2001-07-10,-117.106964111328,48.1556283354368,15.9375
"558",2001-07-11,-101.523277282715,48.1556283354368,15.9375
"559",2001-07-12,-95.021598815918,48.1556283354368,15.9375
"560",2001-07-13,-89.2341537475586,48.1556283354368,15.9375
"561",2001-07-14,-89.6733779907227,48.1556283354368,15.9375
"562",2001-07-15,-87.1903686523438,48.1556283354368,15.9375
"563",2001-07-16,-92.910041809082,48.1556283354368,15.9375
"564",2001-07-17,-116.644439697266,48.1556283354368,15.9375
"565",2001-07-18,-99.1437149047852,48.1556283354368,15.9375
"566",2001-07-19,-88.4910430908203,48.1556283354368,15.9375
"567",2001-07-20,-128.335556030273,48.1556283354368,15.9375
"568",2001-07-21,-103.518127441406,48.1556283354368,15.9375
"569",2001-07-22,-89.2324981689453,48.1556283354368,15.9375
"570",2001-07-23,-87.4553909301758,48.1556283354368,15.9375
"571",2001-07-24,-101.794738769531,48.1556283354368,15.9375
"572",2001-07-25,-105.262252807617,48.1556283354368,15.9375
"573",2001-07-26,-98.1019515991211,48.1556283354368,15.9375
"574",2001-07-27,-93.2181701660156,48.1556283354368,15.9375
"575",2001-07-28,-91.3969802856445,48.1556283354368,15.9375
"576",2001-07-29,-92.5185546875,48.1556283354368,15.9375
"577",2001-07-30,-90.2105560302734,48.1556283354368,15.9375
"578",2001-07-31,-89.7420349121094,48.1556283354368,15.9375
"579",2001-08-01,-87.7763061523438,48.1556283354368,15.9375
"580",2001-08-02,-88.1382064819336,48.1556283354368,15.9375
"581",2001-08-03,-88.0511703491211,48.1556283354368,15.9375
"582",2001-08-04,-96.8223114013672,48.1556283354368,15.9375
"583",2001-08-05,-85.5691146850586,48.1556283354368,15.9375
"584",2001-08-06,-94.9078826904297,48.1556283354368,15.9375
"585",2001-08-07,-91.8782196044922,48.1556283354368,15.9375
"586",2001-08-08,-89.4281158447266,48.1556283354368,15.9375
"587",2001-08-09,-83.4423370361328,48.1556283354368,15.9375
"588",2001-08-10,-90.0037155151367,48.1556283354368,15.9375
"589",2001-08-11,-116.135101318359,48.1556283354368,15.9375
"590",2001-08-12,-111.941856384277,48.1556283354368,15.9375
"591",2001-08-13,-99.0364761352539,48.1556283354368,15.9375
"592",2001-08-14,-94.6090087890625,48.1556283354368,15.9375
"593",2001-08-15,-95.0797119140625,48.1556283354368,15.9375
"594",2001-08-16,-96.4129638671875,48.1556283354368,15.9375
"595",2001-08-17,-86.5276260375977,48.1556283354368,15.9375
"596",2001-08-18,-89.5150527954102,48.1556283354368,15.9375
"597",2001-08-19,-90.0762329101562,48.1556283354368,15.9375
"598",2001-08-20,-89.0595321655273,48.1556283354368,15.9375
"599",2001-08-21,-105.861366271973,48.1556283354368,15.9375
"600",2001-08-22,-111.409637451172,48.1556283354368,15.9375
"601",2001-08-23,-97.7999420166016,48.1556283354368,15.9375
"602",2001-08-24,-108.265319824219,48.1556283354368,15.9375
"603",2001-08-25,-110.526298522949,48.1556283354368,15.9375
"604",2001-08-26,-101.05248260498,48.1556283354368,15.9375
"605",2001-08-27,-101.329696655273,48.1556283354368,15.9375
"606",2001-08-28,-103.386039733887,48.1556283354368,15.9375
"607",2001-08-29,-90.5158157348633,48.1556283354368,15.9375
"608",2001-08-30,-109.915679931641,48.1556283354368,15.9375
"609",2001-08-31,-98.9950790405273,48.1556283354368,15.9375
"610",2001-09-01,-128.535827636719,48.1556283354368,15.9375
"611",2001-09-02,-120.643905639648,48.1556283354368,15.9375
"612",2001-09-03,-93.2194442749023,48.1556283354368,15.9375
"613",2001-09-04,-100.401954650879,48.1556283354368,15.9375
"614",2001-09-05,-145.845291137695,48.1556283354368,15.9375
"615",2001-09-06,-106.51668548584,48.1556283354368,15.9375
"616",2001-09-07,-118.518455505371,48.1556283354368,15.9375
"617",2001-09-08,-101.252235412598,48.1556283354368,15.9375
"618",2001-09-09,-112.230575561523,48.1556283354368,15.9375
"619",2001-09-10,-116.4296875,48.1556283354368,15.9375
"620",2001-09-11,-111.490219116211,48.1556283354368,15.9375
"621",2001-09-12,-110.88948059082,48.1556283354368,15.9375
"622",2001-09-13,-109.335914611816,48.1556283354368,15.9375
"623",2001-09-14,-101.252449035645,48.1556283354368,15.9375
"624",2001-09-15,-128.500747680664,48.1556283354368,15.9375
"625",2001-09-16,-137.219375610352,48.1556283354368,15.9375
"626",2001-09-17,-132.29264831543,48.1556283354368,15.9375
"627",2001-09-18,-153.442962646484,48.1556283354368,15.9375
"628",2001-09-19,-127.666358947754,48.1556283354368,15.9375
"629",2001-09-20,-95.9026260375977,48.1556283354368,15.9375
"630",2001-09-21,-85.2804107666016,48.1556283354368,15.9375
"631",2001-09-22,-83.2954788208008,48.1556283354368,15.9375
"632",2001-09-23,-76.7902297973633,48.1556283354368,15.9375
"633",2001-09-24,-85.0465621948242,48.1556283354368,15.9375
"634",2001-09-25,-120.292404174805,48.1556283354368,15.9375
"635",2001-09-26,-151.43701171875,48.1556283354368,15.9375
"636",2001-09-27,-109.77124786377,48.1556283354368,15.9375
"637",2001-09-28,-97.221549987793,48.1556283354368,15.9375
"638",2001-09-29,-92.49072265625,48.1556283354368,15.9375
"639",2001-09-30,-82.9126358032227,48.1556283354368,15.9375
"640",2001-10-01,-101.11597442627,48.1556283354368,15.9375
"641",2001-10-02,-93.2861557006836,48.1556283354368,15.9375
"642",2001-10-03,-89.7410888671875,48.1556283354368,15.9375
"643",2001-10-04,-84.2375106811523,48.1556283354368,15.9375
"644",2001-10-05,-88.4380340576172,48.1556283354368,15.9375
"645",2001-10-06,-85.695442199707,48.1556283354368,15.9375
"646",2001-10-07,-80.9498901367188,48.1556283354368,15.9375
"647",2001-10-08,-78.6501235961914,48.1556283354368,15.9375
"648",2001-10-09,-85.1867599487305,48.1556283354368,15.9375
"649",2001-10-10,-82.3134002685547,48.1556283354368,15.9375
"650",2001-10-11,-82.8323669433594,48.1556283354368,15.9375
"651",2001-10-12,-83.6613845825195,48.1556283354368,15.9375
"652",2001-10-13,-82.9333343505859,48.1556283354368,15.9375
"653",2001-10-14,-85.4572601318359,48.1556283354368,15.9375
"654",2001-10-15,-84.8572540283203,48.1556283354368,15.9375
"655",2001-10-16,-83.922966003418,48.1556283354368,15.9375
"656",2001-10-17,-85.2924118041992,48.1556283354368,15.9375
"657",2001-10-18,-83.5251693725586,48.1556283354368,15.9375
"658",2001-10-19,-81.0420684814453,48.1556283354368,15.9375
"659",2001-10-20,-80.4105911254883,48.1556283354368,15.9375
"660",2001-10-21,-83.8289337158203,48.1556283354368,15.9375
"661",2001-10-22,-100.325660705566,48.1556283354368,15.9375
"662",2001-10-23,-94.2229232788086,48.1556283354368,15.9375
"663",2001-10-24,-98.6038208007812,48.1556283354368,15.9375
"664",2001-10-25,-119.126518249512,48.1556283354368,15.9375
"665",2001-10-26,-132.957992553711,48.1556283354368,15.9375
"666",2001-10-27,-110.11491394043,48.1556283354368,15.9375
"667",2001-10-28,-97.0759201049805,48.1556283354368,15.9375
"668",2001-10-29,-86.9329223632812,48.1556283354368,15.9375
"669",2001-10-30,-84.6619873046875,48.1556283354368,15.9375
"670",2001-10-31,-83.6440963745117,48.1556283354368,15.9375
"671",2001-11-01,-99.1094970703125,48.1556283354368,15.9375
"672",2001-11-02,-100.135314941406,48.1556283354368,15.9375
"673",2001-11-03,-95.8696212768555,48.1556283354368,15.9375
"674",2001-11-04,-89.4655303955078,48.1556283354368,15.9375
"675",2001-11-05,-86.7460784912109,48.1556283354368,15.9375
"676",2001-11-06,-86.3657379150391,48.1556283354368,15.9375
"677",2001-11-07,-95.2660827636719,48.1556283354368,15.9375
"678",2001-11-08,-105.17512512207,48.1556283354368,15.9375
"679",2001-11-09,-151.569198608398,48.1556283354368,15.9375
"680",2001-11-10,-122.334846496582,48.1556283354368,15.9375
"681",2001-11-11,-105.299270629883,48.1556283354368,15.9375
"682",2001-11-12,-102.11937713623,48.1556283354368,15.9375
"683",2001-11-13,-115.070739746094,48.1556283354368,15.9375
"684",2001-11-14,-133.982727050781,48.1556283354368,15.9375
"685",2001-11-15,-112.511268615723,48.1556283354368,15.9375
"686",2001-11-16,-99.0006790161133,48.1556283354368,15.9375
"687",2001-11-17,-102.437065124512,48.1556283354368,15.9375
"688",2001-11-18,-93.0256423950195,48.1556283354368,15.9375
"689",2001-11-19,-102.187683105469,48.1556283354368,15.9375
"690",2001-11-20,-111.063659667969,48.1556283354368,15.9375
"691",2001-11-21,-108.225486755371,48.1556283354368,15.9375
"692",2001-11-22,-102.014305114746,48.1556283354368,15.9375
"693",2001-11-23,-110.176177978516,48.1556283354368,15.9375
"694",2001-11-24,-108.199645996094,48.1556283354368,15.9375
"695",2001-11-25,-110.01114654541,48.1556283354368,15.9375
"696",2001-11-26,-107.239059448242,48.1556283354368,15.9375
"697",2001-11-27,-110.052337646484,48.1556283354368,15.9375
"698",2001-11-28,-130.397842407227,48.1556283354368,15.9375
"699",2001-11-29,-104.327697753906,48.1556283354368,15.9375
"700",2001-11-30,-111.13501739502,48.1556283354368,15.9375
"701",2001-12-01,-158.064437866211,48.1556283354368,15.9375
"702",2001-12-02,-140.257293701172,48.1556283354368,15.9375
"703",2001-12-03,-129.934539794922,48.1556283354368,15.9375
"704",2001-12-04,-139.181793212891,48.1556283354368,15.9375
"705",2001-12-05,-119.404731750488,48.1556283354368,15.9375
"706",2001-12-06,-111.834671020508,48.1556283354368,15.9375
"707",2001-12-07,-138.876968383789,48.1556283354368,15.9375
"708",2001-12-08,-132.426055908203,48.1556283354368,15.9375
"709",2001-12-09,-126.098655700684,48.1556283354368,15.9375
"710",2001-12-10,-123.101776123047,48.1556283354368,15.9375
"711",2001-12-11,-128.830505371094,48.1556283354368,15.9375
"712",2001-12-12,-131.854965209961,48.1556283354368,15.9375
"713",2001-12-13,-150.521392822266,48.1556283354368,15.9375
"714",2001-12-14,-168.399597167969,48.1556283354368,15.9375
"715",2001-12-15,-153.509384155273,48.1556283354368,15.9375
"716",2001-12-16,-143.350524902344,48.1556283354368,15.9375
"717",2001-12-17,-121.300819396973,48.1556283354368,15.9375
"718",2001-12-18,-129.669845581055,48.1556283354368,15.9375
"719",2001-12-19,-113.331970214844,48.1556283354368,15.9375
"720",2001-12-20,-115.408493041992,48.1556283354368,15.9375
"721",2001-12-21,-130.284820556641,48.1556283354368,15.9375
"722",2001-12-22,-98.3926086425781,48.1556283354368,15.9375
"723",2001-12-23,-125.901084899902,48.1556283354368,15.9375
"724",2001-12-24,-135.435821533203,48.1556283354368,15.9375
"725",2001-12-25,-103.039070129395,48.1556283354368,15.9375
"726",2001-12-26,-114.913269042969,48.1556283354368,15.9375
"727",2001-12-27,-138.351409912109,48.1556283354368,15.9375
"728",2001-12-28,-99.768928527832,48.1556283354368,15.9375
"729",2001-12-29,-96.697509765625,48.1556283354368,15.9375
"730",2001-12-30,-118.70938873291,48.1556283354368,15.9375
"731",2001-12-31,-117.552642822266,48.1556283354368,15.9375
"732",2002-01-01,-107.75121307373,48.1556283354368,15.9375
"733",2002-01-02,-102.138710021973,48.1556283354368,15.9375
"734",2002-01-03,-116.611572265625,48.1556283354368,15.9375
"735",2002-01-04,-117.850860595703,48.1556283354368,15.9375
"736",2002-01-05,-101.821762084961,48.1556283354368,15.9375
"737",2002-01-06,-99.1129455566406,48.1556283354368,15.9375
"738",2002-01-07,-111.155097961426,48.1556283354368,15.9375
"739",2002-01-08,-119.722389221191,48.1556283354368,15.9375
"740",2002-01-09,-117.044883728027,48.1556283354368,15.9375
"741",2002-01-10,-111.95654296875,48.1556283354368,15.9375
"742",2002-01-11,-111.888320922852,48.1556283354368,15.9375
"743",2002-01-12,-105.427932739258,48.1556283354368,15.9375
"744",2002-01-13,-118.911087036133,48.1556283354368,15.9375
"745",2002-01-14,-150.948150634766,48.1556283354368,15.9375
"746",2002-01-15,-153.920623779297,48.1556283354368,15.9375
"747",2002-01-16,-145.238662719727,48.1556283354368,15.9375
"748",2002-01-17,-142.51545715332,48.1556283354368,15.9375
"749",2002-01-18,-148.760467529297,48.1556283354368,15.9375
"750",2002-01-19,-117.793174743652,48.1556283354368,15.9375
"751",2002-01-20,-104.252296447754,48.1556283354368,15.9375
"752",2002-01-21,-98.09521484375,48.1556283354368,15.9375
"753",2002-01-22,-93.0566253662109,48.1556283354368,15.9375
"754",2002-01-23,-88.0829925537109,48.1556283354368,15.9375
"755",2002-01-24,-114.570373535156,48.1556283354368,15.9375
"756",2002-01-25,-138.920440673828,48.1556283354368,15.9375
"757",2002-01-26,-109.478591918945,48.1556283354368,15.9375
"758",2002-01-27,-97.8571243286133,48.1556283354368,15.9375
"759",2002-01-28,-118.618881225586,48.1556283354368,15.9375
"760",2002-01-29,-101.419281005859,48.1556283354368,15.9375
"761",2002-01-30,-97.1698837280273,48.1556283354368,15.9375
"762",2002-01-31,-98.8261108398438,48.1556283354368,15.9375
"763",2002-02-01,-96.0854034423828,48.1556283354368,15.9375
"764",2002-02-02,-115.066604614258,48.1556283354368,15.9375
"765",2002-02-03,-112.362594604492,48.1556283354368,15.9375
"766",2002-02-04,-109.013381958008,48.1556283354368,15.9375
"767",2002-02-05,-98.502197265625,48.1556283354368,15.9375
"768",2002-02-06,-94.57763671875,48.1556283354368,15.9375
"769",2002-02-07,-111.544281005859,48.1556283354368,15.9375
"770",2002-02-08,-115.444946289062,48.1556283354368,15.9375
"771",2002-02-09,-98.706413269043,48.1556283354368,15.9375
"772",2002-02-10,-97.468017578125,48.1556283354368,15.9375
"773",2002-02-11,-90.9326248168945,48.1556283354368,15.9375
"774",2002-02-12,-93.9387512207031,48.1556283354368,15.9375
"775",2002-02-13,-97.3450469970703,48.1556283354368,15.9375
"776",2002-02-14,-101.343597412109,48.1556283354368,15.9375
"777",2002-02-15,-118.263526916504,48.1556283354368,15.9375
"778",2002-02-16,-97.5247497558594,48.1556283354368,15.9375
"779",2002-02-17,-103.3828125,48.1556283354368,15.9375
"780",2002-02-18,-94.746955871582,48.1556283354368,15.9375
"781",2002-02-19,-105.081359863281,48.1556283354368,15.9375
"782",2002-02-20,-100.020378112793,48.1556283354368,15.9375
"783",2002-02-21,-139.542755126953,48.1556283354368,15.9375
"784",2002-02-22,-135.13703918457,48.1556283354368,15.9375
"785",2002-02-23,-96.743278503418,48.1556283354368,15.9375
"786",2002-02-24,-104.656440734863,48.1556283354368,15.9375
"787",2002-02-25,-88.2636260986328,48.1556283354368,15.9375
"788",2002-02-26,-92.6686630249023,48.1556283354368,15.9375
"789",2002-02-27,-88.9895629882812,48.1556283354368,15.9375
"790",2002-02-28,-92.2821044921875,48.1556283354368,15.9375
"791",2002-03-01,-97.9463577270508,48.1556283354368,15.9375
"792",2002-03-02,-86.5317077636719,48.1556283354368,15.9375
"793",2002-03-03,-101.340431213379,48.1556283354368,15.9375
"794",2002-03-04,-103.279510498047,48.1556283354368,15.9375
"795",2002-03-05,-91.7898101806641,48.1556283354368,15.9375
"796",2002-03-06,-87.6680450439453,48.1556283354368,15.9375
"797",2002-03-07,-96.7054748535156,48.1556283354368,15.9375
"798",2002-03-08,-105.958984375,48.1556283354368,15.9375
"799",2002-03-09,-90.8885192871094,48.1556283354368,15.9375
"800",2002-03-10,-104.041954040527,48.1556283354368,15.9375
"801",2002-03-11,-105.53670501709,48.1556283354368,15.9375
"802",2002-03-12,-100.096794128418,48.1556283354368,15.9375
"803",2002-03-13,-96.5339508056641,48.1556283354368,15.9375
"804",2002-03-14,-85.7003479003906,48.1556283354368,15.9375
"805",2002-03-15,-89.7632369995117,48.1556283354368,15.9375
"806",2002-03-16,-94.8618698120117,48.1556283354368,15.9375
"807",2002-03-17,-102.511878967285,48.1556283354368,15.9375
"808",2002-03-18,-99.7435836791992,48.1556283354368,15.9375
"809",2002-03-19,-94.0373458862305,48.1556283354368,15.9375
"810",2002-03-20,-136.068832397461,48.1556283354368,15.9375
"811",2002-03-21,-121.451362609863,48.1556283354368,15.9375
"812",2002-03-22,-132.047805786133,48.1556283354368,15.9375
"813",2002-03-23,-137.508239746094,48.1556283354368,15.9375
"814",2002-03-24,-168.242202758789,48.1556283354368,15.9375
"815",2002-03-25,-145.660751342773,48.1556283354368,15.9375
"816",2002-03-26,-139.425933837891,48.1556283354368,15.9375
"817",2002-03-27,-150.583526611328,48.1556283354368,15.9375
"818",2002-03-28,-128.929534912109,48.1556283354368,15.9375
"819",2002-03-29,-114.401191711426,48.1556283354368,15.9375
"820",2002-03-30,-106.290473937988,48.1556283354368,15.9375
"821",2002-03-31,-108.703170776367,48.1556283354368,15.9375
"822",2002-04-01,-104.820892333984,48.1556283354368,15.9375
"823",2002-04-02,-110.02970123291,48.1556283354368,15.9375
"824",2002-04-03,-108.517433166504,48.1556283354368,15.9375
"825",2002-04-04,-123.28197479248,48.1556283354368,15.9375
"826",2002-04-05,-129.339309692383,48.1556283354368,15.9375
"827",2002-04-06,-97.7080917358398,48.1556283354368,15.9375
"828",2002-04-07,-111.705825805664,48.1556283354368,15.9375
"829",2002-04-08,-130.482635498047,48.1556283354368,15.9375
"830",2002-04-09,-163.763397216797,48.1556283354368,15.9375
"831",2002-04-10,-146.796081542969,48.1556283354368,15.9375
"832",2002-04-11,-119.20858001709,48.1556283354368,15.9375
"833",2002-04-12,-92.4748916625977,48.1556283354368,15.9375
"834",2002-04-13,-86.8685150146484,48.1556283354368,15.9375
"835",2002-04-14,-110.168426513672,48.1556283354368,15.9375
"836",2002-04-15,-121.376235961914,48.1556283354368,15.9375
"837",2002-04-16,-120.444107055664,48.1556283354368,15.9375
"838",2002-04-17,-138.240249633789,48.1556283354368,15.9375
"839",2002-04-18,-120.466156005859,48.1556283354368,15.9375
"840",2002-04-19,-117.741134643555,48.1556283354368,15.9375
"841",2002-04-20,-139.595336914062,48.1556283354368,15.9375
"842",2002-04-21,-129.797302246094,48.1556283354368,15.9375
"843",2002-04-22,-129.490081787109,48.1556283354368,15.9375
"844",2002-04-23,-122.974822998047,48.1556283354368,15.9375
"845",2002-04-24,-98.5432205200195,48.1556283354368,15.9375
"846",2002-04-25,-97.866584777832,48.1556283354368,15.9375
"847",2002-04-26,-87.8235244750977,48.1556283354368,15.9375
"848",2002-04-27,-141.998870849609,48.1556283354368,15.9375
"849",2002-04-28,-113.972290039062,48.1556283354368,15.9375
"850",2002-04-29,-83.4548568725586,48.1556283354368,15.9375
"851",2002-04-30,-79.1399002075195,48.1556283354368,15.9375
"852",2002-05-01,-82.7716445922852,48.1556283354368,15.9375
"853",2002-05-02,-76.8122787475586,48.1556283354368,15.9375
"854",2002-05-03,-76.6143112182617,48.1556283354368,15.9375
"855",2002-05-04,-85.9636611938477,48.1556283354368,15.9375
"856",2002-05-05,-97.3177642822266,48.1556283354368,15.9375
"857",2002-05-06,-95.9753952026367,48.1556283354368,15.9375
"858",2002-05-07,-82.3471755981445,48.1556283354368,15.9375
"859",2002-05-08,-81.3937225341797,48.1556283354368,15.9375
"860",2002-05-09,-82.2393035888672,48.1556283354368,15.9375
"861",2002-05-10,-88.5405349731445,48.1556283354368,15.9375
"862",2002-05-11,-97.6627349853516,48.1556283354368,15.9375
"863",2002-05-12,-105.681076049805,48.1556283354368,15.9375
"864",2002-05-13,-102.546722412109,48.1556283354368,15.9375
"865",2002-05-14,-85.3670425415039,48.1556283354368,15.9375
"866",2002-05-15,-99.9613342285156,48.1556283354368,15.9375
"867",2002-05-16,-92.5421295166016,48.1556283354368,15.9375
"868",2002-05-17,-85.7627182006836,48.1556283354368,15.9375
"869",2002-05-18,-80.7339401245117,48.1556283354368,15.9375
"870",2002-05-19,-86.5094604492188,48.1556283354368,15.9375
"871",2002-05-20,-117.373138427734,48.1556283354368,15.9375
"872",2002-05-21,-112.321014404297,48.1556283354368,15.9375
"873",2002-05-22,-89.7113876342773,48.1556283354368,15.9375
"874",2002-05-23,-79.3421173095703,48.1556283354368,15.9375
"875",2002-05-24,-81.0562744140625,48.1556283354368,15.9375
"876",2002-05-25,-80.3137283325195,48.1556283354368,15.9375
"877",2002-05-26,-87.0857849121094,48.1556283354368,15.9375
"878",2002-05-27,-92.1708755493164,48.1556283354368,15.9375
"879",2002-05-28,-117.364562988281,48.1556283354368,15.9375
"880",2002-05-29,-98.7982559204102,48.1556283354368,15.9375
"881",2002-05-30,-89.4311904907227,48.1556283354368,15.9375
"882",2002-05-31,-77.178466796875,48.1556283354368,15.9375
"883",2002-06-01,-77.9396820068359,48.1556283354368,15.9375
"884",2002-06-02,-81.0785369873047,48.1556283354368,15.9375
"885",2002-06-03,-82.0153121948242,48.1556283354368,15.9375
"886",2002-06-04,-92.1692886352539,48.1556283354368,15.9375
"887",2002-06-05,-78.0943908691406,48.1556283354368,15.9375
"888",2002-06-06,-84.554573059082,48.1556283354368,15.9375
"889",2002-06-07,-129.743225097656,48.1556283354368,15.9375
"890",2002-06-08,-101.321342468262,48.1556283354368,15.9375
"891",2002-06-09,-86.7807159423828,48.1556283354368,15.9375
"892",2002-06-10,-127.679710388184,48.1556283354368,15.9375
"893",2002-06-11,-87.2155151367188,48.1556283354368,15.9375
"894",2002-06-12,-83.4077758789062,48.1556283354368,15.9375
"895",2002-06-13,-82.1470642089844,48.1556283354368,15.9375
"896",2002-06-14,-82.5943908691406,48.1556283354368,15.9375
"897",2002-06-15,-82.7997512817383,48.1556283354368,15.9375
"898",2002-06-16,-87.7827072143555,48.1556283354368,15.9375
"899",2002-06-17,-102.044883728027,48.1556283354368,15.9375
"900",2002-06-18,-94.034538269043,48.1556283354368,15.9375
"901",2002-06-19,-89.9324111938477,48.1556283354368,15.9375
"902",2002-06-20,-89.6147003173828,48.1556283354368,15.9375
"903",2002-06-21,-88.4852142333984,48.1556283354368,15.9375
"904",2002-06-22,-91.3098678588867,48.1556283354368,15.9375
"905",2002-06-23,-96.8873672485352,48.1556283354368,15.9375
"906",2002-06-24,-95.9543533325195,48.1556283354368,15.9375
"907",2002-06-25,-93.9700622558594,48.1556283354368,15.9375
"908",2002-06-26,-90.1589736938477,48.1556283354368,15.9375
"909",2002-06-27,-82.6170349121094,48.1556283354368,15.9375
"910",2002-06-28,-87.297248840332,48.1556283354368,15.9375
"911",2002-06-29,-104.358367919922,48.1556283354368,15.9375
"912",2002-06-30,-96.8962860107422,48.1556283354368,15.9375
"913",2002-07-01,-86.5776748657227,48.1556283354368,15.9375
"914",2002-07-02,-78.5548553466797,48.1556283354368,15.9375
"915",2002-07-03,-76.28564453125,48.1556283354368,15.9375
"916",2002-07-04,-103.459884643555,48.1556283354368,15.9375
"917",2002-07-05,-128.73112487793,48.1556283354368,15.9375
"918",2002-07-06,-112.793128967285,48.1556283354368,15.9375
"919",2002-07-07,-118.389144897461,48.1556283354368,15.9375
"920",2002-07-08,-111.973731994629,48.1556283354368,15.9375
"921",2002-07-09,-104.034797668457,48.1556283354368,15.9375
"922",2002-07-10,-109.787948608398,48.1556283354368,15.9375
"923",2002-07-11,-101.55574798584,48.1556283354368,15.9375
"924",2002-07-12,-125.471015930176,48.1556283354368,15.9375
"925",2002-07-13,-104.358581542969,48.1556283354368,15.9375
"926",2002-07-14,-101.167190551758,48.1556283354368,15.9375
"927",2002-07-15,-102.005424499512,48.1556283354368,15.9375
"928",2002-07-16,-93.598258972168,48.1556283354368,15.9375
"929",2002-07-17,-114.253227233887,48.1556283354368,15.9375
"930",2002-07-18,-128.22233581543,48.1556283354368,15.9375
"931",2002-07-19,-113.380760192871,48.1556283354368,15.9375
"932",2002-07-20,-102.555061340332,48.1556283354368,15.9375
"933",2002-07-21,-83.1923217773438,48.1556283354368,15.9375
"934",2002-07-22,-92.7926483154297,48.1556283354368,15.9375
"935",2002-07-23,-106.72240447998,48.1556283354368,15.9375
"936",2002-07-24,-98.6934967041016,48.1556283354368,15.9375
"937",2002-07-25,-117.991195678711,48.1556283354368,15.9375
"938",2002-07-26,-132.671829223633,48.1556283354368,15.9375
"939",2002-07-27,-124.198577880859,48.1556283354368,15.9375
"940",2002-07-28,-104.924575805664,48.1556283354368,15.9375
"941",2002-07-29,-108.182121276855,48.1556283354368,15.9375
"942",2002-07-30,-110.877792358398,48.1556283354368,15.9375
"943",2002-07-31,-110.876037597656,48.1556283354368,15.9375
"944",2002-08-01,-101.889144897461,48.1556283354368,15.9375
"945",2002-08-02,-89.1300048828125,48.1556283354368,15.9375
"946",2002-08-03,-89.9838256835938,48.1556283354368,15.9375
"947",2002-08-04,-85.1470184326172,48.1556283354368,15.9375
"948",2002-08-05,-90.7522430419922,48.1556283354368,15.9375
"949",2002-08-06,-90.6161270141602,48.1556283354368,15.9375
"950",2002-08-07,-105.655914306641,48.1556283354368,15.9375
"951",2002-08-08,-109.996795654297,48.1556283354368,15.9375
"952",2002-08-09,-122.860916137695,48.1556283354368,15.9375
"953",2002-08-10,-106.635711669922,48.1556283354368,15.9375
"954",2002-08-11,-152.296112060547,48.1556283354368,15.9375
"955",2002-08-12,-126.809959411621,48.1556283354368,15.9375
"956",2002-08-13,-99.4180450439453,48.1556283354368,15.9375
"957",2002-08-14,-99.2391510009766,48.1556283354368,15.9375
"958",2002-08-15,-101.043029785156,48.1556283354368,15.9375
"959",2002-08-16,-97.347785949707,48.1556283354368,15.9375
"960",2002-08-17,-93.1978225708008,48.1556283354368,15.9375
"961",2002-08-18,-93.3128356933594,48.1556283354368,15.9375
"962",2002-08-19,-97.9839401245117,48.1556283354368,15.9375
"963",2002-08-20,-101.779243469238,48.1556283354368,15.9375
"964",2002-08-21,-117.203063964844,48.1556283354368,15.9375
"965",2002-08-22,-111.508110046387,48.1556283354368,15.9375
"966",2002-08-23,-100.047592163086,48.1556283354368,15.9375
"967",2002-08-24,-97.5357284545898,48.1556283354368,15.9375
"968",2002-08-25,-100.652404785156,48.1556283354368,15.9375
"969",2002-08-26,-98.2493667602539,48.1556283354368,15.9375
"970",2002-08-27,-88.4359741210938,48.1556283354368,15.9375
"971",2002-08-28,-89.1389007568359,48.1556283354368,15.9375
"972",2002-08-29,-99.3038787841797,48.1556283354368,15.9375
"973",2002-08-30,-101.899772644043,48.1556283354368,15.9375
"974",2002-08-31,-96.1777114868164,48.1556283354368,15.9375
"975",2002-09-01,-92.8324737548828,48.1556283354368,15.9375
"976",2002-09-02,-100.369651794434,48.1556283354368,15.9375
"977",2002-09-03,-106.300018310547,48.1556283354368,15.9375
"978",2002-09-04,-101.467575073242,48.1556283354368,15.9375
"979",2002-09-05,-97.8571319580078,48.1556283354368,15.9375
"980",2002-09-06,-114.734565734863,48.1556283354368,15.9375
"981",2002-09-07,-108.922637939453,48.1556283354368,15.9375
"982",2002-09-08,-118.000946044922,48.1556283354368,15.9375
"983",2002-09-09,-109.097282409668,48.1556283354368,15.9375
"984",2002-09-10,-100.074485778809,48.1556283354368,15.9375
"985",2002-09-11,-121.283630371094,48.1556283354368,15.9375
"986",2002-09-12,-112.126708984375,48.1556283354368,15.9375
"987",2002-09-13,-105.393836975098,48.1556283354368,15.9375
"988",2002-09-14,-105.275573730469,48.1556283354368,15.9375
"989",2002-09-15,-95.261604309082,48.1556283354368,15.9375
"990",2002-09-16,-108.845657348633,48.1556283354368,15.9375
"991",2002-09-17,-99.8827667236328,48.1556283354368,15.9375
"992",2002-09-18,-89.1619720458984,48.1556283354368,15.9375
"993",2002-09-19,-85.9516143798828,48.1556283354368,15.9375
"994",2002-09-20,-87.4380874633789,48.1556283354368,15.9375
"995",2002-09-21,-86.337043762207,48.1556283354368,15.9375
"996",2002-09-22,-126.262596130371,48.1556283354368,15.9375
"997",2002-09-23,-145.932510375977,48.1556283354368,15.9375
"998",2002-09-24,-142.650527954102,48.1556283354368,15.9375
"999",2002-09-25,-148.850036621094,48.1556283354368,15.9375
"1000",2002-09-26,-131.043746948242,48.1556283354368,15.9375
"1001",2002-09-27,-146.583343505859,48.1556283354368,15.9375
"1002",2002-09-28,-132.290313720703,48.1556283354368,15.9375
"1003",2002-09-29,-121.276107788086,48.1556283354368,15.9375
"1004",2002-09-30,-107.258644104004,48.1556283354368,15.9375
"1005",2002-10-01,-101.737617492676,48.1556283354368,15.9375
"1006",2002-10-02,-94.2184219360352,48.1556283354368,15.9375
"1007",2002-10-03,-86.517463684082,48.1556283354368,15.9375
"1008",2002-10-04,-88.7774047851562,48.1556283354368,15.9375
"1009",2002-10-05,-112.581237792969,48.1556283354368,15.9375
"1010",2002-10-06,-135.816650390625,48.1556283354368,15.9375
"1011",2002-10-07,-133.618606567383,48.1556283354368,15.9375
"1012",2002-10-08,-113.115493774414,48.1556283354368,15.9375
"1013",2002-10-09,-106.569366455078,48.1556283354368,15.9375
"1014",2002-10-10,-85.8472290039062,48.1556283354368,15.9375
"1015",2002-10-11,-83.2761459350586,48.1556283354368,15.9375
"1016",2002-10-12,-109.22371673584,48.1556283354368,15.9375
"1017",2002-10-13,-141.434310913086,48.1556283354368,15.9375
"1018",2002-10-14,-108.610931396484,48.1556283354368,15.9375
"1019",2002-10-15,-97.6856307983398,48.1556283354368,15.9375
"1020",2002-10-16,-81.7141036987305,48.1556283354368,15.9375
"1021",2002-10-17,-80.2651062011719,48.1556283354368,15.9375
"1022",2002-10-18,-104.334327697754,48.1556283354368,15.9375
"1023",2002-10-19,-102.562515258789,48.1556283354368,15.9375
"1024",2002-10-20,-107.198867797852,48.1556283354368,15.9375
"1025",2002-10-21,-84.5513305664062,48.1556283354368,15.9375
"1026",2002-10-22,-82.6183700561523,48.1556283354368,15.9375
"1027",2002-10-23,-86.3503494262695,48.1556283354368,15.9375
"1028",2002-10-24,-135.538269042969,48.1556283354368,15.9375
"1029",2002-10-25,-103.570556640625,48.1556283354368,15.9375
"1030",2002-10-26,-90.5866394042969,48.1556283354368,15.9375
"1031",2002-10-27,-85.6391296386719,48.1556283354368,15.9375
"1032",2002-10-28,-87.7881698608398,48.1556283354368,15.9375
"1033",2002-10-29,-84.7386703491211,48.1556283354368,15.9375
"1034",2002-10-30,-79.5097579956055,48.1556283354368,15.9375
"1035",2002-10-31,-80.8792419433594,48.1556283354368,15.9375
"1036",2002-11-01,-80.6171646118164,48.1556283354368,15.9375
"1037",2002-11-02,-81.1615905761719,48.1556283354368,15.9375
"1038",2002-11-03,-90.1866226196289,48.1556283354368,15.9375
"1039",2002-11-04,-106.699035644531,48.1556283354368,15.9375
"1040",2002-11-05,-125.282447814941,48.1556283354368,15.9375
"1041",2002-11-06,-131.091949462891,48.1556283354368,15.9375
"1042",2002-11-07,-132.457565307617,48.1556283354368,15.9375
"1043",2002-11-08,-131.155487060547,48.1556283354368,15.9375
"1044",2002-11-09,-124.264610290527,48.1556283354368,15.9375
"1045",2002-11-10,-114.762023925781,48.1556283354368,15.9375
"1046",2002-11-11,-107.282379150391,48.1556283354368,15.9375
"1047",2002-11-12,-118.251754760742,48.1556283354368,15.9375
"1048",2002-11-13,-95.2579956054688,48.1556283354368,15.9375
"1049",2002-11-14,-83.0955505371094,48.1556283354368,15.9375
"1050",2002-11-15,-84.8834457397461,48.1556283354368,15.9375
"1051",2002-11-16,-94.103874206543,48.1556283354368,15.9375
"1052",2002-11-17,-118.510147094727,48.1556283354368,15.9375
"1053",2002-11-18,-105.315238952637,48.1556283354368,15.9375
"1054",2002-11-19,-101.547424316406,48.1556283354368,15.9375
"1055",2002-11-20,-87.348762512207,48.1556283354368,15.9375
"1056",2002-11-21,-90.9365921020508,48.1556283354368,15.9375
"1057",2002-11-22,-127.202583312988,48.1556283354368,15.9375
"1058",2002-11-23,-102.714111328125,48.1556283354368,15.9375
"1059",2002-11-24,-79.8119735717773,48.1556283354368,15.9375
"1060",2002-11-25,-78.2522201538086,48.1556283354368,15.9375
"1061",2002-11-26,-77.2702560424805,48.1556283354368,15.9375
"1062",2002-11-27,-75.7339172363281,48.1556283354368,15.9375
"1063",2002-11-28,-90.8943099975586,48.1556283354368,15.9375
"1064",2002-11-29,-95.8269882202148,48.1556283354368,15.9375
"1065",2002-11-30,-121.455627441406,48.1556283354368,15.9375
"1066",2002-12-01,-111.032325744629,48.1556283354368,15.9375
"1067",2002-12-02,-144.996459960938,48.1556283354368,15.9375
"1068",2002-12-03,-130.134475708008,48.1556283354368,15.9375
"1069",2002-12-04,-134.253067016602,48.1556283354368,15.9375
"1070",2002-12-05,-150.720077514648,48.1556283354368,15.9375
"1071",2002-12-06,-144.331878662109,48.1556283354368,15.9375
"1072",2002-12-07,-148.666519165039,48.1556283354368,15.9375
"1073",2002-12-08,-134.47087097168,48.1556283354368,15.9375
"1074",2002-12-09,-130.0341796875,48.1556283354368,15.9375
"1075",2002-12-10,-116.541877746582,48.1556283354368,15.9375
"1076",2002-12-11,-115.092704772949,48.1556283354368,15.9375
"1077",2002-12-12,-109.714714050293,48.1556283354368,15.9375
"1078",2002-12-13,-134.957855224609,48.1556283354368,15.9375
"1079",2002-12-14,-130.038101196289,48.1556283354368,15.9375
"1080",2002-12-15,-122.784469604492,48.1556283354368,15.9375
"1081",2002-12-16,-115.1982421875,48.1556283354368,15.9375
"1082",2002-12-17,-113.356498718262,48.1556283354368,15.9375
"1083",2002-12-18,-149.174194335938,48.1556283354368,15.9375
"1084",2002-12-19,-150.085708618164,48.1556283354368,15.9375
"1085",2002-12-20,-116.985420227051,48.1556283354368,15.9375
"1086",2002-12-21,-106.999382019043,48.1556283354368,15.9375
"1087",2002-12-22,-109.292266845703,48.1556283354368,15.9375
"1088",2002-12-23,-107.798942565918,48.1556283354368,15.9375
"1089",2002-12-24,-126.534317016602,48.1556283354368,15.9375
"1090",2002-12-25,-107.811668395996,48.1556283354368,15.9375
"1091",2002-12-26,-111.585266113281,48.1556283354368,15.9375
"1092",2002-12-27,-116.429023742676,48.1556283354368,15.9375
"1093",2002-12-28,-108.270545959473,48.1556283354368,15.9375
"1094",2002-12-29,-109.658157348633,48.1556283354368,15.9375
"1095",2002-12-30,-99.2438354492188,48.1556283354368,15.9375
"1096",2002-12-31,-142.833389282227,48.1556283354368,15.9375
"1097",2003-01-01,-109.64608001709,48.1556283354368,15.9375
"1098",2003-01-02,-100.559417724609,48.1556283354368,15.9375
"1099",2003-01-03,-104.190887451172,48.1556283354368,15.9375
"1100",2003-01-04,-101.525856018066,48.1556283354368,15.9375
"1101",2003-01-05,-145.509506225586,48.1556283354368,15.9375
"1102",2003-01-06,-136.471313476562,48.1556283354368,15.9375
"1103",2003-01-07,-161.428207397461,48.1556283354368,15.9375
"1104",2003-01-08,-145.096710205078,48.1556283354368,15.9375
"1105",2003-01-09,-164.192535400391,48.1556283354368,15.9375
"1106",2003-01-10,-156.137283325195,48.1556283354368,15.9375
"1107",2003-01-11,-139.772537231445,48.1556283354368,15.9375
"1108",2003-01-12,-121.964981079102,48.1556283354368,15.9375
"1109",2003-01-13,-107.907783508301,48.1556283354368,15.9375
"1110",2003-01-14,-108.088760375977,48.1556283354368,15.9375
"1111",2003-01-15,-113.136833190918,48.1556283354368,15.9375
"1112",2003-01-16,-104.665985107422,48.1556283354368,15.9375
"1113",2003-01-17,-114.065284729004,48.1556283354368,15.9375
"1114",2003-01-18,-114.589691162109,48.1556283354368,15.9375
"1115",2003-01-19,-116.504280090332,48.1556283354368,15.9375
"1116",2003-01-20,-113.212615966797,48.1556283354368,15.9375
"1117",2003-01-21,-109.195526123047,48.1556283354368,15.9375
"1118",2003-01-22,-136.407958984375,48.1556283354368,15.9375
"1119",2003-01-23,-124.559120178223,48.1556283354368,15.9375
"1120",2003-01-24,-134.436111450195,48.1556283354368,15.9375
"1121",2003-01-25,-163.244781494141,48.1556283354368,15.9375
"1122",2003-01-26,-141.453033447266,48.1556283354368,15.9375
"1123",2003-01-27,-105.155097961426,48.1556283354368,15.9375
"1124",2003-01-28,-119.401527404785,48.1556283354368,15.9375
"1125",2003-01-29,-102.949729919434,48.1556283354368,15.9375
"1126",2003-01-30,-129.999496459961,48.1556283354368,15.9375
"1127",2003-01-31,-146.632476806641,48.1556283354368,15.9375
"1128",2003-02-01,-149.219436645508,48.1556283354368,15.9375
"1129",2003-02-02,-141.174377441406,48.1556283354368,15.9375
"1130",2003-02-03,-108.831687927246,48.1556283354368,15.9375
"1131",2003-02-04,-124.682800292969,48.1556283354368,15.9375
"1132",2003-02-05,-122.138702392578,48.1556283354368,15.9375
"1133",2003-02-06,-118.414405822754,48.1556283354368,15.9375
"1134",2003-02-07,-107.095695495605,48.1556283354368,15.9375
"1135",2003-02-08,-107.998016357422,48.1556283354368,15.9375
"1136",2003-02-09,-143.884063720703,48.1556283354368,15.9375
"1137",2003-02-10,-146.619644165039,48.1556283354368,15.9375
"1138",2003-02-11,-148.302383422852,48.1556283354368,15.9375
"1139",2003-02-12,-170.694610595703,48.1556283354368,15.9375
"1140",2003-02-13,-167.831665039062,48.1556283354368,15.9375
"1141",2003-02-14,-152.150238037109,48.1556283354368,15.9375
"1142",2003-02-15,-135.651580810547,48.1556283354368,15.9375
"1143",2003-02-16,-164.991744995117,48.1556283354368,15.9375
"1144",2003-02-17,-163.532531738281,48.1556283354368,15.9375
"1145",2003-02-18,-135.187042236328,48.1556283354368,15.9375
"1146",2003-02-19,-138.382751464844,48.1556283354368,15.9375
"1147",2003-02-20,-118.412956237793,48.1556283354368,15.9375
"1148",2003-02-21,-129.759155273438,48.1556283354368,15.9375
"1149",2003-02-22,-142.467666625977,48.1556283354368,15.9375
"1150",2003-02-23,-137.580978393555,48.1556283354368,15.9375
"1151",2003-02-24,-106.423126220703,48.1556283354368,15.9375
"1152",2003-02-25,-98.8062591552734,48.1556283354368,15.9375
"1153",2003-02-26,-99.8896560668945,48.1556283354368,15.9375
"1154",2003-02-27,-94.2250137329102,48.1556283354368,15.9375
"1155",2003-02-28,-97.6849670410156,48.1556283354368,15.9375
"1156",2003-03-01,-110.711204528809,48.1556283354368,15.9375
"1157",2003-03-02,-117.936981201172,48.1556283354368,15.9375
"1158",2003-03-03,-164.521636962891,48.1556283354368,15.9375
"1159",2003-03-04,-142.484939575195,48.1556283354368,15.9375
"1160",2003-03-05,-126.844329833984,48.1556283354368,15.9375
"1161",2003-03-06,-121.440689086914,48.1556283354368,15.9375
"1162",2003-03-07,-148.231582641602,48.1556283354368,15.9375
"1163",2003-03-08,-120.900840759277,48.1556283354368,15.9375
"1164",2003-03-09,-102.830604553223,48.1556283354368,15.9375
"1165",2003-03-10,-100.281898498535,48.1556283354368,15.9375
"1166",2003-03-11,-101.061401367188,48.1556283354368,15.9375
"1167",2003-03-12,-94.7380599975586,48.1556283354368,15.9375
"1168",2003-03-13,-117.50951385498,48.1556283354368,15.9375
"1169",2003-03-14,-116.494567871094,48.1556283354368,15.9375
"1170",2003-03-15,-159.674880981445,48.1556283354368,15.9375
"1171",2003-03-16,-141.655715942383,48.1556283354368,15.9375
"1172",2003-03-17,-113.943580627441,48.1556283354368,15.9375
"1173",2003-03-18,-110.332305908203,48.1556283354368,15.9375
"1174",2003-03-19,-110.699966430664,48.1556283354368,15.9375
"1175",2003-03-20,-103.457778930664,48.1556283354368,15.9375
"1176",2003-03-21,-117.186195373535,48.1556283354368,15.9375
"1177",2003-03-22,-101.077621459961,48.1556283354368,15.9375
"1178",2003-03-23,-100.435211181641,48.1556283354368,15.9375
"1179",2003-03-24,-89.7014923095703,48.1556283354368,15.9375
"1180",2003-03-25,-87.4184036254883,48.1556283354368,15.9375
"1181",2003-03-26,-86.8476943969727,48.1556283354368,15.9375
"1182",2003-03-27,-87.3454742431641,48.1556283354368,15.9375
"1183",2003-03-28,-92.5122146606445,48.1556283354368,15.9375
"1184",2003-03-29,-93.9805221557617,48.1556283354368,15.9375
"1185",2003-03-30,-91.2849884033203,48.1556283354368,15.9375
"1186",2003-03-31,-96.1250534057617,48.1556283354368,15.9375
"1187",2003-04-01,-115.645950317383,48.1556283354368,15.9375
"1188",2003-04-02,-132.922256469727,48.1556283354368,15.9375
"1189",2003-04-03,-153.470123291016,48.1556283354368,15.9375
"1190",2003-04-04,-119.790542602539,48.1556283354368,15.9375
"1191",2003-04-05,-108.600959777832,48.1556283354368,15.9375
"1192",2003-04-06,-96.2071762084961,48.1556283354368,15.9375
"1193",2003-04-07,-116.618446350098,48.1556283354368,15.9375
"1194",2003-04-08,-109.502388000488,48.1556283354368,15.9375
"1195",2003-04-09,-98.2137908935547,48.1556283354368,15.9375
"1196",2003-04-10,-107.663436889648,48.1556283354368,15.9375
"1197",2003-04-11,-127.189079284668,48.1556283354368,15.9375
"1198",2003-04-12,-131.164016723633,48.1556283354368,15.9375
"1199",2003-04-13,-135.324935913086,48.1556283354368,15.9375
"1200",2003-04-14,-109.007682800293,48.1556283354368,15.9375
"1201",2003-04-15,-104.444717407227,48.1556283354368,15.9375
"1202",2003-04-16,-99.0026702880859,48.1556283354368,15.9375
"1203",2003-04-17,-91.2987670898438,48.1556283354368,15.9375
"1204",2003-04-18,-95.803581237793,48.1556283354368,15.9375
"1205",2003-04-19,-96.0705718994141,48.1556283354368,15.9375
"1206",2003-04-20,-89.7539291381836,48.1556283354368,15.9375
"1207",2003-04-21,-84.3376083374023,48.1556283354368,15.9375
"1208",2003-04-22,-105.952209472656,48.1556283354368,15.9375
"1209",2003-04-23,-134.826171875,48.1556283354368,15.9375
"1210",2003-04-24,-115.749153137207,48.1556283354368,15.9375
"1211",2003-04-25,-111.003715515137,48.1556283354368,15.9375
"1212",2003-04-26,-93.5303955078125,48.1556283354368,15.9375
"1213",2003-04-27,-91.310661315918,48.1556283354368,15.9375
"1214",2003-04-28,-87.8161163330078,48.1556283354368,15.9375
"1215",2003-04-29,-87.2149429321289,48.1556283354368,15.9375
"1216",2003-04-30,-80.6058959960938,48.1556283354368,15.9375
"1217",2003-05-01,-82.3410415649414,48.1556283354368,15.9375
"1218",2003-05-02,-78.1185836791992,48.1556283354368,15.9375
"1219",2003-05-03,-85.250114440918,48.1556283354368,15.9375
"1220",2003-05-04,-99.5322341918945,48.1556283354368,15.9375
"1221",2003-05-05,-90.6779403686523,48.1556283354368,15.9375
"1222",2003-05-06,-92.0030822753906,48.1556283354368,15.9375
"1223",2003-05-07,-95.8997116088867,48.1556283354368,15.9375
"1224",2003-05-08,-84.8357315063477,48.1556283354368,15.9375
"1225",2003-05-09,-81.4099731445312,48.1556283354368,15.9375
"1226",2003-05-10,-84.6630554199219,48.1556283354368,15.9375
"1227",2003-05-11,-91.9446716308594,48.1556283354368,15.9375
"1228",2003-05-12,-96.8075790405273,48.1556283354368,15.9375
"1229",2003-05-13,-86.5666580200195,48.1556283354368,15.9375
"1230",2003-05-14,-95.8213348388672,48.1556283354368,15.9375
"1231",2003-05-15,-84.6875305175781,48.1556283354368,15.9375
"1232",2003-05-16,-81.8221588134766,48.1556283354368,15.9375
"1233",2003-05-17,-78.2247085571289,48.1556283354368,15.9375
"1234",2003-05-18,-79.5196685791016,48.1556283354368,15.9375
"1235",2003-05-19,-85.4066772460938,48.1556283354368,15.9375
"1236",2003-05-20,-105.750762939453,48.1556283354368,15.9375
"1237",2003-05-21,-126.87865447998,48.1556283354368,15.9375
"1238",2003-05-22,-95.1823654174805,48.1556283354368,15.9375
"1239",2003-05-23,-89.4333190917969,48.1556283354368,15.9375
"1240",2003-05-24,-89.8249435424805,48.1556283354368,15.9375
"1241",2003-05-25,-85.7885513305664,48.1556283354368,15.9375
"1242",2003-05-26,-87.8129043579102,48.1556283354368,15.9375
"1243",2003-05-27,-98.7450866699219,48.1556283354368,15.9375
"1244",2003-05-28,-102.553741455078,48.1556283354368,15.9375
"1245",2003-05-29,-100.444900512695,48.1556283354368,15.9375
"1246",2003-05-30,-89.0130767822266,48.1556283354368,15.9375
"1247",2003-05-31,-89.7705307006836,48.1556283354368,15.9375
"1248",2003-06-01,-92.1676177978516,48.1556283354368,15.9375
"1249",2003-06-02,-111.675018310547,48.1556283354368,15.9375
"1250",2003-06-03,-120.346824645996,48.1556283354368,15.9375
"1251",2003-06-04,-106.121681213379,48.1556283354368,15.9375
"1252",2003-06-05,-89.7733840942383,48.1556283354368,15.9375
"1253",2003-06-06,-93.8083572387695,48.1556283354368,15.9375
"1254",2003-06-07,-110.112884521484,48.1556283354368,15.9375
"1255",2003-06-08,-103.97095489502,48.1556283354368,15.9375
"1256",2003-06-09,-92.3701705932617,48.1556283354368,15.9375
"1257",2003-06-10,-97.9878616333008,48.1556283354368,15.9375
"1258",2003-06-11,-95.6805953979492,48.1556283354368,15.9375
"1259",2003-06-12,-92.0299453735352,48.1556283354368,15.9375
"1260",2003-06-13,-95.5775756835938,48.1556283354368,15.9375
"1261",2003-06-14,-98.05615234375,48.1556283354368,15.9375
"1262",2003-06-15,-97.6891021728516,48.1556283354368,15.9375
"1263",2003-06-16,-96.3377532958984,48.1556283354368,15.9375
"1264",2003-06-17,-80.6225509643555,48.1556283354368,15.9375
"1265",2003-06-18,-103.261817932129,48.1556283354368,15.9375
"1266",2003-06-19,-84.7361068725586,48.1556283354368,15.9375
"1267",2003-06-20,-79.8105239868164,48.1556283354368,15.9375
"1268",2003-06-21,-88.8403167724609,48.1556283354368,15.9375
"1269",2003-06-22,-79.638298034668,48.1556283354368,15.9375
"1270",2003-06-23,-76.8254776000977,48.1556283354368,15.9375
"1271",2003-06-24,-77.4287567138672,48.1556283354368,15.9375
"1272",2003-06-25,-77.8109893798828,48.1556283354368,15.9375
"1273",2003-06-26,-81.650520324707,48.1556283354368,15.9375
"1274",2003-06-27,-97.0285568237305,48.1556283354368,15.9375
"1275",2003-06-28,-98.6904144287109,48.1556283354368,15.9375
"1276",2003-06-29,-99.7171783447266,48.1556283354368,15.9375
"1277",2003-06-30,-82.3711395263672,48.1556283354368,15.9375
"1278",2003-07-01,-75.350944519043,48.1556283354368,15.9375
"1279",2003-07-02,-85.3687057495117,48.1556283354368,15.9375
"1280",2003-07-03,-98.2325210571289,48.1556283354368,15.9375
"1281",2003-07-04,-116.044364929199,48.1556283354368,15.9375
"1282",2003-07-05,-114.801773071289,48.1556283354368,15.9375
"1283",2003-07-06,-107.539413452148,48.1556283354368,15.9375
"1284",2003-07-07,-105.349617004395,48.1556283354368,15.9375
"1285",2003-07-08,-107.126121520996,48.1556283354368,15.9375
"1286",2003-07-09,-102.883079528809,48.1556283354368,15.9375
"1287",2003-07-10,-103.261703491211,48.1556283354368,15.9375
"1288",2003-07-11,-92.4770584106445,48.1556283354368,15.9375
"1289",2003-07-12,-90.1825637817383,48.1556283354368,15.9375
"1290",2003-07-13,-98.2851943969727,48.1556283354368,15.9375
"1291",2003-07-14,-86.2798767089844,48.1556283354368,15.9375
"1292",2003-07-15,-85.5251083374023,48.1556283354368,15.9375
"1293",2003-07-16,-80.353271484375,48.1556283354368,15.9375
"1294",2003-07-17,-79.2733535766602,48.1556283354368,15.9375
"1295",2003-07-18,-96.9011764526367,48.1556283354368,15.9375
"1296",2003-07-19,-82.8441467285156,48.1556283354368,15.9375
"1297",2003-07-20,-90.0192642211914,48.1556283354368,15.9375
"1298",2003-07-21,-91.2175445556641,48.1556283354368,15.9375
"1299",2003-07-22,-88.076774597168,48.1556283354368,15.9375
"1300",2003-07-23,-85.5295639038086,48.1556283354368,15.9375
"1301",2003-07-24,-96.1640548706055,48.1556283354368,15.9375
"1302",2003-07-25,-94.130729675293,48.1556283354368,15.9375
"1303",2003-07-26,-95.7629089355469,48.1556283354368,15.9375
"1304",2003-07-27,-94.6086578369141,48.1556283354368,15.9375
"1305",2003-07-28,-99.0031127929688,48.1556283354368,15.9375
"1306",2003-07-29,-112.920631408691,48.1556283354368,15.9375
"1307",2003-07-30,-100.396003723145,48.1556283354368,15.9375
"1308",2003-07-31,-102.385009765625,48.1556283354368,15.9375
"1309",2003-08-01,-99.7242889404297,48.1556283354368,15.9375
"1310",2003-08-02,-97.2237396240234,48.1556283354368,15.9375
"1311",2003-08-03,-104.496681213379,48.1556283354368,15.9375
"1312",2003-08-04,-98.811408996582,48.1556283354368,15.9375
"1313",2003-08-05,-95.1249084472656,48.1556283354368,15.9375
"1314",2003-08-06,-89.4610977172852,48.1556283354368,15.9375
"1315",2003-08-07,-83.5309143066406,48.1556283354368,15.9375
"1316",2003-08-08,-82.5345230102539,48.1556283354368,15.9375
"1317",2003-08-09,-86.8390960693359,48.1556283354368,15.9375
"1318",2003-08-10,-85.6425704956055,48.1556283354368,15.9375
"1319",2003-08-11,-88.5293731689453,48.1556283354368,15.9375
"1320",2003-08-12,-101.115005493164,48.1556283354368,15.9375
"1321",2003-08-13,-83.4189682006836,48.1556283354368,15.9375
"1322",2003-08-14,-85.1094360351562,48.1556283354368,15.9375
"1323",2003-08-15,-87.9110412597656,48.1556283354368,15.9375
"1324",2003-08-16,-90.4835662841797,48.1556283354368,15.9375
"1325",2003-08-17,-89.5937881469727,48.1556283354368,15.9375
"1326",2003-08-18,-85.6006088256836,48.1556283354368,15.9375
"1327",2003-08-19,-89.4926300048828,48.1556283354368,15.9375
"1328",2003-08-20,-96.4931335449219,48.1556283354368,15.9375
"1329",2003-08-21,-89.3087615966797,48.1556283354368,15.9375
"1330",2003-08-22,-105.861625671387,48.1556283354368,15.9375
"1331",2003-08-23,-94.5572662353516,48.1556283354368,15.9375
"1332",2003-08-24,-87.7201232910156,48.1556283354368,15.9375
"1333",2003-08-25,-87.7475280761719,48.1556283354368,15.9375
"1334",2003-08-26,-105.436111450195,48.1556283354368,15.9375
"1335",2003-08-27,-91.700813293457,48.1556283354368,15.9375
"1336",2003-08-28,-90.6439361572266,48.1556283354368,15.9375
"1337",2003-08-29,-79.0027313232422,48.1556283354368,15.9375
"1338",2003-08-30,-87.6968841552734,48.1556283354368,15.9375
"1339",2003-08-31,-102.595252990723,48.1556283354368,15.9375
"1340",2003-09-01,-111.429969787598,48.1556283354368,15.9375
"1341",2003-09-02,-95.8312301635742,48.1556283354368,15.9375
"1342",2003-09-03,-115.695457458496,48.1556283354368,15.9375
"1343",2003-09-04,-109.483627319336,48.1556283354368,15.9375
"1344",2003-09-05,-93.5537414550781,48.1556283354368,15.9375
"1345",2003-09-06,-98.220085144043,48.1556283354368,15.9375
"1346",2003-09-07,-100.029457092285,48.1556283354368,15.9375
"1347",2003-09-08,-88.8773498535156,48.1556283354368,15.9375
"1348",2003-09-09,-99.0547866821289,48.1556283354368,15.9375
"1349",2003-09-10,-119.188446044922,48.1556283354368,15.9375
"1350",2003-09-11,-92.4498977661133,48.1556283354368,15.9375
"1351",2003-09-12,-114.939437866211,48.1556283354368,15.9375
"1352",2003-09-13,-114.507743835449,48.1556283354368,15.9375
"1353",2003-09-14,-114.500213623047,48.1556283354368,15.9375
"1354",2003-09-15,-103.408409118652,48.1556283354368,15.9375
"1355",2003-09-16,-96.4607772827148,48.1556283354368,15.9375
"1356",2003-09-17,-92.2106704711914,48.1556283354368,15.9375
"1357",2003-09-18,-94.0483245849609,48.1556283354368,15.9375
"1358",2003-09-19,-96.7002868652344,48.1556283354368,15.9375
"1359",2003-09-20,-98.5616302490234,48.1556283354368,15.9375
"1360",2003-09-21,-100.338386535645,48.1556283354368,15.9375
"1361",2003-09-22,-98.7041473388672,48.1556283354368,15.9375
"1362",2003-09-23,-94.7614059448242,48.1556283354368,15.9375
"1363",2003-09-24,-115.294792175293,48.1556283354368,15.9375
"1364",2003-09-25,-94.4435043334961,48.1556283354368,15.9375
"1365",2003-09-26,-99.0465087890625,48.1556283354368,15.9375
"1366",2003-09-27,-83.4873123168945,48.1556283354368,15.9375
"1367",2003-09-28,-88.1139450073242,48.1556283354368,15.9375
"1368",2003-09-29,-118.238555908203,48.1556283354368,15.9375
"1369",2003-09-30,-102.093803405762,48.1556283354368,15.9375
"1370",2003-10-01,-92.0473251342773,48.1556283354368,15.9375
"1371",2003-10-02,-89.8261947631836,48.1556283354368,15.9375
"1372",2003-10-03,-86.5193099975586,48.1556283354368,15.9375
"1373",2003-10-04,-86.1433334350586,48.1556283354368,15.9375
"1374",2003-10-05,-130.453399658203,48.1556283354368,15.9375
"1375",2003-10-06,-142.292221069336,48.1556283354368,15.9375
"1376",2003-10-07,-91.5135879516602,48.1556283354368,15.9375
"1377",2003-10-08,-107.69108581543,48.1556283354368,15.9375
"1378",2003-10-09,-96.835090637207,48.1556283354368,15.9375
"1379",2003-10-10,-84.3356704711914,48.1556283354368,15.9375
"1380",2003-10-11,-84.2610244750977,48.1556283354368,15.9375
"1381",2003-10-12,-85.5914154052734,48.1556283354368,15.9375
"1382",2003-10-13,-93.7664413452148,48.1556283354368,15.9375
"1383",2003-10-14,-103.465751647949,48.1556283354368,15.9375
"1384",2003-10-15,-122.95393371582,48.1556283354368,15.9375
"1385",2003-10-16,-138.723236083984,48.1556283354368,15.9375
"1386",2003-10-17,-140.458908081055,48.1556283354368,15.9375
"1387",2003-10-18,-158.037612915039,48.1556283354368,15.9375
"1388",2003-10-19,-139.88117980957,48.1556283354368,15.9375
"1389",2003-10-20,-108.755165100098,48.1556283354368,15.9375
"1390",2003-10-21,-96.5255355834961,48.1556283354368,15.9375
"1391",2003-10-22,-111.965751647949,48.1556283354368,15.9375
"1392",2003-10-23,-119.059089660645,48.1556283354368,15.9375
"1393",2003-10-24,-145.957992553711,48.1556283354368,15.9375
"1394",2003-10-25,-135.611068725586,48.1556283354368,15.9375
"1395",2003-10-26,-118.404251098633,48.1556283354368,15.9375
"1396",2003-10-27,-116.72802734375,48.1556283354368,15.9375
"1397",2003-10-28,-139.232391357422,48.1556283354368,15.9375
"1398",2003-10-29,-115.961036682129,48.1556283354368,15.9375
"1399",2003-10-30,-137.282302856445,48.1556283354368,15.9375
"1400",2003-10-31,-90.1631851196289,48.1556283354368,15.9375
"1401",2003-11-01,-105.413871765137,48.1556283354368,15.9375
"1402",2003-11-02,-137.701019287109,48.1556283354368,15.9375
"1403",2003-11-03,-108.661720275879,48.1556283354368,15.9375
"1404",2003-11-04,-104.164588928223,48.1556283354368,15.9375
"1405",2003-11-05,-90.3476715087891,48.1556283354368,15.9375
"1406",2003-11-06,-100.389976501465,48.1556283354368,15.9375
"1407",2003-11-07,-122.521301269531,48.1556283354368,15.9375
"1408",2003-11-08,-105.151611328125,48.1556283354368,15.9375
"1409",2003-11-09,-96.2558517456055,48.1556283354368,15.9375
"1410",2003-11-10,-109.50740814209,48.1556283354368,15.9375
"1411",2003-11-11,-130.30534362793,48.1556283354368,15.9375
"1412",2003-11-12,-131.738388061523,48.1556283354368,15.9375
"1413",2003-11-13,-115.06770324707,48.1556283354368,15.9375
"1414",2003-11-14,-116.24747467041,48.1556283354368,15.9375
"1415",2003-11-15,-104.188453674316,48.1556283354368,15.9375
"1416",2003-11-16,-81.8504257202148,48.1556283354368,15.9375
"1417",2003-11-17,-96.0056381225586,48.1556283354368,15.9375
"1418",2003-11-18,-105.876647949219,48.1556283354368,15.9375
"1419",2003-11-19,-97.1013946533203,48.1556283354368,15.9375
"1420",2003-11-20,-94.5704345703125,48.1556283354368,15.9375
"1421",2003-11-21,-99.9154663085938,48.1556283354368,15.9375
"1422",2003-11-22,-95.6058883666992,48.1556283354368,15.9375
"1423",2003-11-23,-89.8290252685547,48.1556283354368,15.9375
"1424",2003-11-24,-87.0520629882812,48.1556283354368,15.9375
"1425",2003-11-25,-90.2621154785156,48.1556283354368,15.9375
"1426",2003-11-26,-101.714469909668,48.1556283354368,15.9375
"1427",2003-11-27,-102.466186523438,48.1556283354368,15.9375
"1428",2003-11-28,-110.135292053223,48.1556283354368,15.9375
"1429",2003-11-29,-117.194076538086,48.1556283354368,15.9375
"1430",2003-11-30,-110.129547119141,48.1556283354368,15.9375
"1431",2003-12-01,-104.448112487793,48.1556283354368,15.9375
"1432",2003-12-02,-94.0308380126953,48.1556283354368,15.9375
"1433",2003-12-03,-96.2168273925781,48.1556283354368,15.9375
"1434",2003-12-04,-100.549049377441,48.1556283354368,15.9375
"1435",2003-12-05,-93.434700012207,48.1556283354368,15.9375
"1436",2003-12-06,-96.7568893432617,48.1556283354368,15.9375
"1437",2003-12-07,-118.018730163574,48.1556283354368,15.9375
"1438",2003-12-08,-105.15584564209,48.1556283354368,15.9375
"1439",2003-12-09,-106.257369995117,48.1556283354368,15.9375
"1440",2003-12-10,-99.1354675292969,48.1556283354368,15.9375
"1441",2003-12-11,-96.8248519897461,48.1556283354368,15.9375
"1442",2003-12-12,-109.063194274902,48.1556283354368,15.9375
"1443",2003-12-13,-127.799522399902,48.1556283354368,15.9375
"1444",2003-12-14,-104.59024810791,48.1556283354368,15.9375
"1445",2003-12-15,-104.144020080566,48.1556283354368,15.9375
"1446",2003-12-16,-118.84642791748,48.1556283354368,15.9375
"1447",2003-12-17,-98.3166580200195,48.1556283354368,15.9375
"1448",2003-12-18,-94.3040466308594,48.1556283354368,15.9375
"1449",2003-12-19,-87.6056671142578,48.1556283354368,15.9375
"1450",2003-12-20,-89.403564453125,48.1556283354368,15.9375
"1451",2003-12-21,-94.3158416748047,48.1556283354368,15.9375
"1452",2003-12-22,-113.966255187988,48.1556283354368,15.9375
"1453",2003-12-23,-147.128860473633,48.1556283354368,15.9375
"1454",2003-12-24,-115.725692749023,48.1556283354368,15.9375
"1455",2003-12-25,-92.131965637207,48.1556283354368,15.9375
"1456",2003-12-26,-94.0632476806641,48.1556283354368,15.9375
"1457",2003-12-27,-89.3478164672852,48.1556283354368,15.9375
"1458",2003-12-28,-93.1892395019531,48.1556283354368,15.9375
"1459",2003-12-29,-98.9252395629883,48.1556283354368,15.9375
"1460",2003-12-30,-149.483764648438,48.1556283354368,15.9375
"1461",2003-12-31,-124.804756164551,48.1556283354368,15.9375
