"","date","precipitation","lat","lon"
"1",2000-01-01,-15.1225690841675,48.1556283354368,15.9375
"2",2000-01-02,-26.7361526489258,48.1556283354368,15.9375
"3",2000-01-03,-27.2423877716064,48.1556283354368,15.9375
"4",2000-01-04,-24.2877883911133,48.1556283354368,15.9375
"5",2000-01-05,-21.3473949432373,48.1556283354368,15.9375
"6",2000-01-06,-26.2801570892334,48.1556283354368,15.9375
"7",2000-01-07,-26.0907764434814,48.1556283354368,15.9375
"8",2000-01-08,-17.2931900024414,48.1556283354368,15.9375
"9",2000-01-09,-19.3113460540771,48.1556283354368,15.9375
"10",2000-01-10,-26.2907333374023,48.1556283354368,15.9375
"11",2000-01-11,NA,48.1556283354368,15.9375
"12",2000-01-12,NA,48.1556283354368,15.9375
"13",2000-01-13,-41.8246231079102,48.1556283354368,15.9375
"14",2000-01-14,-27.134428024292,48.1556283354368,15.9375
"15",2000-01-15,-15.8280792236328,48.1556283354368,15.9375
"16",2000-01-16,NA,48.1556283354368,15.9375
"17",2000-01-17,-22.1446933746338,48.1556283354368,15.9375
"18",2000-01-18,NA,48.1556283354368,15.9375
"19",2000-01-19,NA,48.1556283354368,15.9375
"20",2000-01-20,NA,48.1556283354368,15.9375
"21",2000-01-21,NA,48.1556283354368,15.9375
"22",2000-01-22,-75.1837310791016,48.1556283354368,15.9375
"23",2000-01-23,-92.2651824951172,48.1556283354368,15.9375
"24",2000-01-24,NA,48.1556283354368,15.9375
"25",2000-01-25,NA,48.1556283354368,15.9375
"26",2000-01-26,-15.4014911651611,48.1556283354368,15.9375
"27",2000-01-27,-21.4068050384521,48.1556283354368,15.9375
"28",2000-01-28,-14.5594387054443,48.1556283354368,15.9375
"29",2000-01-29,-8.09067058563232,48.1556283354368,15.9375
"30",2000-01-30,NA,48.1556283354368,15.9375
"31",2000-01-31,-21.5617370605469,48.1556283354368,15.9375
"32",2000-02-01,-27.7414569854736,48.1556283354368,15.9375
"33",2000-02-02,-8.96741962432861,48.1556283354368,15.9375
"34",2000-02-03,-10.7489852905273,48.1556283354368,15.9375
"35",2000-02-04,-5.50164699554443,48.1556283354368,15.9375
"36",2000-02-05,0.699458360671997,48.1556283354368,15.9375
"37",2000-02-06,-8.48506736755371,48.1556283354368,15.9375
"38",2000-02-07,-13.6754245758057,48.1556283354368,15.9375
"39",2000-02-08,-2.41155672073364,48.1556283354368,15.9375
"40",2000-02-09,-15.2801246643066,48.1556283354368,15.9375
"41",2000-02-10,NA,48.1556283354368,15.9375
"42",2000-02-11,NA,48.1556283354368,15.9375
"43",2000-02-12,NA,48.1556283354368,15.9375
"44",2000-02-13,-25.0228824615479,48.1556283354368,15.9375
"45",2000-02-14,-10.7265920639038,48.1556283354368,15.9375
"46",2000-02-15,-12.5660858154297,48.1556283354368,15.9375
"47",2000-02-16,-28.2335147857666,48.1556283354368,15.9375
"48",2000-02-17,-44.3722953796387,48.1556283354368,15.9375
"49",2000-02-18,NA,48.1556283354368,15.9375
"50",2000-02-19,NA,48.1556283354368,15.9375
"51",2000-02-20,-18.759090423584,48.1556283354368,15.9375
"52",2000-02-21,NA,48.1556283354368,15.9375
"53",2000-02-22,-23.0735664367676,48.1556283354368,15.9375
"54",2000-02-23,NA,48.1556283354368,15.9375
"55",2000-02-24,-10.6825485229492,48.1556283354368,15.9375
"56",2000-02-25,-13.8893156051636,48.1556283354368,15.9375
"57",2000-02-26,-36.6834297180176,48.1556283354368,15.9375
"58",2000-02-27,NA,48.1556283354368,15.9375
"59",2000-02-28,-14.7669057846069,48.1556283354368,15.9375
"60",2000-02-29,-6.15206861495972,48.1556283354368,15.9375
"61",2000-03-01,-19.2074413299561,48.1556283354368,15.9375
"62",2000-03-02,-65.4134521484375,48.1556283354368,15.9375
"63",2000-03-03,NA,48.1556283354368,15.9375
"64",2000-03-04,NA,48.1556283354368,15.9375
"65",2000-03-05,NA,48.1556283354368,15.9375
"66",2000-03-06,NA,48.1556283354368,15.9375
"67",2000-03-07,NA,48.1556283354368,15.9375
"68",2000-03-08,NA,48.1556283354368,15.9375
"69",2000-03-09,NA,48.1556283354368,15.9375
"70",2000-03-10,NA,48.1556283354368,15.9375
"71",2000-03-11,NA,48.1556283354368,15.9375
"72",2000-03-12,NA,48.1556283354368,15.9375
"73",2000-03-13,NA,48.1556283354368,15.9375
"74",2000-03-14,-8.25463962554932,48.1556283354368,15.9375
"75",2000-03-15,-10.6785383224487,48.1556283354368,15.9375
"76",2000-03-16,NA,48.1556283354368,15.9375
"77",2000-03-17,NA,48.1556283354368,15.9375
"78",2000-03-18,-50.8441963195801,48.1556283354368,15.9375
"79",2000-03-19,-19.3820781707764,48.1556283354368,15.9375
"80",2000-03-20,-22.0068340301514,48.1556283354368,15.9375
"81",2000-03-21,NA,48.1556283354368,15.9375
"82",2000-03-22,NA,48.1556283354368,15.9375
"83",2000-03-23,NA,48.1556283354368,15.9375
"84",2000-03-24,NA,48.1556283354368,15.9375
"85",2000-03-25,1.1793395280838,48.1556283354368,15.9375
"86",2000-03-26,-7.41145944595337,48.1556283354368,15.9375
"87",2000-03-27,-69.9316177368164,48.1556283354368,15.9375
"88",2000-03-28,-36.7183799743652,48.1556283354368,15.9375
"89",2000-03-29,-25.0249710083008,48.1556283354368,15.9375
"90",2000-03-30,-18.8471584320068,48.1556283354368,15.9375
"91",2000-03-31,1.01223838329315,48.1556283354368,15.9375
"92",2000-04-01,-14.0537252426147,48.1556283354368,15.9375
"93",2000-04-02,-24.5474319458008,48.1556283354368,15.9375
"94",2000-04-03,10.2229890823364,48.1556283354368,15.9375
"95",2000-04-04,4.23484802246094,48.1556283354368,15.9375
"96",2000-04-05,0.520250380039215,48.1556283354368,15.9375
"97",2000-04-06,-57.8302154541016,48.1556283354368,15.9375
"98",2000-04-07,-9.32012844085693,48.1556283354368,15.9375
"99",2000-04-08,-0.900498986244202,48.1556283354368,15.9375
"100",2000-04-09,0.278556495904922,48.1556283354368,15.9375
"101",2000-04-10,-5.803879737854,48.1556283354368,15.9375
"102",2000-04-11,-24.6327533721924,48.1556283354368,15.9375
"103",2000-04-12,-18.9651126861572,48.1556283354368,15.9375
"104",2000-04-13,-14.5526762008667,48.1556283354368,15.9375
"105",2000-04-14,-13.243353843689,48.1556283354368,15.9375
"106",2000-04-15,NA,48.1556283354368,15.9375
"107",2000-04-16,-11.0137348175049,48.1556283354368,15.9375
"108",2000-04-17,-1.98003327846527,48.1556283354368,15.9375
"109",2000-04-18,NA,48.1556283354368,15.9375
"110",2000-04-19,NA,48.1556283354368,15.9375
"111",2000-04-20,NA,48.1556283354368,15.9375
"112",2000-04-21,NA,48.1556283354368,15.9375
"113",2000-04-22,NA,48.1556283354368,15.9375
"114",2000-04-23,NA,48.1556283354368,15.9375
"115",2000-04-24,-6.4005069732666,48.1556283354368,15.9375
"116",2000-04-25,-74.7942657470703,48.1556283354368,15.9375
"117",2000-04-26,NA,48.1556283354368,15.9375
"118",2000-04-27,NA,48.1556283354368,15.9375
"119",2000-04-28,NA,48.1556283354368,15.9375
"120",2000-04-29,-25.1258869171143,48.1556283354368,15.9375
"121",2000-04-30,NA,48.1556283354368,15.9375
"122",2000-05-01,-21.0383033752441,48.1556283354368,15.9375
"123",2000-05-02,NA,48.1556283354368,15.9375
"124",2000-05-03,NA,48.1556283354368,15.9375
"125",2000-05-04,-17.7072486877441,48.1556283354368,15.9375
"126",2000-05-05,-31.6173324584961,48.1556283354368,15.9375
"127",2000-05-06,-10.3592491149902,48.1556283354368,15.9375
"128",2000-05-07,NA,48.1556283354368,15.9375
"129",2000-05-08,NA,48.1556283354368,15.9375
"130",2000-05-09,NA,48.1556283354368,15.9375
"131",2000-05-10,NA,48.1556283354368,15.9375
"132",2000-05-11,NA,48.1556283354368,15.9375
"133",2000-05-12,10.076623916626,48.1556283354368,15.9375
"134",2000-05-13,-26.1535053253174,48.1556283354368,15.9375
"135",2000-05-14,NA,48.1556283354368,15.9375
"136",2000-05-15,NA,48.1556283354368,15.9375
"137",2000-05-16,NA,48.1556283354368,15.9375
"138",2000-05-17,NA,48.1556283354368,15.9375
"139",2000-05-18,-13.6728572845459,48.1556283354368,15.9375
"140",2000-05-19,-0.505538523197174,48.1556283354368,15.9375
"141",2000-05-20,6.66615772247314,48.1556283354368,15.9375
"142",2000-05-21,NA,48.1556283354368,15.9375
"143",2000-05-22,-3.75229120254517,48.1556283354368,15.9375
"144",2000-05-23,NA,48.1556283354368,15.9375
"145",2000-05-24,NA,48.1556283354368,15.9375
"146",2000-05-25,NA,48.1556283354368,15.9375
"147",2000-05-26,NA,48.1556283354368,15.9375
"148",2000-05-27,-0.655827581882477,48.1556283354368,15.9375
"149",2000-05-28,3.97733306884766,48.1556283354368,15.9375
"150",2000-05-29,-13.9364404678345,48.1556283354368,15.9375
"151",2000-05-30,-40.0767059326172,48.1556283354368,15.9375
"152",2000-05-31,-14.1264982223511,48.1556283354368,15.9375
"153",2000-06-01,NA,48.1556283354368,15.9375
"154",2000-06-02,NA,48.1556283354368,15.9375
"155",2000-06-03,NA,48.1556283354368,15.9375
"156",2000-06-04,NA,48.1556283354368,15.9375
"157",2000-06-05,NA,48.1556283354368,15.9375
"158",2000-06-06,NA,48.1556283354368,15.9375
"159",2000-06-07,-24.4800300598145,48.1556283354368,15.9375
"160",2000-06-08,NA,48.1556283354368,15.9375
"161",2000-06-09,NA,48.1556283354368,15.9375
"162",2000-06-10,NA,48.1556283354368,15.9375
"163",2000-06-11,NA,48.1556283354368,15.9375
"164",2000-06-12,NA,48.1556283354368,15.9375
"165",2000-06-13,NA,48.1556283354368,15.9375
"166",2000-06-14,NA,48.1556283354368,15.9375
"167",2000-06-15,-48.3350410461426,48.1556283354368,15.9375
"168",2000-06-16,-11.953179359436,48.1556283354368,15.9375
"169",2000-06-17,NA,48.1556283354368,15.9375
"170",2000-06-18,NA,48.1556283354368,15.9375
"171",2000-06-19,NA,48.1556283354368,15.9375
"172",2000-06-20,NA,48.1556283354368,15.9375
"173",2000-06-21,NA,48.1556283354368,15.9375
"174",2000-06-22,NA,48.1556283354368,15.9375
"175",2000-06-23,-0.0956633538007736,48.1556283354368,15.9375
"176",2000-06-24,0.368305832147598,48.1556283354368,15.9375
"177",2000-06-25,-13.3089475631714,48.1556283354368,15.9375
"178",2000-06-26,-15.0797414779663,48.1556283354368,15.9375
"179",2000-06-27,-31.8796653747559,48.1556283354368,15.9375
"180",2000-06-28,-26.8390369415283,48.1556283354368,15.9375
"181",2000-06-29,NA,48.1556283354368,15.9375
"182",2000-06-30,-36.4768447875977,48.1556283354368,15.9375
"183",2000-07-01,NA,48.1556283354368,15.9375
"184",2000-07-02,NA,48.1556283354368,15.9375
"185",2000-07-03,NA,48.1556283354368,15.9375
"186",2000-07-04,NA,48.1556283354368,15.9375
"187",2000-07-05,NA,48.1556283354368,15.9375
"188",2000-07-06,NA,48.1556283354368,15.9375
"189",2000-07-07,NA,48.1556283354368,15.9375
"190",2000-07-08,-34.0204925537109,48.1556283354368,15.9375
"191",2000-07-09,-42.2497177124023,48.1556283354368,15.9375
"192",2000-07-10,-12.216911315918,48.1556283354368,15.9375
"193",2000-07-11,-33.7279090881348,48.1556283354368,15.9375
"194",2000-07-12,-90.848503112793,48.1556283354368,15.9375
"195",2000-07-13,-83.1385726928711,48.1556283354368,15.9375
"196",2000-07-14,-49.725471496582,48.1556283354368,15.9375
"197",2000-07-15,-60.3086776733398,48.1556283354368,15.9375
"198",2000-07-16,-50.4899482727051,48.1556283354368,15.9375
"199",2000-07-17,-26.4844093322754,48.1556283354368,15.9375
"200",2000-07-18,-24.8603248596191,48.1556283354368,15.9375
"201",2000-07-19,-10.0170946121216,48.1556283354368,15.9375
"202",2000-07-20,-44.9145202636719,48.1556283354368,15.9375
"203",2000-07-21,NA,48.1556283354368,15.9375
"204",2000-07-22,-29.0586757659912,48.1556283354368,15.9375
"205",2000-07-23,NA,48.1556283354368,15.9375
"206",2000-07-24,NA,48.1556283354368,15.9375
"207",2000-07-25,NA,48.1556283354368,15.9375
"208",2000-07-26,NA,48.1556283354368,15.9375
"209",2000-07-27,NA,48.1556283354368,15.9375
"210",2000-07-28,-30.498571395874,48.1556283354368,15.9375
"211",2000-07-29,-30.4507503509521,48.1556283354368,15.9375
"212",2000-07-30,-37.4507751464844,48.1556283354368,15.9375
"213",2000-07-31,NA,48.1556283354368,15.9375
"214",2000-08-01,NA,48.1556283354368,15.9375
"215",2000-08-02,NA,48.1556283354368,15.9375
"216",2000-08-03,NA,48.1556283354368,15.9375
"217",2000-08-04,-38.0582389831543,48.1556283354368,15.9375
"218",2000-08-05,-19.9393997192383,48.1556283354368,15.9375
"219",2000-08-06,-19.7874164581299,48.1556283354368,15.9375
"220",2000-08-07,-27.3929615020752,48.1556283354368,15.9375
"221",2000-08-08,NA,48.1556283354368,15.9375
"222",2000-08-09,NA,48.1556283354368,15.9375
"223",2000-08-10,NA,48.1556283354368,15.9375
"224",2000-08-11,-38.9884185791016,48.1556283354368,15.9375
"225",2000-08-12,-27.9380378723145,48.1556283354368,15.9375
"226",2000-08-13,-35.3559722900391,48.1556283354368,15.9375
"227",2000-08-14,NA,48.1556283354368,15.9375
"228",2000-08-15,NA,48.1556283354368,15.9375
"229",2000-08-16,NA,48.1556283354368,15.9375
"230",2000-08-17,NA,48.1556283354368,15.9375
"231",2000-08-18,NA,48.1556283354368,15.9375
"232",2000-08-19,NA,48.1556283354368,15.9375
"233",2000-08-20,NA,48.1556283354368,15.9375
"234",2000-08-21,NA,48.1556283354368,15.9375
"235",2000-08-22,NA,48.1556283354368,15.9375
"236",2000-08-23,NA,48.1556283354368,15.9375
"237",2000-08-24,NA,48.1556283354368,15.9375
"238",2000-08-25,NA,48.1556283354368,15.9375
"239",2000-08-26,NA,48.1556283354368,15.9375
"240",2000-08-27,NA,48.1556283354368,15.9375
"241",2000-08-28,NA,48.1556283354368,15.9375
"242",2000-08-29,NA,48.1556283354368,15.9375
"243",2000-08-30,-28.0884189605713,48.1556283354368,15.9375
"244",2000-08-31,NA,48.1556283354368,15.9375
"245",2000-09-01,NA,48.1556283354368,15.9375
"246",2000-09-02,-12.0949840545654,48.1556283354368,15.9375
"247",2000-09-03,-20.0276927947998,48.1556283354368,15.9375
"248",2000-09-04,-26.3450088500977,48.1556283354368,15.9375
"249",2000-09-05,NA,48.1556283354368,15.9375
"250",2000-09-06,-18.992748260498,48.1556283354368,15.9375
"251",2000-09-07,-30.1249103546143,48.1556283354368,15.9375
"252",2000-09-08,NA,48.1556283354368,15.9375
"253",2000-09-09,NA,48.1556283354368,15.9375
"254",2000-09-10,NA,48.1556283354368,15.9375
"255",2000-09-11,NA,48.1556283354368,15.9375
"256",2000-09-12,NA,48.1556283354368,15.9375
"257",2000-09-13,-8.82132434844971,48.1556283354368,15.9375
"258",2000-09-14,NA,48.1556283354368,15.9375
"259",2000-09-15,NA,48.1556283354368,15.9375
"260",2000-09-16,-5.37634897232056,48.1556283354368,15.9375
"261",2000-09-17,-12.5624771118164,48.1556283354368,15.9375
"262",2000-09-18,-13.2778167724609,48.1556283354368,15.9375
"263",2000-09-19,NA,48.1556283354368,15.9375
"264",2000-09-20,NA,48.1556283354368,15.9375
"265",2000-09-21,-5.98351955413818,48.1556283354368,15.9375
"266",2000-09-22,NA,48.1556283354368,15.9375
"267",2000-09-23,NA,48.1556283354368,15.9375
"268",2000-09-24,NA,48.1556283354368,15.9375
"269",2000-09-25,-6.90370512008667,48.1556283354368,15.9375
"270",2000-09-26,NA,48.1556283354368,15.9375
"271",2000-09-27,NA,48.1556283354368,15.9375
"272",2000-09-28,NA,48.1556283354368,15.9375
"273",2000-09-29,NA,48.1556283354368,15.9375
"274",2000-09-30,-27.276309967041,48.1556283354368,15.9375
"275",2000-10-01,-63.4959030151367,48.1556283354368,15.9375
"276",2000-10-02,-33.2112503051758,48.1556283354368,15.9375
"277",2000-10-03,-49.8385848999023,48.1556283354368,15.9375
"278",2000-10-04,-10.2643642425537,48.1556283354368,15.9375
"279",2000-10-05,-29.9454212188721,48.1556283354368,15.9375
"280",2000-10-06,-64.0490341186523,48.1556283354368,15.9375
"281",2000-10-07,-40.9691314697266,48.1556283354368,15.9375
"282",2000-10-08,-13.9831190109253,48.1556283354368,15.9375
"283",2000-10-09,-28.9326705932617,48.1556283354368,15.9375
"284",2000-10-10,-57.5367546081543,48.1556283354368,15.9375
"285",2000-10-11,-4.17297220230103,48.1556283354368,15.9375
"286",2000-10-12,-6.63916540145874,48.1556283354368,15.9375
"287",2000-10-13,1.63837349414825,48.1556283354368,15.9375
"288",2000-10-14,-0.180888935923576,48.1556283354368,15.9375
"289",2000-10-15,-10.9049234390259,48.1556283354368,15.9375
"290",2000-10-16,-5.97262668609619,48.1556283354368,15.9375
"291",2000-10-17,-42.6795425415039,48.1556283354368,15.9375
"292",2000-10-18,-60.7098541259766,48.1556283354368,15.9375
"293",2000-10-19,-50.8454856872559,48.1556283354368,15.9375
"294",2000-10-20,-26.2818946838379,48.1556283354368,15.9375
"295",2000-10-21,NA,48.1556283354368,15.9375
"296",2000-10-22,NA,48.1556283354368,15.9375
"297",2000-10-23,-8.85726165771484,48.1556283354368,15.9375
"298",2000-10-24,-7.49505090713501,48.1556283354368,15.9375
"299",2000-10-25,-8.38272857666016,48.1556283354368,15.9375
"300",2000-10-26,-21.1377868652344,48.1556283354368,15.9375
"301",2000-10-27,-20.7219009399414,48.1556283354368,15.9375
"302",2000-10-28,NA,48.1556283354368,15.9375
"303",2000-10-29,-7.83863019943237,48.1556283354368,15.9375
"304",2000-10-30,-4.45413494110107,48.1556283354368,15.9375
"305",2000-10-31,-9.45927810668945,48.1556283354368,15.9375
"306",2000-11-01,-62.4743232727051,48.1556283354368,15.9375
"307",2000-11-02,1.45318460464478,48.1556283354368,15.9375
"308",2000-11-03,-39.709358215332,48.1556283354368,15.9375
"309",2000-11-04,-45.0511207580566,48.1556283354368,15.9375
"310",2000-11-05,-16.1724739074707,48.1556283354368,15.9375
"311",2000-11-06,-18.4692554473877,48.1556283354368,15.9375
"312",2000-11-07,-51.7969627380371,48.1556283354368,15.9375
"313",2000-11-08,-44.5866203308105,48.1556283354368,15.9375
"314",2000-11-09,-19.2973442077637,48.1556283354368,15.9375
"315",2000-11-10,0.942620158195496,48.1556283354368,15.9375
"316",2000-11-11,NA,48.1556283354368,15.9375
"317",2000-11-12,NA,48.1556283354368,15.9375
"318",2000-11-13,7.4994330406189,48.1556283354368,15.9375
"319",2000-11-14,5.67612934112549,48.1556283354368,15.9375
"320",2000-11-15,-16.7120838165283,48.1556283354368,15.9375
"321",2000-11-16,-50.1691246032715,48.1556283354368,15.9375
"322",2000-11-17,2.16936302185059,48.1556283354368,15.9375
"323",2000-11-18,-15.9462337493896,48.1556283354368,15.9375
"324",2000-11-19,2.95736217498779,48.1556283354368,15.9375
"325",2000-11-20,-48.8686065673828,48.1556283354368,15.9375
"326",2000-11-21,-63.5519256591797,48.1556283354368,15.9375
"327",2000-11-22,-60.8131675720215,48.1556283354368,15.9375
"328",2000-11-23,-15.8466634750366,48.1556283354368,15.9375
"329",2000-11-24,-27.7910633087158,48.1556283354368,15.9375
"330",2000-11-25,-53.3445930480957,48.1556283354368,15.9375
"331",2000-11-26,-86.3222961425781,48.1556283354368,15.9375
"332",2000-11-27,-66.5552291870117,48.1556283354368,15.9375
"333",2000-11-28,-8.14726257324219,48.1556283354368,15.9375
"334",2000-11-29,2.62224698066711,48.1556283354368,15.9375
"335",2000-11-30,7.44553375244141,48.1556283354368,15.9375
"336",2000-12-01,0.191022589802742,48.1556283354368,15.9375
"337",2000-12-02,-1.53875529766083,48.1556283354368,15.9375
"338",2000-12-03,5.20085334777832,48.1556283354368,15.9375
"339",2000-12-04,-6.4014744758606,48.1556283354368,15.9375
"340",2000-12-05,-13.0512838363647,48.1556283354368,15.9375
"341",2000-12-06,-11.5023756027222,48.1556283354368,15.9375
"342",2000-12-07,-20.028341293335,48.1556283354368,15.9375
"343",2000-12-08,-9.96470165252686,48.1556283354368,15.9375
"344",2000-12-09,3.94987678527832,48.1556283354368,15.9375
"345",2000-12-10,-9.80624103546143,48.1556283354368,15.9375
"346",2000-12-11,-18.9608993530273,48.1556283354368,15.9375
"347",2000-12-12,-7.93319606781006,48.1556283354368,15.9375
"348",2000-12-13,-7.42487525939941,48.1556283354368,15.9375
"349",2000-12-14,-0.882710099220276,48.1556283354368,15.9375
"350",2000-12-15,-5.41114139556885,48.1556283354368,15.9375
"351",2000-12-16,NA,48.1556283354368,15.9375
"352",2000-12-17,-20.9777908325195,48.1556283354368,15.9375
"353",2000-12-18,-18.8245239257812,48.1556283354368,15.9375
"354",2000-12-19,-13.0959253311157,48.1556283354368,15.9375
"355",2000-12-20,-26.5719203948975,48.1556283354368,15.9375
"356",2000-12-21,-46.232120513916,48.1556283354368,15.9375
"357",2000-12-22,NA,48.1556283354368,15.9375
"358",2000-12-23,-7.37127685546875,48.1556283354368,15.9375
"359",2000-12-24,-7.90483045578003,48.1556283354368,15.9375
"360",2000-12-25,-24.2788791656494,48.1556283354368,15.9375
"361",2000-12-26,-53.8846855163574,48.1556283354368,15.9375
"362",2000-12-27,-101.726432800293,48.1556283354368,15.9375
"363",2000-12-28,-120.754302978516,48.1556283354368,15.9375
"364",2000-12-29,-67.6129760742188,48.1556283354368,15.9375
"365",2000-12-30,-102.246566772461,48.1556283354368,15.9375
"366",2000-12-31,-39.3625068664551,48.1556283354368,15.9375
"367",2001-01-01,NA,48.1556283354368,15.9375
"368",2001-01-02,4.82116508483887,48.1556283354368,15.9375
"369",2001-01-03,-8.51040077209473,48.1556283354368,15.9375
"370",2001-01-04,-48.8150672912598,48.1556283354368,15.9375
"371",2001-01-05,-19.60693359375,48.1556283354368,15.9375
"372",2001-01-06,-5.16413879394531,48.1556283354368,15.9375
"373",2001-01-07,-43.8363189697266,48.1556283354368,15.9375
"374",2001-01-08,-78.6160278320312,48.1556283354368,15.9375
"375",2001-01-09,-84.2780380249023,48.1556283354368,15.9375
"376",2001-01-10,4.07633638381958,48.1556283354368,15.9375
"377",2001-01-11,5.62698030471802,48.1556283354368,15.9375
"378",2001-01-12,-10.2755546569824,48.1556283354368,15.9375
"379",2001-01-13,NA,48.1556283354368,15.9375
"380",2001-01-14,NA,48.1556283354368,15.9375
"381",2001-01-15,-37.1006278991699,48.1556283354368,15.9375
"382",2001-01-16,-41.2761688232422,48.1556283354368,15.9375
"383",2001-01-17,-16.4201736450195,48.1556283354368,15.9375
"384",2001-01-18,-15.1231060028076,48.1556283354368,15.9375
"385",2001-01-19,-19.6976375579834,48.1556283354368,15.9375
"386",2001-01-20,-28.7179546356201,48.1556283354368,15.9375
"387",2001-01-21,-46.3218307495117,48.1556283354368,15.9375
"388",2001-01-22,-27.9591579437256,48.1556283354368,15.9375
"389",2001-01-23,-17.3406448364258,48.1556283354368,15.9375
"390",2001-01-24,0.51202380657196,48.1556283354368,15.9375
"391",2001-01-25,-8.57450389862061,48.1556283354368,15.9375
"392",2001-01-26,2.20488548278809,48.1556283354368,15.9375
"393",2001-01-27,-10.9108848571777,48.1556283354368,15.9375
"394",2001-01-28,-27.1918792724609,48.1556283354368,15.9375
"395",2001-01-29,-38.5110359191895,48.1556283354368,15.9375
"396",2001-01-30,-60.1057929992676,48.1556283354368,15.9375
"397",2001-01-31,NA,48.1556283354368,15.9375
"398",2001-02-01,NA,48.1556283354368,15.9375
"399",2001-02-02,NA,48.1556283354368,15.9375
"400",2001-02-03,-7.95668506622314,48.1556283354368,15.9375
"401",2001-02-04,-16.1925888061523,48.1556283354368,15.9375
"402",2001-02-05,-13.8665208816528,48.1556283354368,15.9375
"403",2001-02-06,-9.60595512390137,48.1556283354368,15.9375
"404",2001-02-07,-6.72950839996338,48.1556283354368,15.9375
"405",2001-02-08,-1.8750536441803,48.1556283354368,15.9375
"406",2001-02-09,-12.8805484771729,48.1556283354368,15.9375
"407",2001-02-10,-45.7222290039062,48.1556283354368,15.9375
"408",2001-02-11,NA,48.1556283354368,15.9375
"409",2001-02-12,-6.67490005493164,48.1556283354368,15.9375
"410",2001-02-13,NA,48.1556283354368,15.9375
"411",2001-02-14,NA,48.1556283354368,15.9375
"412",2001-02-15,NA,48.1556283354368,15.9375
"413",2001-02-16,-9.31787300109863,48.1556283354368,15.9375
"414",2001-02-17,-13.7729864120483,48.1556283354368,15.9375
"415",2001-02-18,NA,48.1556283354368,15.9375
"416",2001-02-19,NA,48.1556283354368,15.9375
"417",2001-02-20,NA,48.1556283354368,15.9375
"418",2001-02-21,NA,48.1556283354368,15.9375
"419",2001-02-22,-58.2993431091309,48.1556283354368,15.9375
"420",2001-02-23,NA,48.1556283354368,15.9375
"421",2001-02-24,-56.290412902832,48.1556283354368,15.9375
"422",2001-02-25,NA,48.1556283354368,15.9375
"423",2001-02-26,-40.0989265441895,48.1556283354368,15.9375
"424",2001-02-27,-27.0169467926025,48.1556283354368,15.9375
"425",2001-02-28,-41.9179611206055,48.1556283354368,15.9375
"426",2001-03-01,-42.8788452148438,48.1556283354368,15.9375
"427",2001-03-02,-71.208366394043,48.1556283354368,15.9375
"428",2001-03-03,-32.0329170227051,48.1556283354368,15.9375
"429",2001-03-04,-9.53260040283203,48.1556283354368,15.9375
"430",2001-03-05,-20.5712814331055,48.1556283354368,15.9375
"431",2001-03-06,-40.8154258728027,48.1556283354368,15.9375
"432",2001-03-07,-6.11859655380249,48.1556283354368,15.9375
"433",2001-03-08,-14.062783241272,48.1556283354368,15.9375
"434",2001-03-09,-39.9669761657715,48.1556283354368,15.9375
"435",2001-03-10,-22.9945831298828,48.1556283354368,15.9375
"436",2001-03-11,-10.5787420272827,48.1556283354368,15.9375
"437",2001-03-12,-5.18809604644775,48.1556283354368,15.9375
"438",2001-03-13,-43.657283782959,48.1556283354368,15.9375
"439",2001-03-14,2.89035677909851,48.1556283354368,15.9375
"440",2001-03-15,NA,48.1556283354368,15.9375
"441",2001-03-16,-2.16316866874695,48.1556283354368,15.9375
"442",2001-03-17,0.192157387733459,48.1556283354368,15.9375
"443",2001-03-18,-6.70430469512939,48.1556283354368,15.9375
"444",2001-03-19,NA,48.1556283354368,15.9375
"445",2001-03-20,-12.1543455123901,48.1556283354368,15.9375
"446",2001-03-21,-6.25801753997803,48.1556283354368,15.9375
"447",2001-03-22,-7.73242616653442,48.1556283354368,15.9375
"448",2001-03-23,NA,48.1556283354368,15.9375
"449",2001-03-24,NA,48.1556283354368,15.9375
"450",2001-03-25,NA,48.1556283354368,15.9375
"451",2001-03-26,NA,48.1556283354368,15.9375
"452",2001-03-27,-37.2190856933594,48.1556283354368,15.9375
"453",2001-03-28,-40.1262702941895,48.1556283354368,15.9375
"454",2001-03-29,-9.3480339050293,48.1556283354368,15.9375
"455",2001-03-30,-13.3262205123901,48.1556283354368,15.9375
"456",2001-03-31,-18.1401386260986,48.1556283354368,15.9375
"457",2001-04-01,NA,48.1556283354368,15.9375
"458",2001-04-02,NA,48.1556283354368,15.9375
"459",2001-04-03,NA,48.1556283354368,15.9375
"460",2001-04-04,0.135938361287117,48.1556283354368,15.9375
"461",2001-04-05,-54.114330291748,48.1556283354368,15.9375
"462",2001-04-06,-20.1085186004639,48.1556283354368,15.9375
"463",2001-04-07,-34.0420761108398,48.1556283354368,15.9375
"464",2001-04-08,-80.5711288452148,48.1556283354368,15.9375
"465",2001-04-09,-8.43646430969238,48.1556283354368,15.9375
"466",2001-04-10,-2.35815668106079,48.1556283354368,15.9375
"467",2001-04-11,-50.0805473327637,48.1556283354368,15.9375
"468",2001-04-12,-63.5542793273926,48.1556283354368,15.9375
"469",2001-04-13,4.06012058258057,48.1556283354368,15.9375
"470",2001-04-14,-50.2141647338867,48.1556283354368,15.9375
"471",2001-04-15,-4.49962425231934,48.1556283354368,15.9375
"472",2001-04-16,-45.1371612548828,48.1556283354368,15.9375
"473",2001-04-17,-69.5180358886719,48.1556283354368,15.9375
"474",2001-04-18,-33.5603561401367,48.1556283354368,15.9375
"475",2001-04-19,-4.6151647567749,48.1556283354368,15.9375
"476",2001-04-20,-15.3076915740967,48.1556283354368,15.9375
"477",2001-04-21,-11.1294784545898,48.1556283354368,15.9375
"478",2001-04-22,-10.3147029876709,48.1556283354368,15.9375
"479",2001-04-23,-21.349084854126,48.1556283354368,15.9375
"480",2001-04-24,-5.42866086959839,48.1556283354368,15.9375
"481",2001-04-25,-9.47868537902832,48.1556283354368,15.9375
"482",2001-04-26,-14.5785055160522,48.1556283354368,15.9375
"483",2001-04-27,NA,48.1556283354368,15.9375
"484",2001-04-28,NA,48.1556283354368,15.9375
"485",2001-04-29,NA,48.1556283354368,15.9375
"486",2001-04-30,-3.47336721420288,48.1556283354368,15.9375
"487",2001-05-01,NA,48.1556283354368,15.9375
"488",2001-05-02,NA,48.1556283354368,15.9375
"489",2001-05-03,NA,48.1556283354368,15.9375
"490",2001-05-04,-39.0877723693848,48.1556283354368,15.9375
"491",2001-05-05,-41.1007919311523,48.1556283354368,15.9375
"492",2001-05-06,-40.3580780029297,48.1556283354368,15.9375
"493",2001-05-07,-38.4203300476074,48.1556283354368,15.9375
"494",2001-05-08,-32.3113632202148,48.1556283354368,15.9375
"495",2001-05-09,NA,48.1556283354368,15.9375
"496",2001-05-10,1.18593907356262,48.1556283354368,15.9375
"497",2001-05-11,NA,48.1556283354368,15.9375
"498",2001-05-12,-17.3466300964355,48.1556283354368,15.9375
"499",2001-05-13,NA,48.1556283354368,15.9375
"500",2001-05-14,-0.909339487552643,48.1556283354368,15.9375
"501",2001-05-15,-14.0532093048096,48.1556283354368,15.9375
"502",2001-05-16,NA,48.1556283354368,15.9375
"503",2001-05-17,6.09792900085449,48.1556283354368,15.9375
"504",2001-05-18,-20.5418071746826,48.1556283354368,15.9375
"505",2001-05-19,-21.9483776092529,48.1556283354368,15.9375
"506",2001-05-20,NA,48.1556283354368,15.9375
"507",2001-05-21,NA,48.1556283354368,15.9375
"508",2001-05-22,NA,48.1556283354368,15.9375
"509",2001-05-23,NA,48.1556283354368,15.9375
"510",2001-05-24,NA,48.1556283354368,15.9375
"511",2001-05-25,-24.0330200195312,48.1556283354368,15.9375
"512",2001-05-26,NA,48.1556283354368,15.9375
"513",2001-05-27,NA,48.1556283354368,15.9375
"514",2001-05-28,NA,48.1556283354368,15.9375
"515",2001-05-29,NA,48.1556283354368,15.9375
"516",2001-05-30,-1.60304701328278,48.1556283354368,15.9375
"517",2001-05-31,-3.63185477256775,48.1556283354368,15.9375
"518",2001-06-01,-2.22309255599976,48.1556283354368,15.9375
"519",2001-06-02,-32.6611518859863,48.1556283354368,15.9375
"520",2001-06-03,-86.1428985595703,48.1556283354368,15.9375
"521",2001-06-04,-12.5878124237061,48.1556283354368,15.9375
"522",2001-06-05,NA,48.1556283354368,15.9375
"523",2001-06-06,10.2137203216553,48.1556283354368,15.9375
"524",2001-06-07,NA,48.1556283354368,15.9375
"525",2001-06-08,-1.46590852737427,48.1556283354368,15.9375
"526",2001-06-09,2.71099305152893,48.1556283354368,15.9375
"527",2001-06-10,NA,48.1556283354368,15.9375
"528",2001-06-11,NA,48.1556283354368,15.9375
"529",2001-06-12,NA,48.1556283354368,15.9375
"530",2001-06-13,NA,48.1556283354368,15.9375
"531",2001-06-14,-5.41167306900024,48.1556283354368,15.9375
"532",2001-06-15,NA,48.1556283354368,15.9375
"533",2001-06-16,NA,48.1556283354368,15.9375
"534",2001-06-17,-30.9700565338135,48.1556283354368,15.9375
"535",2001-06-18,-71.1460800170898,48.1556283354368,15.9375
"536",2001-06-19,NA,48.1556283354368,15.9375
"537",2001-06-20,NA,48.1556283354368,15.9375
"538",2001-06-21,-24.0867748260498,48.1556283354368,15.9375
"539",2001-06-22,-16.4419384002686,48.1556283354368,15.9375
"540",2001-06-23,NA,48.1556283354368,15.9375
"541",2001-06-24,NA,48.1556283354368,15.9375
"542",2001-06-25,NA,48.1556283354368,15.9375
"543",2001-06-26,NA,48.1556283354368,15.9375
"544",2001-06-27,NA,48.1556283354368,15.9375
"545",2001-06-28,NA,48.1556283354368,15.9375
"546",2001-06-29,NA,48.1556283354368,15.9375
"547",2001-06-30,NA,48.1556283354368,15.9375
"548",2001-07-01,NA,48.1556283354368,15.9375
"549",2001-07-02,NA,48.1556283354368,15.9375
"550",2001-07-03,-7.61920070648193,48.1556283354368,15.9375
"551",2001-07-04,-7.99064493179321,48.1556283354368,15.9375
"552",2001-07-05,-19.4889335632324,48.1556283354368,15.9375
"553",2001-07-06,NA,48.1556283354368,15.9375
"554",2001-07-07,2.06792545318604,48.1556283354368,15.9375
"555",2001-07-08,-0.34808012843132,48.1556283354368,15.9375
"556",2001-07-09,-37.3417282104492,48.1556283354368,15.9375
"557",2001-07-10,-52.6623306274414,48.1556283354368,15.9375
"558",2001-07-11,NA,48.1556283354368,15.9375
"559",2001-07-12,-29.6913909912109,48.1556283354368,15.9375
"560",2001-07-13,NA,48.1556283354368,15.9375
"561",2001-07-14,-17.490119934082,48.1556283354368,15.9375
"562",2001-07-15,NA,48.1556283354368,15.9375
"563",2001-07-16,NA,48.1556283354368,15.9375
"564",2001-07-17,-38.4292831420898,48.1556283354368,15.9375
"565",2001-07-18,-13.9011077880859,48.1556283354368,15.9375
"566",2001-07-19,-13.4124402999878,48.1556283354368,15.9375
"567",2001-07-20,-54.7903861999512,48.1556283354368,15.9375
"568",2001-07-21,NA,48.1556283354368,15.9375
"569",2001-07-22,-2.5024266242981,48.1556283354368,15.9375
"570",2001-07-23,-24.1074600219727,48.1556283354368,15.9375
"571",2001-07-24,-37.7192993164062,48.1556283354368,15.9375
"572",2001-07-25,-50.8813514709473,48.1556283354368,15.9375
"573",2001-07-26,NA,48.1556283354368,15.9375
"574",2001-07-27,NA,48.1556283354368,15.9375
"575",2001-07-28,NA,48.1556283354368,15.9375
"576",2001-07-29,-18.8750095367432,48.1556283354368,15.9375
"577",2001-07-30,NA,48.1556283354368,15.9375
"578",2001-07-31,NA,48.1556283354368,15.9375
"579",2001-08-01,NA,48.1556283354368,15.9375
"580",2001-08-02,NA,48.1556283354368,15.9375
"581",2001-08-03,NA,48.1556283354368,15.9375
"582",2001-08-04,NA,48.1556283354368,15.9375
"583",2001-08-05,-19.8738498687744,48.1556283354368,15.9375
"584",2001-08-06,-17.1370525360107,48.1556283354368,15.9375
"585",2001-08-07,NA,48.1556283354368,15.9375
"586",2001-08-08,NA,48.1556283354368,15.9375
"587",2001-08-09,0.10847544670105,48.1556283354368,15.9375
"588",2001-08-10,-22.222375869751,48.1556283354368,15.9375
"589",2001-08-11,-36.9537963867188,48.1556283354368,15.9375
"590",2001-08-12,NA,48.1556283354368,15.9375
"591",2001-08-13,NA,48.1556283354368,15.9375
"592",2001-08-14,NA,48.1556283354368,15.9375
"593",2001-08-15,NA,48.1556283354368,15.9375
"594",2001-08-16,NA,48.1556283354368,15.9375
"595",2001-08-17,NA,48.1556283354368,15.9375
"596",2001-08-18,NA,48.1556283354368,15.9375
"597",2001-08-19,NA,48.1556283354368,15.9375
"598",2001-08-20,NA,48.1556283354368,15.9375
"599",2001-08-21,NA,48.1556283354368,15.9375
"600",2001-08-22,NA,48.1556283354368,15.9375
"601",2001-08-23,NA,48.1556283354368,15.9375
"602",2001-08-24,NA,48.1556283354368,15.9375
"603",2001-08-25,NA,48.1556283354368,15.9375
"604",2001-08-26,NA,48.1556283354368,15.9375
"605",2001-08-27,NA,48.1556283354368,15.9375
"606",2001-08-28,NA,48.1556283354368,15.9375
"607",2001-08-29,NA,48.1556283354368,15.9375
"608",2001-08-30,NA,48.1556283354368,15.9375
"609",2001-08-31,-6.37767219543457,48.1556283354368,15.9375
"610",2001-09-01,-65.4834442138672,48.1556283354368,15.9375
"611",2001-09-02,-65.758186340332,48.1556283354368,15.9375
"612",2001-09-03,NA,48.1556283354368,15.9375
"613",2001-09-04,-41.038516998291,48.1556283354368,15.9375
"614",2001-09-05,-104.291961669922,48.1556283354368,15.9375
"615",2001-09-06,-32.4466285705566,48.1556283354368,15.9375
"616",2001-09-07,-61.1170616149902,48.1556283354368,15.9375
"617",2001-09-08,-20.0986061096191,48.1556283354368,15.9375
"618",2001-09-09,-38.7360382080078,48.1556283354368,15.9375
"619",2001-09-10,-26.1025524139404,48.1556283354368,15.9375
"620",2001-09-11,-22.9217948913574,48.1556283354368,15.9375
"621",2001-09-12,-36.4360389709473,48.1556283354368,15.9375
"622",2001-09-13,-53.6385498046875,48.1556283354368,15.9375
"623",2001-09-14,-31.3868217468262,48.1556283354368,15.9375
"624",2001-09-15,-59.6274185180664,48.1556283354368,15.9375
"625",2001-09-16,-59.2783088684082,48.1556283354368,15.9375
"626",2001-09-17,-59.2082481384277,48.1556283354368,15.9375
"627",2001-09-18,-81.7722015380859,48.1556283354368,15.9375
"628",2001-09-19,-60.5629005432129,48.1556283354368,15.9375
"629",2001-09-20,NA,48.1556283354368,15.9375
"630",2001-09-21,1.12283897399902,48.1556283354368,15.9375
"631",2001-09-22,4.36657238006592,48.1556283354368,15.9375
"632",2001-09-23,4.16476821899414,48.1556283354368,15.9375
"633",2001-09-24,2.09186792373657,48.1556283354368,15.9375
"634",2001-09-25,-64.9832611083984,48.1556283354368,15.9375
"635",2001-09-26,-97.5809936523438,48.1556283354368,15.9375
"636",2001-09-27,NA,48.1556283354368,15.9375
"637",2001-09-28,NA,48.1556283354368,15.9375
"638",2001-09-29,NA,48.1556283354368,15.9375
"639",2001-09-30,-8.45586490631104,48.1556283354368,15.9375
"640",2001-10-01,NA,48.1556283354368,15.9375
"641",2001-10-02,NA,48.1556283354368,15.9375
"642",2001-10-03,-6.93965864181519,48.1556283354368,15.9375
"643",2001-10-04,-7.58928060531616,48.1556283354368,15.9375
"644",2001-10-05,-8.27229976654053,48.1556283354368,15.9375
"645",2001-10-06,0.590160071849823,48.1556283354368,15.9375
"646",2001-10-07,-1.12948572635651,48.1556283354368,15.9375
"647",2001-10-08,1.25009632110596,48.1556283354368,15.9375
"648",2001-10-09,-3.0801477432251,48.1556283354368,15.9375
"649",2001-10-10,-2.04709362983704,48.1556283354368,15.9375
"650",2001-10-11,NA,48.1556283354368,15.9375
"651",2001-10-12,NA,48.1556283354368,15.9375
"652",2001-10-13,NA,48.1556283354368,15.9375
"653",2001-10-14,NA,48.1556283354368,15.9375
"654",2001-10-15,NA,48.1556283354368,15.9375
"655",2001-10-16,-3.57187938690186,48.1556283354368,15.9375
"656",2001-10-17,NA,48.1556283354368,15.9375
"657",2001-10-18,NA,48.1556283354368,15.9375
"658",2001-10-19,NA,48.1556283354368,15.9375
"659",2001-10-20,5.00780534744263,48.1556283354368,15.9375
"660",2001-10-21,-0.197097823023796,48.1556283354368,15.9375
"661",2001-10-22,-11.7321329116821,48.1556283354368,15.9375
"662",2001-10-23,-8.72423553466797,48.1556283354368,15.9375
"663",2001-10-24,-5.71858501434326,48.1556283354368,15.9375
"664",2001-10-25,NA,48.1556283354368,15.9375
"665",2001-10-26,NA,48.1556283354368,15.9375
"666",2001-10-27,NA,48.1556283354368,15.9375
"667",2001-10-28,NA,48.1556283354368,15.9375
"668",2001-10-29,-3.35254383087158,48.1556283354368,15.9375
"669",2001-10-30,-1.09571826457977,48.1556283354368,15.9375
"670",2001-10-31,NA,48.1556283354368,15.9375
"671",2001-11-01,-25.5447463989258,48.1556283354368,15.9375
"672",2001-11-02,NA,48.1556283354368,15.9375
"673",2001-11-03,NA,48.1556283354368,15.9375
"674",2001-11-04,2.0936017036438,48.1556283354368,15.9375
"675",2001-11-05,-3.22942614555359,48.1556283354368,15.9375
"676",2001-11-06,-1.37588083744049,48.1556283354368,15.9375
"677",2001-11-07,-1.72534203529358,48.1556283354368,15.9375
"678",2001-11-08,-20.6886539459229,48.1556283354368,15.9375
"679",2001-11-09,-74.132209777832,48.1556283354368,15.9375
"680",2001-11-10,-36.0441703796387,48.1556283354368,15.9375
"681",2001-11-11,-3.57278823852539,48.1556283354368,15.9375
"682",2001-11-12,-24.21848487854,48.1556283354368,15.9375
"683",2001-11-13,-30.6488914489746,48.1556283354368,15.9375
"684",2001-11-14,NA,48.1556283354368,15.9375
"685",2001-11-15,NA,48.1556283354368,15.9375
"686",2001-11-16,-17.3335399627686,48.1556283354368,15.9375
"687",2001-11-17,-3.06325793266296,48.1556283354368,15.9375
"688",2001-11-18,-2.28418564796448,48.1556283354368,15.9375
"689",2001-11-19,-17.5772285461426,48.1556283354368,15.9375
"690",2001-11-20,NA,48.1556283354368,15.9375
"691",2001-11-21,-21.3949108123779,48.1556283354368,15.9375
"692",2001-11-22,-18.3981132507324,48.1556283354368,15.9375
"693",2001-11-23,-2.91676783561707,48.1556283354368,15.9375
"694",2001-11-24,-13.4968433380127,48.1556283354368,15.9375
"695",2001-11-25,NA,48.1556283354368,15.9375
"696",2001-11-26,-17.3564891815186,48.1556283354368,15.9375
"697",2001-11-27,-32.1380996704102,48.1556283354368,15.9375
"698",2001-11-28,-46.6157913208008,48.1556283354368,15.9375
"699",2001-11-29,-23.3118324279785,48.1556283354368,15.9375
"700",2001-11-30,-29.4034957885742,48.1556283354368,15.9375
"701",2001-12-01,-93.2450866699219,48.1556283354368,15.9375
"702",2001-12-02,-62.938892364502,48.1556283354368,15.9375
"703",2001-12-03,-47.7337417602539,48.1556283354368,15.9375
"704",2001-12-04,-41.58203125,48.1556283354368,15.9375
"705",2001-12-05,-28.1747989654541,48.1556283354368,15.9375
"706",2001-12-06,-14.6450452804565,48.1556283354368,15.9375
"707",2001-12-07,NA,48.1556283354368,15.9375
"708",2001-12-08,NA,48.1556283354368,15.9375
"709",2001-12-09,NA,48.1556283354368,15.9375
"710",2001-12-10,-10.1209392547607,48.1556283354368,15.9375
"711",2001-12-11,-17.1342658996582,48.1556283354368,15.9375
"712",2001-12-12,-36.7430686950684,48.1556283354368,15.9375
"713",2001-12-13,-108.69327545166,48.1556283354368,15.9375
"714",2001-12-14,NA,48.1556283354368,15.9375
"715",2001-12-15,NA,48.1556283354368,15.9375
"716",2001-12-16,NA,48.1556283354368,15.9375
"717",2001-12-17,-22.2744731903076,48.1556283354368,15.9375
"718",2001-12-18,-31.7216091156006,48.1556283354368,15.9375
"719",2001-12-19,-25.2506732940674,48.1556283354368,15.9375
"720",2001-12-20,-17.2657909393311,48.1556283354368,15.9375
"721",2001-12-21,-29.4608097076416,48.1556283354368,15.9375
"722",2001-12-22,NA,48.1556283354368,15.9375
"723",2001-12-23,-13.2101144790649,48.1556283354368,15.9375
"724",2001-12-24,NA,48.1556283354368,15.9375
"725",2001-12-25,-21.0813465118408,48.1556283354368,15.9375
"726",2001-12-26,-41.8835983276367,48.1556283354368,15.9375
"727",2001-12-27,-96.0195770263672,48.1556283354368,15.9375
"728",2001-12-28,1.76089799404144,48.1556283354368,15.9375
"729",2001-12-29,-8.10982036590576,48.1556283354368,15.9375
"730",2001-12-30,-3.84343886375427,48.1556283354368,15.9375
"731",2001-12-31,NA,48.1556283354368,15.9375
"732",2002-01-01,-3.91952109336853,48.1556283354368,15.9375
"733",2002-01-02,-9.45025634765625,48.1556283354368,15.9375
"734",2002-01-03,NA,48.1556283354368,15.9375
"735",2002-01-04,-24.2341346740723,48.1556283354368,15.9375
"736",2002-01-05,-12.4917039871216,48.1556283354368,15.9375
"737",2002-01-06,-11.754602432251,48.1556283354368,15.9375
"738",2002-01-07,-6.45348930358887,48.1556283354368,15.9375
"739",2002-01-08,NA,48.1556283354368,15.9375
"740",2002-01-09,-27.3532829284668,48.1556283354368,15.9375
"741",2002-01-10,-22.1858882904053,48.1556283354368,15.9375
"742",2002-01-11,-22.5107936859131,48.1556283354368,15.9375
"743",2002-01-12,-10.3045320510864,48.1556283354368,15.9375
"744",2002-01-13,-32.0555000305176,48.1556283354368,15.9375
"745",2002-01-14,-58.2835502624512,48.1556283354368,15.9375
"746",2002-01-15,-56.2994842529297,48.1556283354368,15.9375
"747",2002-01-16,-52.4239654541016,48.1556283354368,15.9375
"748",2002-01-17,-30.7409934997559,48.1556283354368,15.9375
"749",2002-01-18,NA,48.1556283354368,15.9375
"750",2002-01-19,-28.3767127990723,48.1556283354368,15.9375
"751",2002-01-20,-13.7945737838745,48.1556283354368,15.9375
"752",2002-01-21,-10.6282005310059,48.1556283354368,15.9375
"753",2002-01-22,-2.968022108078,48.1556283354368,15.9375
"754",2002-01-23,3.22814202308655,48.1556283354368,15.9375
"755",2002-01-24,-29.8372611999512,48.1556283354368,15.9375
"756",2002-01-25,NA,48.1556283354368,15.9375
"757",2002-01-26,-12.7086324691772,48.1556283354368,15.9375
"758",2002-01-27,-12.4650135040283,48.1556283354368,15.9375
"759",2002-01-28,-24.6228122711182,48.1556283354368,15.9375
"760",2002-01-29,-16.3432197570801,48.1556283354368,15.9375
"761",2002-01-30,-10.9089813232422,48.1556283354368,15.9375
"762",2002-01-31,-16.8242931365967,48.1556283354368,15.9375
"763",2002-02-01,-3.10625052452087,48.1556283354368,15.9375
"764",2002-02-02,-26.8201560974121,48.1556283354368,15.9375
"765",2002-02-03,-30.9376735687256,48.1556283354368,15.9375
"766",2002-02-04,-19.8133735656738,48.1556283354368,15.9375
"767",2002-02-05,-6.10200643539429,48.1556283354368,15.9375
"768",2002-02-06,-6.67022943496704,48.1556283354368,15.9375
"769",2002-02-07,-15.571325302124,48.1556283354368,15.9375
"770",2002-02-08,-44.2641677856445,48.1556283354368,15.9375
"771",2002-02-09,-8.00589275360107,48.1556283354368,15.9375
"772",2002-02-10,-5.10575723648071,48.1556283354368,15.9375
"773",2002-02-11,-0.214512169361115,48.1556283354368,15.9375
"774",2002-02-12,-6.37363243103027,48.1556283354368,15.9375
"775",2002-02-13,-3.8773090839386,48.1556283354368,15.9375
"776",2002-02-14,-17.1427783966064,48.1556283354368,15.9375
"777",2002-02-15,-2.20573210716248,48.1556283354368,15.9375
"778",2002-02-16,1.43352103233337,48.1556283354368,15.9375
"779",2002-02-17,-8.9559440612793,48.1556283354368,15.9375
"780",2002-02-18,-1.2733166217804,48.1556283354368,15.9375
"781",2002-02-19,-9.23708629608154,48.1556283354368,15.9375
"782",2002-02-20,-4.54795837402344,48.1556283354368,15.9375
"783",2002-02-21,-51.1140098571777,48.1556283354368,15.9375
"784",2002-02-22,NA,48.1556283354368,15.9375
"785",2002-02-23,-4.2127833366394,48.1556283354368,15.9375
"786",2002-02-24,-8.40402030944824,48.1556283354368,15.9375
"787",2002-02-25,4.59354972839355,48.1556283354368,15.9375
"788",2002-02-26,NA,48.1556283354368,15.9375
"789",2002-02-27,0.161974206566811,48.1556283354368,15.9375
"790",2002-02-28,4.84033679962158,48.1556283354368,15.9375
"791",2002-03-01,-13.161226272583,48.1556283354368,15.9375
"792",2002-03-02,3.53010392189026,48.1556283354368,15.9375
"793",2002-03-03,-27.9055690765381,48.1556283354368,15.9375
"794",2002-03-04,-24.6975936889648,48.1556283354368,15.9375
"795",2002-03-05,NA,48.1556283354368,15.9375
"796",2002-03-06,NA,48.1556283354368,15.9375
"797",2002-03-07,-4.61097955703735,48.1556283354368,15.9375
"798",2002-03-08,NA,48.1556283354368,15.9375
"799",2002-03-09,NA,48.1556283354368,15.9375
"800",2002-03-10,NA,48.1556283354368,15.9375
"801",2002-03-11,NA,48.1556283354368,15.9375
"802",2002-03-12,NA,48.1556283354368,15.9375
"803",2002-03-13,NA,48.1556283354368,15.9375
"804",2002-03-14,NA,48.1556283354368,15.9375
"805",2002-03-15,NA,48.1556283354368,15.9375
"806",2002-03-16,NA,48.1556283354368,15.9375
"807",2002-03-17,NA,48.1556283354368,15.9375
"808",2002-03-18,NA,48.1556283354368,15.9375
"809",2002-03-19,-15.3731679916382,48.1556283354368,15.9375
"810",2002-03-20,NA,48.1556283354368,15.9375
"811",2002-03-21,-29.6074962615967,48.1556283354368,15.9375
"812",2002-03-22,-30.8798580169678,48.1556283354368,15.9375
"813",2002-03-23,-60.9030570983887,48.1556283354368,15.9375
"814",2002-03-24,-89.1519393920898,48.1556283354368,15.9375
"815",2002-03-25,NA,48.1556283354368,15.9375
"816",2002-03-26,NA,48.1556283354368,15.9375
"817",2002-03-27,-58.4510917663574,48.1556283354368,15.9375
"818",2002-03-28,NA,48.1556283354368,15.9375
"819",2002-03-29,NA,48.1556283354368,15.9375
"820",2002-03-30,NA,48.1556283354368,15.9375
"821",2002-03-31,NA,48.1556283354368,15.9375
"822",2002-04-01,NA,48.1556283354368,15.9375
"823",2002-04-02,NA,48.1556283354368,15.9375
"824",2002-04-03,NA,48.1556283354368,15.9375
"825",2002-04-04,NA,48.1556283354368,15.9375
"826",2002-04-05,-31.0663280487061,48.1556283354368,15.9375
"827",2002-04-06,-4.42023754119873,48.1556283354368,15.9375
"828",2002-04-07,NA,48.1556283354368,15.9375
"829",2002-04-08,-47.5292472839355,48.1556283354368,15.9375
"830",2002-04-09,-76.705322265625,48.1556283354368,15.9375
"831",2002-04-10,-69.7701873779297,48.1556283354368,15.9375
"832",2002-04-11,-26.9727439880371,48.1556283354368,15.9375
"833",2002-04-12,-16.376277923584,48.1556283354368,15.9375
"834",2002-04-13,-34.9718437194824,48.1556283354368,15.9375
"835",2002-04-14,-43.6651954650879,48.1556283354368,15.9375
"836",2002-04-15,-39.2366523742676,48.1556283354368,15.9375
"837",2002-04-16,-44.1031188964844,48.1556283354368,15.9375
"838",2002-04-17,-77.6526412963867,48.1556283354368,15.9375
"839",2002-04-18,-19.4723815917969,48.1556283354368,15.9375
"840",2002-04-19,-38.0109825134277,48.1556283354368,15.9375
"841",2002-04-20,-69.8607330322266,48.1556283354368,15.9375
"842",2002-04-21,-48.1112403869629,48.1556283354368,15.9375
"843",2002-04-22,NA,48.1556283354368,15.9375
"844",2002-04-23,-36.1930389404297,48.1556283354368,15.9375
"845",2002-04-24,-11.818865776062,48.1556283354368,15.9375
"846",2002-04-25,NA,48.1556283354368,15.9375
"847",2002-04-26,NA,48.1556283354368,15.9375
"848",2002-04-27,-47.0332679748535,48.1556283354368,15.9375
"849",2002-04-28,NA,48.1556283354368,15.9375
"850",2002-04-29,7.64971303939819,48.1556283354368,15.9375
"851",2002-04-30,5.79944562911987,48.1556283354368,15.9375
"852",2002-05-01,-2.87630009651184,48.1556283354368,15.9375
"853",2002-05-02,4.13398790359497,48.1556283354368,15.9375
"854",2002-05-03,2.52506804466248,48.1556283354368,15.9375
"855",2002-05-04,-8.20567226409912,48.1556283354368,15.9375
"856",2002-05-05,-6.20819902420044,48.1556283354368,15.9375
"857",2002-05-06,NA,48.1556283354368,15.9375
"858",2002-05-07,NA,48.1556283354368,15.9375
"859",2002-05-08,6.45802783966064,48.1556283354368,15.9375
"860",2002-05-09,-0.701081275939941,48.1556283354368,15.9375
"861",2002-05-10,-5.42826461791992,48.1556283354368,15.9375
"862",2002-05-11,-16.4833354949951,48.1556283354368,15.9375
"863",2002-05-12,-31.0359401702881,48.1556283354368,15.9375
"864",2002-05-13,-29.7459163665771,48.1556283354368,15.9375
"865",2002-05-14,NA,48.1556283354368,15.9375
"866",2002-05-15,NA,48.1556283354368,15.9375
"867",2002-05-16,NA,48.1556283354368,15.9375
"868",2002-05-17,NA,48.1556283354368,15.9375
"869",2002-05-18,NA,48.1556283354368,15.9375
"870",2002-05-19,-3.14825391769409,48.1556283354368,15.9375
"871",2002-05-20,-47.6265411376953,48.1556283354368,15.9375
"872",2002-05-21,-38.7655715942383,48.1556283354368,15.9375
"873",2002-05-22,NA,48.1556283354368,15.9375
"874",2002-05-23,2.74747490882874,48.1556283354368,15.9375
"875",2002-05-24,2.00612616539001,48.1556283354368,15.9375
"876",2002-05-25,-0.413805067539215,48.1556283354368,15.9375
"877",2002-05-26,-7.36536407470703,48.1556283354368,15.9375
"878",2002-05-27,-20.7567176818848,48.1556283354368,15.9375
"879",2002-05-28,-42.7229881286621,48.1556283354368,15.9375
"880",2002-05-29,-55.5823974609375,48.1556283354368,15.9375
"881",2002-05-30,NA,48.1556283354368,15.9375
"882",2002-05-31,NA,48.1556283354368,15.9375
"883",2002-06-01,-1.00081634521484,48.1556283354368,15.9375
"884",2002-06-02,2.77289581298828,48.1556283354368,15.9375
"885",2002-06-03,-20.943675994873,48.1556283354368,15.9375
"886",2002-06-04,-31.6010398864746,48.1556283354368,15.9375
"887",2002-06-05,-0.205113798379898,48.1556283354368,15.9375
"888",2002-06-06,-6.91230869293213,48.1556283354368,15.9375
"889",2002-06-07,-56.3129615783691,48.1556283354368,15.9375
"890",2002-06-08,-8.21007347106934,48.1556283354368,15.9375
"891",2002-06-09,-20.0623302459717,48.1556283354368,15.9375
"892",2002-06-10,-63.3949584960938,48.1556283354368,15.9375
"893",2002-06-11,NA,48.1556283354368,15.9375
"894",2002-06-12,NA,48.1556283354368,15.9375
"895",2002-06-13,NA,48.1556283354368,15.9375
"896",2002-06-14,NA,48.1556283354368,15.9375
"897",2002-06-15,NA,48.1556283354368,15.9375
"898",2002-06-16,NA,48.1556283354368,15.9375
"899",2002-06-17,NA,48.1556283354368,15.9375
"900",2002-06-18,NA,48.1556283354368,15.9375
"901",2002-06-19,NA,48.1556283354368,15.9375
"902",2002-06-20,NA,48.1556283354368,15.9375
"903",2002-06-21,NA,48.1556283354368,15.9375
"904",2002-06-22,NA,48.1556283354368,15.9375
"905",2002-06-23,NA,48.1556283354368,15.9375
"906",2002-06-24,NA,48.1556283354368,15.9375
"907",2002-06-25,NA,48.1556283354368,15.9375
"908",2002-06-26,NA,48.1556283354368,15.9375
"909",2002-06-27,NA,48.1556283354368,15.9375
"910",2002-06-28,-12.5967588424683,48.1556283354368,15.9375
"911",2002-06-29,-22.2422008514404,48.1556283354368,15.9375
"912",2002-06-30,-13.0063362121582,48.1556283354368,15.9375
"913",2002-07-01,NA,48.1556283354368,15.9375
"914",2002-07-02,2.02149271965027,48.1556283354368,15.9375
"915",2002-07-03,NA,48.1556283354368,15.9375
"916",2002-07-04,0.617386043071747,48.1556283354368,15.9375
"917",2002-07-05,-68.8177947998047,48.1556283354368,15.9375
"918",2002-07-06,-39.115592956543,48.1556283354368,15.9375
"919",2002-07-07,-53.0599517822266,48.1556283354368,15.9375
"920",2002-07-08,NA,48.1556283354368,15.9375
"921",2002-07-09,NA,48.1556283354368,15.9375
"922",2002-07-10,NA,48.1556283354368,15.9375
"923",2002-07-11,NA,48.1556283354368,15.9375
"924",2002-07-12,NA,48.1556283354368,15.9375
"925",2002-07-13,-29.0728569030762,48.1556283354368,15.9375
"926",2002-07-14,-35.9467926025391,48.1556283354368,15.9375
"927",2002-07-15,-43.0107192993164,48.1556283354368,15.9375
"928",2002-07-16,-14.8009309768677,48.1556283354368,15.9375
"929",2002-07-17,-49.6000709533691,48.1556283354368,15.9375
"930",2002-07-18,-65.9784622192383,48.1556283354368,15.9375
"931",2002-07-19,-41.9530944824219,48.1556283354368,15.9375
"932",2002-07-20,-11.7638463973999,48.1556283354368,15.9375
"933",2002-07-21,-8.38592720031738,48.1556283354368,15.9375
"934",2002-07-22,-16.6279106140137,48.1556283354368,15.9375
"935",2002-07-23,NA,48.1556283354368,15.9375
"936",2002-07-24,-18.0442581176758,48.1556283354368,15.9375
"937",2002-07-25,-47.1564140319824,48.1556283354368,15.9375
"938",2002-07-26,-52.925838470459,48.1556283354368,15.9375
"939",2002-07-27,-50.4897880554199,48.1556283354368,15.9375
"940",2002-07-28,NA,48.1556283354368,15.9375
"941",2002-07-29,NA,48.1556283354368,15.9375
"942",2002-07-30,NA,48.1556283354368,15.9375
"943",2002-07-31,-35.248779296875,48.1556283354368,15.9375
"944",2002-08-01,-38.1531448364258,48.1556283354368,15.9375
"945",2002-08-02,NA,48.1556283354368,15.9375
"946",2002-08-03,NA,48.1556283354368,15.9375
"947",2002-08-04,NA,48.1556283354368,15.9375
"948",2002-08-05,NA,48.1556283354368,15.9375
"949",2002-08-06,-12.899564743042,48.1556283354368,15.9375
"950",2002-08-07,-27.5326747894287,48.1556283354368,15.9375
"951",2002-08-08,NA,48.1556283354368,15.9375
"952",2002-08-09,-55.9830780029297,48.1556283354368,15.9375
"953",2002-08-10,-34.649169921875,48.1556283354368,15.9375
"954",2002-08-11,-71.3238296508789,48.1556283354368,15.9375
"955",2002-08-12,-98.3302001953125,48.1556283354368,15.9375
"956",2002-08-13,NA,48.1556283354368,15.9375
"957",2002-08-14,NA,48.1556283354368,15.9375
"958",2002-08-15,-31.6938705444336,48.1556283354368,15.9375
"959",2002-08-16,NA,48.1556283354368,15.9375
"960",2002-08-17,-23.5874710083008,48.1556283354368,15.9375
"961",2002-08-18,-23.6515884399414,48.1556283354368,15.9375
"962",2002-08-19,NA,48.1556283354368,15.9375
"963",2002-08-20,-34.4349327087402,48.1556283354368,15.9375
"964",2002-08-21,-52.4312629699707,48.1556283354368,15.9375
"965",2002-08-22,NA,48.1556283354368,15.9375
"966",2002-08-23,NA,48.1556283354368,15.9375
"967",2002-08-24,NA,48.1556283354368,15.9375
"968",2002-08-25,NA,48.1556283354368,15.9375
"969",2002-08-26,NA,48.1556283354368,15.9375
"970",2002-08-27,-4.49061012268066,48.1556283354368,15.9375
"971",2002-08-28,-11.265513420105,48.1556283354368,15.9375
"972",2002-08-29,-24.3157978057861,48.1556283354368,15.9375
"973",2002-08-30,NA,48.1556283354368,15.9375
"974",2002-08-31,NA,48.1556283354368,15.9375
"975",2002-09-01,NA,48.1556283354368,15.9375
"976",2002-09-02,NA,48.1556283354368,15.9375
"977",2002-09-03,-33.9056701660156,48.1556283354368,15.9375
"978",2002-09-04,NA,48.1556283354368,15.9375
"979",2002-09-05,-24.5750846862793,48.1556283354368,15.9375
"980",2002-09-06,-42.0895614624023,48.1556283354368,15.9375
"981",2002-09-07,-34.7826271057129,48.1556283354368,15.9375
"982",2002-09-08,-51.2967224121094,48.1556283354368,15.9375
"983",2002-09-09,-28.5799541473389,48.1556283354368,15.9375
"984",2002-09-10,-26.8427295684814,48.1556283354368,15.9375
"985",2002-09-11,NA,48.1556283354368,15.9375
"986",2002-09-12,NA,48.1556283354368,15.9375
"987",2002-09-13,NA,48.1556283354368,15.9375
"988",2002-09-14,-9.23289489746094,48.1556283354368,15.9375
"989",2002-09-15,-12.8095045089722,48.1556283354368,15.9375
"990",2002-09-16,-35.8369522094727,48.1556283354368,15.9375
"991",2002-09-17,-16.7973442077637,48.1556283354368,15.9375
"992",2002-09-18,NA,48.1556283354368,15.9375
"993",2002-09-19,NA,48.1556283354368,15.9375
"994",2002-09-20,NA,48.1556283354368,15.9375
"995",2002-09-21,-7.41106557846069,48.1556283354368,15.9375
"996",2002-09-22,-57.5090408325195,48.1556283354368,15.9375
"997",2002-09-23,-70.8620452880859,48.1556283354368,15.9375
"998",2002-09-24,-62.3923873901367,48.1556283354368,15.9375
"999",2002-09-25,-69.5540313720703,48.1556283354368,15.9375
"1000",2002-09-26,-59.1244468688965,48.1556283354368,15.9375
"1001",2002-09-27,-80.6119537353516,48.1556283354368,15.9375
"1002",2002-09-28,NA,48.1556283354368,15.9375
"1003",2002-09-29,-79.4954681396484,48.1556283354368,15.9375
"1004",2002-09-30,NA,48.1556283354368,15.9375
"1005",2002-10-01,NA,48.1556283354368,15.9375
"1006",2002-10-02,NA,48.1556283354368,15.9375
"1007",2002-10-03,NA,48.1556283354368,15.9375
"1008",2002-10-04,-7.8924994468689,48.1556283354368,15.9375
"1009",2002-10-05,-45.6725921630859,48.1556283354368,15.9375
"1010",2002-10-06,-80.2812881469727,48.1556283354368,15.9375
"1011",2002-10-07,-80.8445129394531,48.1556283354368,15.9375
"1012",2002-10-08,-26.9089126586914,48.1556283354368,15.9375
"1013",2002-10-09,-18.8576393127441,48.1556283354368,15.9375
"1014",2002-10-10,-1.29279327392578,48.1556283354368,15.9375
"1015",2002-10-11,-12.5849847793579,48.1556283354368,15.9375
"1016",2002-10-12,-24.8871517181396,48.1556283354368,15.9375
"1017",2002-10-13,-59.1248245239258,48.1556283354368,15.9375
"1018",2002-10-14,-25.9161529541016,48.1556283354368,15.9375
"1019",2002-10-15,-23.6029319763184,48.1556283354368,15.9375
"1020",2002-10-16,-2.26794600486755,48.1556283354368,15.9375
"1021",2002-10-17,0.722360134124756,48.1556283354368,15.9375
"1022",2002-10-18,-18.5643558502197,48.1556283354368,15.9375
"1023",2002-10-19,-30.8381271362305,48.1556283354368,15.9375
"1024",2002-10-20,-27.1343803405762,48.1556283354368,15.9375
"1025",2002-10-21,1.30349493026733,48.1556283354368,15.9375
"1026",2002-10-22,-0.371098607778549,48.1556283354368,15.9375
"1027",2002-10-23,-59.6251678466797,48.1556283354368,15.9375
"1028",2002-10-24,-74.2094421386719,48.1556283354368,15.9375
"1029",2002-10-25,-29.9747428894043,48.1556283354368,15.9375
"1030",2002-10-26,NA,48.1556283354368,15.9375
"1031",2002-10-27,1.66780161857605,48.1556283354368,15.9375
"1032",2002-10-28,NA,48.1556283354368,15.9375
"1033",2002-10-29,NA,48.1556283354368,15.9375
"1034",2002-10-30,7.40477800369263,48.1556283354368,15.9375
"1035",2002-10-31,-10.2066268920898,48.1556283354368,15.9375
"1036",2002-11-01,6.59527635574341,48.1556283354368,15.9375
"1037",2002-11-02,5.83309936523438,48.1556283354368,15.9375
"1038",2002-11-03,-24.9202117919922,48.1556283354368,15.9375
"1039",2002-11-04,-43.8909645080566,48.1556283354368,15.9375
"1040",2002-11-05,-62.8579597473145,48.1556283354368,15.9375
"1041",2002-11-06,NA,48.1556283354368,15.9375
"1042",2002-11-07,-47.294849395752,48.1556283354368,15.9375
"1043",2002-11-08,-28.0033798217773,48.1556283354368,15.9375
"1044",2002-11-09,-23.7457218170166,48.1556283354368,15.9375
"1045",2002-11-10,-46.8450775146484,48.1556283354368,15.9375
"1046",2002-11-11,-21.1552734375,48.1556283354368,15.9375
"1047",2002-11-12,-29.3829364776611,48.1556283354368,15.9375
"1048",2002-11-13,-12.4130458831787,48.1556283354368,15.9375
"1049",2002-11-14,-1.17106783390045,48.1556283354368,15.9375
"1050",2002-11-15,NA,48.1556283354368,15.9375
"1051",2002-11-16,-7.98785448074341,48.1556283354368,15.9375
"1052",2002-11-17,-34.4657402038574,48.1556283354368,15.9375
"1053",2002-11-18,-24.9016342163086,48.1556283354368,15.9375
"1054",2002-11-19,-20.1871299743652,48.1556283354368,15.9375
"1055",2002-11-20,-3.72760677337646,48.1556283354368,15.9375
"1056",2002-11-21,-26.5194435119629,48.1556283354368,15.9375
"1057",2002-11-22,-51.7871322631836,48.1556283354368,15.9375
"1058",2002-11-23,-20.4853401184082,48.1556283354368,15.9375
"1059",2002-11-24,7.69603776931763,48.1556283354368,15.9375
"1060",2002-11-25,2.89323043823242,48.1556283354368,15.9375
"1061",2002-11-26,6.64463329315186,48.1556283354368,15.9375
"1062",2002-11-27,7.17028427124023,48.1556283354368,15.9375
"1063",2002-11-28,-6.5853009223938,48.1556283354368,15.9375
"1064",2002-11-29,-27.1185722351074,48.1556283354368,15.9375
"1065",2002-11-30,-38.9645881652832,48.1556283354368,15.9375
"1066",2002-12-01,NA,48.1556283354368,15.9375
"1067",2002-12-02,-70.4581146240234,48.1556283354368,15.9375
"1068",2002-12-03,-66.7544479370117,48.1556283354368,15.9375
"1069",2002-12-04,-54.8306198120117,48.1556283354368,15.9375
"1070",2002-12-05,-72.1703414916992,48.1556283354368,15.9375
"1071",2002-12-06,-71.8954696655273,48.1556283354368,15.9375
"1072",2002-12-07,-77.4305191040039,48.1556283354368,15.9375
"1073",2002-12-08,NA,48.1556283354368,15.9375
"1074",2002-12-09,-33.0481796264648,48.1556283354368,15.9375
"1075",2002-12-10,-19.0870151519775,48.1556283354368,15.9375
"1076",2002-12-11,-20.0581340789795,48.1556283354368,15.9375
"1077",2002-12-12,-18.6783428192139,48.1556283354368,15.9375
"1078",2002-12-13,-43.5851554870605,48.1556283354368,15.9375
"1079",2002-12-14,-53.5929336547852,48.1556283354368,15.9375
"1080",2002-12-15,-48.381217956543,48.1556283354368,15.9375
"1081",2002-12-16,-30.8517818450928,48.1556283354368,15.9375
"1082",2002-12-17,-32.9864501953125,48.1556283354368,15.9375
"1083",2002-12-18,-51.615795135498,48.1556283354368,15.9375
"1084",2002-12-19,-48.9679222106934,48.1556283354368,15.9375
"1085",2002-12-20,-14.4204273223877,48.1556283354368,15.9375
"1086",2002-12-21,-20.1802005767822,48.1556283354368,15.9375
"1087",2002-12-22,-14.09739112854,48.1556283354368,15.9375
"1088",2002-12-23,-18.6633129119873,48.1556283354368,15.9375
"1089",2002-12-24,-42.3943481445312,48.1556283354368,15.9375
"1090",2002-12-25,-27.9395065307617,48.1556283354368,15.9375
"1091",2002-12-26,-22.7643547058105,48.1556283354368,15.9375
"1092",2002-12-27,-23.9574432373047,48.1556283354368,15.9375
"1093",2002-12-28,-33.6953506469727,48.1556283354368,15.9375
"1094",2002-12-29,-37.0575714111328,48.1556283354368,15.9375
"1095",2002-12-30,-9.39147090911865,48.1556283354368,15.9375
"1096",2002-12-31,-67.0600433349609,48.1556283354368,15.9375
"1097",2003-01-01,-6.26342678070068,48.1556283354368,15.9375
"1098",2003-01-02,-14.3183393478394,48.1556283354368,15.9375
"1099",2003-01-03,-6.52422142028809,48.1556283354368,15.9375
"1100",2003-01-04,-16.0756244659424,48.1556283354368,15.9375
"1101",2003-01-05,-72.4859313964844,48.1556283354368,15.9375
"1102",2003-01-06,-80.5510711669922,48.1556283354368,15.9375
"1103",2003-01-07,-114.722961425781,48.1556283354368,15.9375
"1104",2003-01-08,-130.343185424805,48.1556283354368,15.9375
"1105",2003-01-09,-126.344505310059,48.1556283354368,15.9375
"1106",2003-01-10,-82.9228057861328,48.1556283354368,15.9375
"1107",2003-01-11,NA,48.1556283354368,15.9375
"1108",2003-01-12,-28.184045791626,48.1556283354368,15.9375
"1109",2003-01-13,-22.5554580688477,48.1556283354368,15.9375
"1110",2003-01-14,-18.4188022613525,48.1556283354368,15.9375
"1111",2003-01-15,-20.507698059082,48.1556283354368,15.9375
"1112",2003-01-16,-17.2903060913086,48.1556283354368,15.9375
"1113",2003-01-17,-31.8752746582031,48.1556283354368,15.9375
"1114",2003-01-18,NA,48.1556283354368,15.9375
"1115",2003-01-19,-19.8392467498779,48.1556283354368,15.9375
"1116",2003-01-20,-19.9135856628418,48.1556283354368,15.9375
"1117",2003-01-21,-40.3712120056152,48.1556283354368,15.9375
"1118",2003-01-22,-71.9056549072266,48.1556283354368,15.9375
"1119",2003-01-23,-48.5478630065918,48.1556283354368,15.9375
"1120",2003-01-24,NA,48.1556283354368,15.9375
"1121",2003-01-25,NA,48.1556283354368,15.9375
"1122",2003-01-26,NA,48.1556283354368,15.9375
"1123",2003-01-27,-25.8452434539795,48.1556283354368,15.9375
"1124",2003-01-28,-33.9099311828613,48.1556283354368,15.9375
"1125",2003-01-29,-8.82804775238037,48.1556283354368,15.9375
"1126",2003-01-30,-49.9699020385742,48.1556283354368,15.9375
"1127",2003-01-31,-55.5991897583008,48.1556283354368,15.9375
"1128",2003-02-01,NA,48.1556283354368,15.9375
"1129",2003-02-02,NA,48.1556283354368,15.9375
"1130",2003-02-03,-10.5910692214966,48.1556283354368,15.9375
"1131",2003-02-04,-70.8307495117188,48.1556283354368,15.9375
"1132",2003-02-05,-44.1787719726562,48.1556283354368,15.9375
"1133",2003-02-06,-41.9774856567383,48.1556283354368,15.9375
"1134",2003-02-07,-12.9845266342163,48.1556283354368,15.9375
"1135",2003-02-08,-21.9819316864014,48.1556283354368,15.9375
"1136",2003-02-09,-41.9225883483887,48.1556283354368,15.9375
"1137",2003-02-10,-46.3279037475586,48.1556283354368,15.9375
"1138",2003-02-11,NA,48.1556283354368,15.9375
"1139",2003-02-12,-86.6551513671875,48.1556283354368,15.9375
"1140",2003-02-13,NA,48.1556283354368,15.9375
"1141",2003-02-14,-62.0016479492188,48.1556283354368,15.9375
"1142",2003-02-15,-36.1797370910645,48.1556283354368,15.9375
"1143",2003-02-16,-81.7971343994141,48.1556283354368,15.9375
"1144",2003-02-17,NA,48.1556283354368,15.9375
"1145",2003-02-18,NA,48.1556283354368,15.9375
"1146",2003-02-19,NA,48.1556283354368,15.9375
"1147",2003-02-20,NA,48.1556283354368,15.9375
"1148",2003-02-21,NA,48.1556283354368,15.9375
"1149",2003-02-22,-51.8722991943359,48.1556283354368,15.9375
"1150",2003-02-23,NA,48.1556283354368,15.9375
"1151",2003-02-24,-9.67499446868896,48.1556283354368,15.9375
"1152",2003-02-25,NA,48.1556283354368,15.9375
"1153",2003-02-26,NA,48.1556283354368,15.9375
"1154",2003-02-27,-5.75919342041016,48.1556283354368,15.9375
"1155",2003-02-28,NA,48.1556283354368,15.9375
"1156",2003-03-01,NA,48.1556283354368,15.9375
"1157",2003-03-02,-39.7191162109375,48.1556283354368,15.9375
"1158",2003-03-03,-88.2739486694336,48.1556283354368,15.9375
"1159",2003-03-04,NA,48.1556283354368,15.9375
"1160",2003-03-05,NA,48.1556283354368,15.9375
"1161",2003-03-06,-44.9998092651367,48.1556283354368,15.9375
"1162",2003-03-07,-59.7100448608398,48.1556283354368,15.9375
"1163",2003-03-08,-32.9737358093262,48.1556283354368,15.9375
"1164",2003-03-09,-16.0127220153809,48.1556283354368,15.9375
"1165",2003-03-10,NA,48.1556283354368,15.9375
"1166",2003-03-11,-10.8524265289307,48.1556283354368,15.9375
"1167",2003-03-12,-6.87184524536133,48.1556283354368,15.9375
"1168",2003-03-13,-21.0327816009521,48.1556283354368,15.9375
"1169",2003-03-14,NA,48.1556283354368,15.9375
"1170",2003-03-15,-93.5630416870117,48.1556283354368,15.9375
"1171",2003-03-16,-78.7510604858398,48.1556283354368,15.9375
"1172",2003-03-17,NA,48.1556283354368,15.9375
"1173",2003-03-18,NA,48.1556283354368,15.9375
"1174",2003-03-19,NA,48.1556283354368,15.9375
"1175",2003-03-20,NA,48.1556283354368,15.9375
"1176",2003-03-21,NA,48.1556283354368,15.9375
"1177",2003-03-22,NA,48.1556283354368,15.9375
"1178",2003-03-23,NA,48.1556283354368,15.9375
"1179",2003-03-24,NA,48.1556283354368,15.9375
"1180",2003-03-25,NA,48.1556283354368,15.9375
"1181",2003-03-26,NA,48.1556283354368,15.9375
"1182",2003-03-27,NA,48.1556283354368,15.9375
"1183",2003-03-28,NA,48.1556283354368,15.9375
"1184",2003-03-29,NA,48.1556283354368,15.9375
"1185",2003-03-30,NA,48.1556283354368,15.9375
"1186",2003-03-31,-17.8122119903564,48.1556283354368,15.9375
"1187",2003-04-01,NA,48.1556283354368,15.9375
"1188",2003-04-02,-82.0504760742188,48.1556283354368,15.9375
"1189",2003-04-03,-79.2733383178711,48.1556283354368,15.9375
"1190",2003-04-04,-41.9057579040527,48.1556283354368,15.9375
"1191",2003-04-05,NA,48.1556283354368,15.9375
"1192",2003-04-06,3.99683856964111,48.1556283354368,15.9375
"1193",2003-04-07,-14.0035743713379,48.1556283354368,15.9375
"1194",2003-04-08,NA,48.1556283354368,15.9375
"1195",2003-04-09,-17.1172924041748,48.1556283354368,15.9375
"1196",2003-04-10,-21.057107925415,48.1556283354368,15.9375
"1197",2003-04-11,-10.9505052566528,48.1556283354368,15.9375
"1198",2003-04-12,-51.1129493713379,48.1556283354368,15.9375
"1199",2003-04-13,-37.0866546630859,48.1556283354368,15.9375
"1200",2003-04-14,-39.6877861022949,48.1556283354368,15.9375
"1201",2003-04-15,-16.2770557403564,48.1556283354368,15.9375
"1202",2003-04-16,NA,48.1556283354368,15.9375
"1203",2003-04-17,NA,48.1556283354368,15.9375
"1204",2003-04-18,-3.61211919784546,48.1556283354368,15.9375
"1205",2003-04-19,-10.6272983551025,48.1556283354368,15.9375
"1206",2003-04-20,2.52695536613464,48.1556283354368,15.9375
"1207",2003-04-21,0.0682930797338486,48.1556283354368,15.9375
"1208",2003-04-22,-2.30913329124451,48.1556283354368,15.9375
"1209",2003-04-23,NA,48.1556283354368,15.9375
"1210",2003-04-24,NA,48.1556283354368,15.9375
"1211",2003-04-25,NA,48.1556283354368,15.9375
"1212",2003-04-26,-5.39307403564453,48.1556283354368,15.9375
"1213",2003-04-27,-4.9859185218811,48.1556283354368,15.9375
"1214",2003-04-28,-0.936343908309937,48.1556283354368,15.9375
"1215",2003-04-29,-1.75229060649872,48.1556283354368,15.9375
"1216",2003-04-30,2.17836833000183,48.1556283354368,15.9375
"1217",2003-05-01,NA,48.1556283354368,15.9375
"1218",2003-05-02,0.852511823177338,48.1556283354368,15.9375
"1219",2003-05-03,NA,48.1556283354368,15.9375
"1220",2003-05-04,NA,48.1556283354368,15.9375
"1221",2003-05-05,NA,48.1556283354368,15.9375
"1222",2003-05-06,NA,48.1556283354368,15.9375
"1223",2003-05-07,NA,48.1556283354368,15.9375
"1224",2003-05-08,NA,48.1556283354368,15.9375
"1225",2003-05-09,NA,48.1556283354368,15.9375
"1226",2003-05-10,NA,48.1556283354368,15.9375
"1227",2003-05-11,NA,48.1556283354368,15.9375
"1228",2003-05-12,NA,48.1556283354368,15.9375
"1229",2003-05-13,NA,48.1556283354368,15.9375
"1230",2003-05-14,-10.2201538085938,48.1556283354368,15.9375
"1231",2003-05-15,NA,48.1556283354368,15.9375
"1232",2003-05-16,NA,48.1556283354368,15.9375
"1233",2003-05-17,NA,48.1556283354368,15.9375
"1234",2003-05-18,NA,48.1556283354368,15.9375
"1235",2003-05-19,NA,48.1556283354368,15.9375
"1236",2003-05-20,-51.2675743103027,48.1556283354368,15.9375
"1237",2003-05-21,-82.5869369506836,48.1556283354368,15.9375
"1238",2003-05-22,-26.3933773040771,48.1556283354368,15.9375
"1239",2003-05-23,-13.4556407928467,48.1556283354368,15.9375
"1240",2003-05-24,NA,48.1556283354368,15.9375
"1241",2003-05-25,-4.89670705795288,48.1556283354368,15.9375
"1242",2003-05-26,NA,48.1556283354368,15.9375
"1243",2003-05-27,NA,48.1556283354368,15.9375
"1244",2003-05-28,NA,48.1556283354368,15.9375
"1245",2003-05-29,-24.3049507141113,48.1556283354368,15.9375
"1246",2003-05-30,NA,48.1556283354368,15.9375
"1247",2003-05-31,-20.912956237793,48.1556283354368,15.9375
"1248",2003-06-01,-30.7350234985352,48.1556283354368,15.9375
"1249",2003-06-02,-50.5488128662109,48.1556283354368,15.9375
"1250",2003-06-03,-57.5729789733887,48.1556283354368,15.9375
"1251",2003-06-04,NA,48.1556283354368,15.9375
"1252",2003-06-05,NA,48.1556283354368,15.9375
"1253",2003-06-06,-42.9858169555664,48.1556283354368,15.9375
"1254",2003-06-07,-65.490966796875,48.1556283354368,15.9375
"1255",2003-06-08,NA,48.1556283354368,15.9375
"1256",2003-06-09,NA,48.1556283354368,15.9375
"1257",2003-06-10,NA,48.1556283354368,15.9375
"1258",2003-06-11,NA,48.1556283354368,15.9375
"1259",2003-06-12,NA,48.1556283354368,15.9375
"1260",2003-06-13,NA,48.1556283354368,15.9375
"1261",2003-06-14,-31.0970325469971,48.1556283354368,15.9375
"1262",2003-06-15,-39.1417465209961,48.1556283354368,15.9375
"1263",2003-06-16,-29.3201026916504,48.1556283354368,15.9375
"1264",2003-06-17,-4.90427160263062,48.1556283354368,15.9375
"1265",2003-06-18,-26.8959045410156,48.1556283354368,15.9375
"1266",2003-06-19,-18.3134803771973,48.1556283354368,15.9375
"1267",2003-06-20,-17.1307353973389,48.1556283354368,15.9375
"1268",2003-06-21,-18.6625537872314,48.1556283354368,15.9375
"1269",2003-06-22,NA,48.1556283354368,15.9375
"1270",2003-06-23,NA,48.1556283354368,15.9375
"1271",2003-06-24,-25.8356037139893,48.1556283354368,15.9375
"1272",2003-06-25,NA,48.1556283354368,15.9375
"1273",2003-06-26,-25.0747108459473,48.1556283354368,15.9375
"1274",2003-06-27,NA,48.1556283354368,15.9375
"1275",2003-06-28,-31.9010772705078,48.1556283354368,15.9375
"1276",2003-06-29,-30.875940322876,48.1556283354368,15.9375
"1277",2003-06-30,NA,48.1556283354368,15.9375
"1278",2003-07-01,-6.90913820266724,48.1556283354368,15.9375
"1279",2003-07-02,-5.41947793960571,48.1556283354368,15.9375
"1280",2003-07-03,-23.8899078369141,48.1556283354368,15.9375
"1281",2003-07-04,-44.5688018798828,48.1556283354368,15.9375
"1282",2003-07-05,-34.8007698059082,48.1556283354368,15.9375
"1283",2003-07-06,-42.042179107666,48.1556283354368,15.9375
"1284",2003-07-07,-39.8161315917969,48.1556283354368,15.9375
"1285",2003-07-08,-39.8613510131836,48.1556283354368,15.9375
"1286",2003-07-09,-33.2666397094727,48.1556283354368,15.9375
"1287",2003-07-10,-37.1843872070312,48.1556283354368,15.9375
"1288",2003-07-11,-23.1995849609375,48.1556283354368,15.9375
"1289",2003-07-12,NA,48.1556283354368,15.9375
"1290",2003-07-13,-35.3695335388184,48.1556283354368,15.9375
"1291",2003-07-14,NA,48.1556283354368,15.9375
"1292",2003-07-15,NA,48.1556283354368,15.9375
"1293",2003-07-16,NA,48.1556283354368,15.9375
"1294",2003-07-17,-11.1360807418823,48.1556283354368,15.9375
"1295",2003-07-18,NA,48.1556283354368,15.9375
"1296",2003-07-19,NA,48.1556283354368,15.9375
"1297",2003-07-20,NA,48.1556283354368,15.9375
"1298",2003-07-21,NA,48.1556283354368,15.9375
"1299",2003-07-22,NA,48.1556283354368,15.9375
"1300",2003-07-23,NA,48.1556283354368,15.9375
"1301",2003-07-24,NA,48.1556283354368,15.9375
"1302",2003-07-25,NA,48.1556283354368,15.9375
"1303",2003-07-26,NA,48.1556283354368,15.9375
"1304",2003-07-27,NA,48.1556283354368,15.9375
"1305",2003-07-28,-23.675220489502,48.1556283354368,15.9375
"1306",2003-07-29,-45.205020904541,48.1556283354368,15.9375
"1307",2003-07-30,NA,48.1556283354368,15.9375
"1308",2003-07-31,-31.9535865783691,48.1556283354368,15.9375
"1309",2003-08-01,-24.2820510864258,48.1556283354368,15.9375
"1310",2003-08-02,NA,48.1556283354368,15.9375
"1311",2003-08-03,NA,48.1556283354368,15.9375
"1312",2003-08-04,NA,48.1556283354368,15.9375
"1313",2003-08-05,NA,48.1556283354368,15.9375
"1314",2003-08-06,-25.979097366333,48.1556283354368,15.9375
"1315",2003-08-07,-12.0877475738525,48.1556283354368,15.9375
"1316",2003-08-08,NA,48.1556283354368,15.9375
"1317",2003-08-09,NA,48.1556283354368,15.9375
"1318",2003-08-10,NA,48.1556283354368,15.9375
"1319",2003-08-11,NA,48.1556283354368,15.9375
"1320",2003-08-12,NA,48.1556283354368,15.9375
"1321",2003-08-13,NA,48.1556283354368,15.9375
"1322",2003-08-14,-18.3447399139404,48.1556283354368,15.9375
"1323",2003-08-15,-10.4277820587158,48.1556283354368,15.9375
"1324",2003-08-16,NA,48.1556283354368,15.9375
"1325",2003-08-17,NA,48.1556283354368,15.9375
"1326",2003-08-18,-5.49319696426392,48.1556283354368,15.9375
"1327",2003-08-19,NA,48.1556283354368,15.9375
"1328",2003-08-20,NA,48.1556283354368,15.9375
"1329",2003-08-21,NA,48.1556283354368,15.9375
"1330",2003-08-22,NA,48.1556283354368,15.9375
"1331",2003-08-23,NA,48.1556283354368,15.9375
"1332",2003-08-24,NA,48.1556283354368,15.9375
"1333",2003-08-25,NA,48.1556283354368,15.9375
"1334",2003-08-26,NA,48.1556283354368,15.9375
"1335",2003-08-27,-18.6683959960938,48.1556283354368,15.9375
"1336",2003-08-28,-12.2297086715698,48.1556283354368,15.9375
"1337",2003-08-29,0.16925060749054,48.1556283354368,15.9375
"1338",2003-08-30,5.2202262878418,48.1556283354368,15.9375
"1339",2003-08-31,-17.3127479553223,48.1556283354368,15.9375
"1340",2003-09-01,NA,48.1556283354368,15.9375
"1341",2003-09-02,NA,48.1556283354368,15.9375
"1342",2003-09-03,NA,48.1556283354368,15.9375
"1343",2003-09-04,NA,48.1556283354368,15.9375
"1344",2003-09-05,NA,48.1556283354368,15.9375
"1345",2003-09-06,NA,48.1556283354368,15.9375
"1346",2003-09-07,NA,48.1556283354368,15.9375
"1347",2003-09-08,-15.8023834228516,48.1556283354368,15.9375
"1348",2003-09-09,-30.9024219512939,48.1556283354368,15.9375
"1349",2003-09-10,-69.6123657226562,48.1556283354368,15.9375
"1350",2003-09-11,-7.42075634002686,48.1556283354368,15.9375
"1351",2003-09-12,-30.1372241973877,48.1556283354368,15.9375
"1352",2003-09-13,-36.2268371582031,48.1556283354368,15.9375
"1353",2003-09-14,-37.8150634765625,48.1556283354368,15.9375
"1354",2003-09-15,-27.3670711517334,48.1556283354368,15.9375
"1355",2003-09-16,NA,48.1556283354368,15.9375
"1356",2003-09-17,NA,48.1556283354368,15.9375
"1357",2003-09-18,NA,48.1556283354368,15.9375
"1358",2003-09-19,NA,48.1556283354368,15.9375
"1359",2003-09-20,NA,48.1556283354368,15.9375
"1360",2003-09-21,NA,48.1556283354368,15.9375
"1361",2003-09-22,NA,48.1556283354368,15.9375
"1362",2003-09-23,-29.5279121398926,48.1556283354368,15.9375
"1363",2003-09-24,-52.1622772216797,48.1556283354368,15.9375
"1364",2003-09-25,NA,48.1556283354368,15.9375
"1365",2003-09-26,NA,48.1556283354368,15.9375
"1366",2003-09-27,NA,48.1556283354368,15.9375
"1367",2003-09-28,-4.18472623825073,48.1556283354368,15.9375
"1368",2003-09-29,-38.187858581543,48.1556283354368,15.9375
"1369",2003-09-30,-22.1047992706299,48.1556283354368,15.9375
"1370",2003-10-01,NA,48.1556283354368,15.9375
"1371",2003-10-02,NA,48.1556283354368,15.9375
"1372",2003-10-03,NA,48.1556283354368,15.9375
"1373",2003-10-04,-5.42117738723755,48.1556283354368,15.9375
"1374",2003-10-05,-111.350631713867,48.1556283354368,15.9375
"1375",2003-10-06,-144.879623413086,48.1556283354368,15.9375
"1376",2003-10-07,-16.4072704315186,48.1556283354368,15.9375
"1377",2003-10-08,-25.8313941955566,48.1556283354368,15.9375
"1378",2003-10-09,NA,48.1556283354368,15.9375
"1379",2003-10-10,NA,48.1556283354368,15.9375
"1380",2003-10-11,NA,48.1556283354368,15.9375
"1381",2003-10-12,NA,48.1556283354368,15.9375
"1382",2003-10-13,-12.0810384750366,48.1556283354368,15.9375
"1383",2003-10-14,-13.4522657394409,48.1556283354368,15.9375
"1384",2003-10-15,NA,48.1556283354368,15.9375
"1385",2003-10-16,NA,48.1556283354368,15.9375
"1386",2003-10-17,NA,48.1556283354368,15.9375
"1387",2003-10-18,-88.8227615356445,48.1556283354368,15.9375
"1388",2003-10-19,-59.8805847167969,48.1556283354368,15.9375
"1389",2003-10-20,-42.4531707763672,48.1556283354368,15.9375
"1390",2003-10-21,-23.47314453125,48.1556283354368,15.9375
"1391",2003-10-22,-28.6154460906982,48.1556283354368,15.9375
"1392",2003-10-23,-36.5605125427246,48.1556283354368,15.9375
"1393",2003-10-24,-68.2543716430664,48.1556283354368,15.9375
"1394",2003-10-25,NA,48.1556283354368,15.9375
"1395",2003-10-26,-28.8398342132568,48.1556283354368,15.9375
"1396",2003-10-27,-35.9474296569824,48.1556283354368,15.9375
"1397",2003-10-28,NA,48.1556283354368,15.9375
"1398",2003-10-29,-43.9227485656738,48.1556283354368,15.9375
"1399",2003-10-30,-64.8720016479492,48.1556283354368,15.9375
"1400",2003-10-31,-2.08257031440735,48.1556283354368,15.9375
"1401",2003-11-01,-24.6040191650391,48.1556283354368,15.9375
"1402",2003-11-02,-77.4178161621094,48.1556283354368,15.9375
"1403",2003-11-03,-24.1224117279053,48.1556283354368,15.9375
"1404",2003-11-04,-34.8089485168457,48.1556283354368,15.9375
"1405",2003-11-05,NA,48.1556283354368,15.9375
"1406",2003-11-06,NA,48.1556283354368,15.9375
"1407",2003-11-07,-25.7767677307129,48.1556283354368,15.9375
"1408",2003-11-08,-18.7237777709961,48.1556283354368,15.9375
"1409",2003-11-09,-9.64654159545898,48.1556283354368,15.9375
"1410",2003-11-10,-16.4025478363037,48.1556283354368,15.9375
"1411",2003-11-11,-50.2865905761719,48.1556283354368,15.9375
"1412",2003-11-12,-29.190824508667,48.1556283354368,15.9375
"1413",2003-11-13,-29.6008167266846,48.1556283354368,15.9375
"1414",2003-11-14,-33.1450042724609,48.1556283354368,15.9375
"1415",2003-11-15,-17.3531341552734,48.1556283354368,15.9375
"1416",2003-11-16,3.46102595329285,48.1556283354368,15.9375
"1417",2003-11-17,-11.7621355056763,48.1556283354368,15.9375
"1418",2003-11-18,NA,48.1556283354368,15.9375
"1419",2003-11-19,-13.53635597229,48.1556283354368,15.9375
"1420",2003-11-20,-5.32099485397339,48.1556283354368,15.9375
"1421",2003-11-21,-11.6388702392578,48.1556283354368,15.9375
"1422",2003-11-22,-7.71950960159302,48.1556283354368,15.9375
"1423",2003-11-23,-3.96588683128357,48.1556283354368,15.9375
"1424",2003-11-24,-3.29613566398621,48.1556283354368,15.9375
"1425",2003-11-25,-4.33932113647461,48.1556283354368,15.9375
"1426",2003-11-26,-25.9172706604004,48.1556283354368,15.9375
"1427",2003-11-27,-42.3817176818848,48.1556283354368,15.9375
"1428",2003-11-28,-44.0148849487305,48.1556283354368,15.9375
"1429",2003-11-29,-29.3721561431885,48.1556283354368,15.9375
"1430",2003-11-30,-18.8134422302246,48.1556283354368,15.9375
"1431",2003-12-01,-20.2556381225586,48.1556283354368,15.9375
"1432",2003-12-02,NA,48.1556283354368,15.9375
"1433",2003-12-03,-7.62459468841553,48.1556283354368,15.9375
"1434",2003-12-04,NA,48.1556283354368,15.9375
"1435",2003-12-05,-8.17423152923584,48.1556283354368,15.9375
"1436",2003-12-06,-11.7726097106934,48.1556283354368,15.9375
"1437",2003-12-07,-20.2975330352783,48.1556283354368,15.9375
"1438",2003-12-08,NA,48.1556283354368,15.9375
"1439",2003-12-09,NA,48.1556283354368,15.9375
"1440",2003-12-10,-4.77323055267334,48.1556283354368,15.9375
"1441",2003-12-11,-6.75265741348267,48.1556283354368,15.9375
"1442",2003-12-12,-15.0517454147339,48.1556283354368,15.9375
"1443",2003-12-13,-29.2061367034912,48.1556283354368,15.9375
"1444",2003-12-14,-21.1021022796631,48.1556283354368,15.9375
"1445",2003-12-15,-54.0649490356445,48.1556283354368,15.9375
"1446",2003-12-16,-73.4052658081055,48.1556283354368,15.9375
"1447",2003-12-17,NA,48.1556283354368,15.9375
"1448",2003-12-18,NA,48.1556283354368,15.9375
"1449",2003-12-19,NA,48.1556283354368,15.9375
"1450",2003-12-20,-2.78010392189026,48.1556283354368,15.9375
"1451",2003-12-21,-9.7257604598999,48.1556283354368,15.9375
"1452",2003-12-22,-60.1246032714844,48.1556283354368,15.9375
"1453",2003-12-23,NA,48.1556283354368,15.9375
"1454",2003-12-24,NA,48.1556283354368,15.9375
"1455",2003-12-25,-7.67037582397461,48.1556283354368,15.9375
"1456",2003-12-26,NA,48.1556283354368,15.9375
"1457",2003-12-27,-3.86673641204834,48.1556283354368,15.9375
"1458",2003-12-28,-4.46314811706543,48.1556283354368,15.9375
"1459",2003-12-29,-13.1973943710327,48.1556283354368,15.9375
"1460",2003-12-30,-77.072021484375,48.1556283354368,15.9375
"1461",2003-12-31,-40.667049407959,48.1556283354368,15.9375
