"","date","wisoq18o_d","lat","lon"
"1",2000-01-01,-14.7805252075195,48.1556283354368,15.9375
"2",2000-01-02,-16.531005859375,48.1556283354368,15.9375
"3",2000-01-03,-16.6724720001221,48.1556283354368,15.9375
"4",2000-01-04,-15.9676475524902,48.1556283354368,15.9375
"5",2000-01-05,-15.1878347396851,48.1556283354368,15.9375
"6",2000-01-06,-16.0716514587402,48.1556283354368,15.9375
"7",2000-01-07,-15.6674537658691,48.1556283354368,15.9375
"8",2000-01-08,-14.6271467208862,48.1556283354368,15.9375
"9",2000-01-09,-14.7620229721069,48.1556283354368,15.9375
"10",2000-01-10,-17.39013671875,48.1556283354368,15.9375
"11",2000-01-11,-18.4499912261963,48.1556283354368,15.9375
"12",2000-01-12,-17.2872734069824,48.1556283354368,15.9375
"13",2000-01-13,-17.0164241790771,48.1556283354368,15.9375
"14",2000-01-14,-14.0700340270996,48.1556283354368,15.9375
"15",2000-01-15,-15.7753190994263,48.1556283354368,15.9375
"16",2000-01-16,-16.619800567627,48.1556283354368,15.9375
"17",2000-01-17,-15.7079019546509,48.1556283354368,15.9375
"18",2000-01-18,-15.5378379821777,48.1556283354368,15.9375
"19",2000-01-19,-15.6667051315308,48.1556283354368,15.9375
"20",2000-01-20,-14.9391946792603,48.1556283354368,15.9375
"21",2000-01-21,-13.9497604370117,48.1556283354368,15.9375
"22",2000-01-22,-16.6251831054688,48.1556283354368,15.9375
"23",2000-01-23,-18.1258697509766,48.1556283354368,15.9375
"24",2000-01-24,-19.1242752075195,48.1556283354368,15.9375
"25",2000-01-25,-17.2507438659668,48.1556283354368,15.9375
"26",2000-01-26,-15.0849514007568,48.1556283354368,15.9375
"27",2000-01-27,-14.4993495941162,48.1556283354368,15.9375
"28",2000-01-28,-14.2789649963379,48.1556283354368,15.9375
"29",2000-01-29,-13.8002262115479,48.1556283354368,15.9375
"30",2000-01-30,-14.8274631500244,48.1556283354368,15.9375
"31",2000-01-31,-16.1802673339844,48.1556283354368,15.9375
"32",2000-02-01,-15.1857528686523,48.1556283354368,15.9375
"33",2000-02-02,-13.2535219192505,48.1556283354368,15.9375
"34",2000-02-03,-17.3730430603027,48.1556283354368,15.9375
"35",2000-02-04,-13.1551733016968,48.1556283354368,15.9375
"36",2000-02-05,-13.3103227615356,48.1556283354368,15.9375
"37",2000-02-06,-13.6323728561401,48.1556283354368,15.9375
"38",2000-02-07,-12.7797956466675,48.1556283354368,15.9375
"39",2000-02-08,-12.1116209030151,48.1556283354368,15.9375
"40",2000-02-09,-13.452486038208,48.1556283354368,15.9375
"41",2000-02-10,-13.3528184890747,48.1556283354368,15.9375
"42",2000-02-11,-12.9175987243652,48.1556283354368,15.9375
"43",2000-02-12,-17.726921081543,48.1556283354368,15.9375
"44",2000-02-13,-15.3911466598511,48.1556283354368,15.9375
"45",2000-02-14,-15.4001684188843,48.1556283354368,15.9375
"46",2000-02-15,-14.1008386611938,48.1556283354368,15.9375
"47",2000-02-16,-14.2274541854858,48.1556283354368,15.9375
"48",2000-02-17,-15.7790384292603,48.1556283354368,15.9375
"49",2000-02-18,-14.6484756469727,48.1556283354368,15.9375
"50",2000-02-19,-14.1617832183838,48.1556283354368,15.9375
"51",2000-02-20,-16.2836017608643,48.1556283354368,15.9375
"52",2000-02-21,-15.6663637161255,48.1556283354368,15.9375
"53",2000-02-22,-15.5943822860718,48.1556283354368,15.9375
"54",2000-02-23,-13.4877414703369,48.1556283354368,15.9375
"55",2000-02-24,-13.6318092346191,48.1556283354368,15.9375
"56",2000-02-25,-13.3729734420776,48.1556283354368,15.9375
"57",2000-02-26,-15.4126577377319,48.1556283354368,15.9375
"58",2000-02-27,-14.4374551773071,48.1556283354368,15.9375
"59",2000-02-28,-13.74245262146,48.1556283354368,15.9375
"60",2000-02-29,-12.358699798584,48.1556283354368,15.9375
"61",2000-03-01,-13.6327724456787,48.1556283354368,15.9375
"62",2000-03-02,-16.2350635528564,48.1556283354368,15.9375
"63",2000-03-03,-13.7811441421509,48.1556283354368,15.9375
"64",2000-03-04,-11.9667625427246,48.1556283354368,15.9375
"65",2000-03-05,-16.0437049865723,48.1556283354368,15.9375
"66",2000-03-06,-13.579701423645,48.1556283354368,15.9375
"67",2000-03-07,-12.4922161102295,48.1556283354368,15.9375
"68",2000-03-08,-12.6760311126709,48.1556283354368,15.9375
"69",2000-03-09,-14.6868505477905,48.1556283354368,15.9375
"70",2000-03-10,-15.4332227706909,48.1556283354368,15.9375
"71",2000-03-11,-14.1604166030884,48.1556283354368,15.9375
"72",2000-03-12,-15.1575613021851,48.1556283354368,15.9375
"73",2000-03-13,-14.0632457733154,48.1556283354368,15.9375
"74",2000-03-14,-12.8981971740723,48.1556283354368,15.9375
"75",2000-03-15,-13.8636302947998,48.1556283354368,15.9375
"76",2000-03-16,-14.9803447723389,48.1556283354368,15.9375
"77",2000-03-17,-15.618218421936,48.1556283354368,15.9375
"78",2000-03-18,-16.7528648376465,48.1556283354368,15.9375
"79",2000-03-19,-14.7791042327881,48.1556283354368,15.9375
"80",2000-03-20,-15.8584280014038,48.1556283354368,15.9375
"81",2000-03-21,-13.8446960449219,48.1556283354368,15.9375
"82",2000-03-22,-13.303337097168,48.1556283354368,15.9375
"83",2000-03-23,-13.2199115753174,48.1556283354368,15.9375
"84",2000-03-24,-12.4243535995483,48.1556283354368,15.9375
"85",2000-03-25,-11.5582427978516,48.1556283354368,15.9375
"86",2000-03-26,-12.3165502548218,48.1556283354368,15.9375
"87",2000-03-27,-18.258659362793,48.1556283354368,15.9375
"88",2000-03-28,-19.1411552429199,48.1556283354368,15.9375
"89",2000-03-29,-14.3179178237915,48.1556283354368,15.9375
"90",2000-03-30,-14.0427179336548,48.1556283354368,15.9375
"91",2000-03-31,-13.3192167282104,48.1556283354368,15.9375
"92",2000-04-01,-14.9597282409668,48.1556283354368,15.9375
"93",2000-04-02,-14.1470603942871,48.1556283354368,15.9375
"94",2000-04-03,-11.6813011169434,48.1556283354368,15.9375
"95",2000-04-04,-11.1099872589111,48.1556283354368,15.9375
"96",2000-04-05,-12.2153778076172,48.1556283354368,15.9375
"97",2000-04-06,-15.65793800354,48.1556283354368,15.9375
"98",2000-04-07,-12.455771446228,48.1556283354368,15.9375
"99",2000-04-08,-12.0416116714478,48.1556283354368,15.9375
"100",2000-04-09,-12.0646877288818,48.1556283354368,15.9375
"101",2000-04-10,-12.9170217514038,48.1556283354368,15.9375
"102",2000-04-11,-13.4668970108032,48.1556283354368,15.9375
"103",2000-04-12,-13.9449453353882,48.1556283354368,15.9375
"104",2000-04-13,-12.8367500305176,48.1556283354368,15.9375
"105",2000-04-14,-12.0489139556885,48.1556283354368,15.9375
"106",2000-04-15,-12.2009677886963,48.1556283354368,15.9375
"107",2000-04-16,-11.9534683227539,48.1556283354368,15.9375
"108",2000-04-17,-11.9030199050903,48.1556283354368,15.9375
"109",2000-04-18,-13.7153120040894,48.1556283354368,15.9375
"110",2000-04-19,-15.1993217468262,48.1556283354368,15.9375
"111",2000-04-20,-15.8234081268311,48.1556283354368,15.9375
"112",2000-04-21,-16.09010887146,48.1556283354368,15.9375
"113",2000-04-22,-16.5673675537109,48.1556283354368,15.9375
"114",2000-04-23,-12.6833734512329,48.1556283354368,15.9375
"115",2000-04-24,-12.531886100769,48.1556283354368,15.9375
"116",2000-04-25,-18.6360378265381,48.1556283354368,15.9375
"117",2000-04-26,-12.8423700332642,48.1556283354368,15.9375
"118",2000-04-27,-12.9360475540161,48.1556283354368,15.9375
"119",2000-04-28,-14.6854934692383,48.1556283354368,15.9375
"120",2000-04-29,-14.9504346847534,48.1556283354368,15.9375
"121",2000-04-30,-14.7327690124512,48.1556283354368,15.9375
"122",2000-05-01,-17.6591377258301,48.1556283354368,15.9375
"123",2000-05-02,-17.9112529754639,48.1556283354368,15.9375
"124",2000-05-03,-13.7163801193237,48.1556283354368,15.9375
"125",2000-05-04,-13.5798292160034,48.1556283354368,15.9375
"126",2000-05-05,-14.9162168502808,48.1556283354368,15.9375
"127",2000-05-06,-13.2121601104736,48.1556283354368,15.9375
"128",2000-05-07,-13.9718427658081,48.1556283354368,15.9375
"129",2000-05-08,-11.3778467178345,48.1556283354368,15.9375
"130",2000-05-09,-10.0281457901001,48.1556283354368,15.9375
"131",2000-05-10,-10.6694850921631,48.1556283354368,15.9375
"132",2000-05-11,-10.9192543029785,48.1556283354368,15.9375
"133",2000-05-12,-10.448221206665,48.1556283354368,15.9375
"134",2000-05-13,-12.6347608566284,48.1556283354368,15.9375
"135",2000-05-14,-10.7854452133179,48.1556283354368,15.9375
"136",2000-05-15,-12.7137756347656,48.1556283354368,15.9375
"137",2000-05-16,-12.6362771987915,48.1556283354368,15.9375
"138",2000-05-17,-12.8616714477539,48.1556283354368,15.9375
"139",2000-05-18,-11.9387044906616,48.1556283354368,15.9375
"140",2000-05-19,-11.9921045303345,48.1556283354368,15.9375
"141",2000-05-20,-11.9845952987671,48.1556283354368,15.9375
"142",2000-05-21,-14.6467113494873,48.1556283354368,15.9375
"143",2000-05-22,-12.2842922210693,48.1556283354368,15.9375
"144",2000-05-23,-15.1917705535889,48.1556283354368,15.9375
"145",2000-05-24,-14.6145286560059,48.1556283354368,15.9375
"146",2000-05-25,-14.5176048278809,48.1556283354368,15.9375
"147",2000-05-26,-13.584210395813,48.1556283354368,15.9375
"148",2000-05-27,-12.4617490768433,48.1556283354368,15.9375
"149",2000-05-28,-11.7631063461304,48.1556283354368,15.9375
"150",2000-05-29,-13.4452171325684,48.1556283354368,15.9375
"151",2000-05-30,-14.4370622634888,48.1556283354368,15.9375
"152",2000-05-31,-14.7455768585205,48.1556283354368,15.9375
"153",2000-06-01,-17.4148902893066,48.1556283354368,15.9375
"154",2000-06-02,-12.9619016647339,48.1556283354368,15.9375
"155",2000-06-03,-12.1531667709351,48.1556283354368,15.9375
"156",2000-06-04,-11.6260509490967,48.1556283354368,15.9375
"157",2000-06-05,-13.1331930160522,48.1556283354368,15.9375
"158",2000-06-06,-13.1114521026611,48.1556283354368,15.9375
"159",2000-06-07,-14.9784784317017,48.1556283354368,15.9375
"160",2000-06-08,-12.8318881988525,48.1556283354368,15.9375
"161",2000-06-09,-12.1797513961792,48.1556283354368,15.9375
"162",2000-06-10,-12.758415222168,48.1556283354368,15.9375
"163",2000-06-11,-13.7179756164551,48.1556283354368,15.9375
"164",2000-06-12,-13.05601978302,48.1556283354368,15.9375
"165",2000-06-13,-14.3264026641846,48.1556283354368,15.9375
"166",2000-06-14,-12.6994934082031,48.1556283354368,15.9375
"167",2000-06-15,-14.4380664825439,48.1556283354368,15.9375
"168",2000-06-16,-13.7138967514038,48.1556283354368,15.9375
"169",2000-06-17,-12.5534534454346,48.1556283354368,15.9375
"170",2000-06-18,-12.7055473327637,48.1556283354368,15.9375
"171",2000-06-19,-11.6922693252563,48.1556283354368,15.9375
"172",2000-06-20,-11.38645362854,48.1556283354368,15.9375
"173",2000-06-21,-12.2188415527344,48.1556283354368,15.9375
"174",2000-06-22,-11.906928062439,48.1556283354368,15.9375
"175",2000-06-23,-11.5750188827515,48.1556283354368,15.9375
"176",2000-06-24,-11.7745914459229,48.1556283354368,15.9375
"177",2000-06-25,-14.1680669784546,48.1556283354368,15.9375
"178",2000-06-26,-14.182074546814,48.1556283354368,15.9375
"179",2000-06-27,-13.282078742981,48.1556283354368,15.9375
"180",2000-06-28,-14.022834777832,48.1556283354368,15.9375
"181",2000-06-29,-14.7463073730469,48.1556283354368,15.9375
"182",2000-06-30,-14.8535461425781,48.1556283354368,15.9375
"183",2000-07-01,-13.9207906723022,48.1556283354368,15.9375
"184",2000-07-02,-11.7987432479858,48.1556283354368,15.9375
"185",2000-07-03,-12.2947998046875,48.1556283354368,15.9375
"186",2000-07-04,-11.9753694534302,48.1556283354368,15.9375
"187",2000-07-05,-12.1284036636353,48.1556283354368,15.9375
"188",2000-07-06,-12.6679277420044,48.1556283354368,15.9375
"189",2000-07-07,-13.0547199249268,48.1556283354368,15.9375
"190",2000-07-08,-13.5978956222534,48.1556283354368,15.9375
"191",2000-07-09,-16.4097385406494,48.1556283354368,15.9375
"192",2000-07-10,-14.3176765441895,48.1556283354368,15.9375
"193",2000-07-11,-15.1484899520874,48.1556283354368,15.9375
"194",2000-07-12,-22.873083114624,48.1556283354368,15.9375
"195",2000-07-13,-18.6211986541748,48.1556283354368,15.9375
"196",2000-07-14,-17.3136768341064,48.1556283354368,15.9375
"197",2000-07-15,-19.7646389007568,48.1556283354368,15.9375
"198",2000-07-16,-17.5136566162109,48.1556283354368,15.9375
"199",2000-07-17,-15.2837381362915,48.1556283354368,15.9375
"200",2000-07-18,-15.5841598510742,48.1556283354368,15.9375
"201",2000-07-19,-13.313814163208,48.1556283354368,15.9375
"202",2000-07-20,-15.6366291046143,48.1556283354368,15.9375
"203",2000-07-21,-14.9359378814697,48.1556283354368,15.9375
"204",2000-07-22,-14.2861709594727,48.1556283354368,15.9375
"205",2000-07-23,-13.3401021957397,48.1556283354368,15.9375
"206",2000-07-24,-13.3114900588989,48.1556283354368,15.9375
"207",2000-07-25,-10.814567565918,48.1556283354368,15.9375
"208",2000-07-26,-12.0029973983765,48.1556283354368,15.9375
"209",2000-07-27,-13.7018585205078,48.1556283354368,15.9375
"210",2000-07-28,-13.7329883575439,48.1556283354368,15.9375
"211",2000-07-29,-15.678295135498,48.1556283354368,15.9375
"212",2000-07-30,-15.5212421417236,48.1556283354368,15.9375
"213",2000-07-31,-15.3345746994019,48.1556283354368,15.9375
"214",2000-08-01,-14.4833106994629,48.1556283354368,15.9375
"215",2000-08-02,-14.7129821777344,48.1556283354368,15.9375
"216",2000-08-03,-13.6209964752197,48.1556283354368,15.9375
"217",2000-08-04,-13.3425483703613,48.1556283354368,15.9375
"218",2000-08-05,-13.598991394043,48.1556283354368,15.9375
"219",2000-08-06,-13.0946741104126,48.1556283354368,15.9375
"220",2000-08-07,-13.3591756820679,48.1556283354368,15.9375
"221",2000-08-08,-13.5044250488281,48.1556283354368,15.9375
"222",2000-08-09,-13.0499620437622,48.1556283354368,15.9375
"223",2000-08-10,-16.4942646026611,48.1556283354368,15.9375
"224",2000-08-11,-15.2541265487671,48.1556283354368,15.9375
"225",2000-08-12,-14.4195184707642,48.1556283354368,15.9375
"226",2000-08-13,-14.6999626159668,48.1556283354368,15.9375
"227",2000-08-14,-14.1072931289673,48.1556283354368,15.9375
"228",2000-08-15,-13.3204231262207,48.1556283354368,15.9375
"229",2000-08-16,-12.4562244415283,48.1556283354368,15.9375
"230",2000-08-17,-12.7478075027466,48.1556283354368,15.9375
"231",2000-08-18,-12.8863258361816,48.1556283354368,15.9375
"232",2000-08-19,-13.4781875610352,48.1556283354368,15.9375
"233",2000-08-20,-14.2489213943481,48.1556283354368,15.9375
"234",2000-08-21,-13.3092861175537,48.1556283354368,15.9375
"235",2000-08-22,-12.6774101257324,48.1556283354368,15.9375
"236",2000-08-23,-13.2720041275024,48.1556283354368,15.9375
"237",2000-08-24,-14.3526515960693,48.1556283354368,15.9375
"238",2000-08-25,-12.4517412185669,48.1556283354368,15.9375
"239",2000-08-26,-14.5448570251465,48.1556283354368,15.9375
"240",2000-08-27,-18.3824768066406,48.1556283354368,15.9375
"241",2000-08-28,-17.8283042907715,48.1556283354368,15.9375
"242",2000-08-29,-14.5132360458374,48.1556283354368,15.9375
"243",2000-08-30,-13.2172994613647,48.1556283354368,15.9375
"244",2000-08-31,-12.6612319946289,48.1556283354368,15.9375
"245",2000-09-01,-13.7553911209106,48.1556283354368,15.9375
"246",2000-09-02,-13.3628616333008,48.1556283354368,15.9375
"247",2000-09-03,-15.5023536682129,48.1556283354368,15.9375
"248",2000-09-04,-16.2536773681641,48.1556283354368,15.9375
"249",2000-09-05,-16.818998336792,48.1556283354368,15.9375
"250",2000-09-06,-15.5548906326294,48.1556283354368,15.9375
"251",2000-09-07,-15.8500127792358,48.1556283354368,15.9375
"252",2000-09-08,-16.7537212371826,48.1556283354368,15.9375
"253",2000-09-09,-14.2645235061646,48.1556283354368,15.9375
"254",2000-09-10,-13.5513582229614,48.1556283354368,15.9375
"255",2000-09-11,-13.1204566955566,48.1556283354368,15.9375
"256",2000-09-12,-12.96169090271,48.1556283354368,15.9375
"257",2000-09-13,-12.8832130432129,48.1556283354368,15.9375
"258",2000-09-14,-13.1791677474976,48.1556283354368,15.9375
"259",2000-09-15,-12.6514778137207,48.1556283354368,15.9375
"260",2000-09-16,-12.0413446426392,48.1556283354368,15.9375
"261",2000-09-17,-12.2364854812622,48.1556283354368,15.9375
"262",2000-09-18,-13.7121438980103,48.1556283354368,15.9375
"263",2000-09-19,-12.788969039917,48.1556283354368,15.9375
"264",2000-09-20,-11.4853630065918,48.1556283354368,15.9375
"265",2000-09-21,-14.4554166793823,48.1556283354368,15.9375
"266",2000-09-22,-14.7510185241699,48.1556283354368,15.9375
"267",2000-09-23,-15.4304389953613,48.1556283354368,15.9375
"268",2000-09-24,-15.8497104644775,48.1556283354368,15.9375
"269",2000-09-25,-13.745719909668,48.1556283354368,15.9375
"270",2000-09-26,-12.7327814102173,48.1556283354368,15.9375
"271",2000-09-27,-13.2390012741089,48.1556283354368,15.9375
"272",2000-09-28,-12.7026443481445,48.1556283354368,15.9375
"273",2000-09-29,-11.9348058700562,48.1556283354368,15.9375
"274",2000-09-30,-13.7522087097168,48.1556283354368,15.9375
"275",2000-10-01,-18.6649322509766,48.1556283354368,15.9375
"276",2000-10-02,-15.5601844787598,48.1556283354368,15.9375
"277",2000-10-03,-16.8079662322998,48.1556283354368,15.9375
"278",2000-10-04,-12.3365335464478,48.1556283354368,15.9375
"279",2000-10-05,-14.5158309936523,48.1556283354368,15.9375
"280",2000-10-06,-18.4978065490723,48.1556283354368,15.9375
"281",2000-10-07,-15.454686164856,48.1556283354368,15.9375
"282",2000-10-08,-14.6123914718628,48.1556283354368,15.9375
"283",2000-10-09,-15.7921772003174,48.1556283354368,15.9375
"284",2000-10-10,-15.8043270111084,48.1556283354368,15.9375
"285",2000-10-11,-13.1695203781128,48.1556283354368,15.9375
"286",2000-10-12,-11.7315816879272,48.1556283354368,15.9375
"287",2000-10-13,-10.5277509689331,48.1556283354368,15.9375
"288",2000-10-14,-10.7459297180176,48.1556283354368,15.9375
"289",2000-10-15,-11.2928991317749,48.1556283354368,15.9375
"290",2000-10-16,-12.6820135116577,48.1556283354368,15.9375
"291",2000-10-17,-15.9314346313477,48.1556283354368,15.9375
"292",2000-10-18,-18.6846294403076,48.1556283354368,15.9375
"293",2000-10-19,-16.8395557403564,48.1556283354368,15.9375
"294",2000-10-20,-14.3500518798828,48.1556283354368,15.9375
"295",2000-10-21,-13.8642883300781,48.1556283354368,15.9375
"296",2000-10-22,-13.3938493728638,48.1556283354368,15.9375
"297",2000-10-23,-13.1217660903931,48.1556283354368,15.9375
"298",2000-10-24,-12.4627962112427,48.1556283354368,15.9375
"299",2000-10-25,-12.1154251098633,48.1556283354368,15.9375
"300",2000-10-26,-12.0300264358521,48.1556283354368,15.9375
"301",2000-10-27,-13.7280406951904,48.1556283354368,15.9375
"302",2000-10-28,-13.0733995437622,48.1556283354368,15.9375
"303",2000-10-29,-11.9054479598999,48.1556283354368,15.9375
"304",2000-10-30,-11.4770879745483,48.1556283354368,15.9375
"305",2000-10-31,-12.2299032211304,48.1556283354368,15.9375
"306",2000-11-01,-19.1157455444336,48.1556283354368,15.9375
"307",2000-11-02,-12.7731704711914,48.1556283354368,15.9375
"308",2000-11-03,-14.2612886428833,48.1556283354368,15.9375
"309",2000-11-04,-14.6954936981201,48.1556283354368,15.9375
"310",2000-11-05,-14.829888343811,48.1556283354368,15.9375
"311",2000-11-06,-13.2225875854492,48.1556283354368,15.9375
"312",2000-11-07,-15.9296445846558,48.1556283354368,15.9375
"313",2000-11-08,-17.3756217956543,48.1556283354368,15.9375
"314",2000-11-09,-14.4012699127197,48.1556283354368,15.9375
"315",2000-11-10,-13.4361629486084,48.1556283354368,15.9375
"316",2000-11-11,-13.1907205581665,48.1556283354368,15.9375
"317",2000-11-12,-11.9451246261597,48.1556283354368,15.9375
"318",2000-11-13,-10.3614826202393,48.1556283354368,15.9375
"319",2000-11-14,-10.4252557754517,48.1556283354368,15.9375
"320",2000-11-15,-13.0601234436035,48.1556283354368,15.9375
"321",2000-11-16,-15.5586099624634,48.1556283354368,15.9375
"322",2000-11-17,-11.9283533096313,48.1556283354368,15.9375
"323",2000-11-18,-13.4559421539307,48.1556283354368,15.9375
"324",2000-11-19,-13.2135257720947,48.1556283354368,15.9375
"325",2000-11-20,-15.3238849639893,48.1556283354368,15.9375
"326",2000-11-21,-20.6359882354736,48.1556283354368,15.9375
"327",2000-11-22,-19.0093269348145,48.1556283354368,15.9375
"328",2000-11-23,-15.1409921646118,48.1556283354368,15.9375
"329",2000-11-24,-14.2243423461914,48.1556283354368,15.9375
"330",2000-11-25,-16.4468021392822,48.1556283354368,15.9375
"331",2000-11-26,-19.3988151550293,48.1556283354368,15.9375
"332",2000-11-27,-14.1804466247559,48.1556283354368,15.9375
"333",2000-11-28,-13.1098785400391,48.1556283354368,15.9375
"334",2000-11-29,-12.2269687652588,48.1556283354368,15.9375
"335",2000-11-30,-11.6081409454346,48.1556283354368,15.9375
"336",2000-12-01,-12.9073524475098,48.1556283354368,15.9375
"337",2000-12-02,-12.1773443222046,48.1556283354368,15.9375
"338",2000-12-03,-11.8900547027588,48.1556283354368,15.9375
"339",2000-12-04,-12.0643157958984,48.1556283354368,15.9375
"340",2000-12-05,-13.4664812088013,48.1556283354368,15.9375
"341",2000-12-06,-14.2818489074707,48.1556283354368,15.9375
"342",2000-12-07,-14.7758684158325,48.1556283354368,15.9375
"343",2000-12-08,-12.8535003662109,48.1556283354368,15.9375
"344",2000-12-09,-10.7483415603638,48.1556283354368,15.9375
"345",2000-12-10,-12.8602504730225,48.1556283354368,15.9375
"346",2000-12-11,-13.9352912902832,48.1556283354368,15.9375
"347",2000-12-12,-13.104172706604,48.1556283354368,15.9375
"348",2000-12-13,-12.5535554885864,48.1556283354368,15.9375
"349",2000-12-14,-11.745400428772,48.1556283354368,15.9375
"350",2000-12-15,-12.0460987091064,48.1556283354368,15.9375
"351",2000-12-16,-13.8257398605347,48.1556283354368,15.9375
"352",2000-12-17,-14.8418569564819,48.1556283354368,15.9375
"353",2000-12-18,-14.8363456726074,48.1556283354368,15.9375
"354",2000-12-19,-13.9108572006226,48.1556283354368,15.9375
"355",2000-12-20,-17.5658531188965,48.1556283354368,15.9375
"356",2000-12-21,-19.3117694854736,48.1556283354368,15.9375
"357",2000-12-22,-18.876537322998,48.1556283354368,15.9375
"358",2000-12-23,-16.4544792175293,48.1556283354368,15.9375
"359",2000-12-24,-14.3297815322876,48.1556283354368,15.9375
"360",2000-12-25,-14.5386781692505,48.1556283354368,15.9375
"361",2000-12-26,-15.8672161102295,48.1556283354368,15.9375
"362",2000-12-27,-18.6463375091553,48.1556283354368,15.9375
"363",2000-12-28,-23.0782470703125,48.1556283354368,15.9375
"364",2000-12-29,-20.7158069610596,48.1556283354368,15.9375
"365",2000-12-30,-20.8827495574951,48.1556283354368,15.9375
"366",2000-12-31,-16.669605255127,48.1556283354368,15.9375
"367",2001-01-01,-18.9212913513184,48.1556283354368,15.9375
"368",2001-01-02,-13.0669040679932,48.1556283354368,15.9375
"369",2001-01-03,-12.3674802780151,48.1556283354368,15.9375
"370",2001-01-04,-16.3153057098389,48.1556283354368,15.9375
"371",2001-01-05,-15.7384595870972,48.1556283354368,15.9375
"372",2001-01-06,-11.738694190979,48.1556283354368,15.9375
"373",2001-01-07,-12.2220153808594,48.1556283354368,15.9375
"374",2001-01-08,-19.9536094665527,48.1556283354368,15.9375
"375",2001-01-09,-17.1859245300293,48.1556283354368,15.9375
"376",2001-01-10,-12.7995357513428,48.1556283354368,15.9375
"377",2001-01-11,-11.5784072875977,48.1556283354368,15.9375
"378",2001-01-12,-13.6702537536621,48.1556283354368,15.9375
"379",2001-01-13,-17.143009185791,48.1556283354368,15.9375
"380",2001-01-14,-20.6947746276855,48.1556283354368,15.9375
"381",2001-01-15,-20.07497215271,48.1556283354368,15.9375
"382",2001-01-16,-18.3398475646973,48.1556283354368,15.9375
"383",2001-01-17,-15.3172760009766,48.1556283354368,15.9375
"384",2001-01-18,-14.6680841445923,48.1556283354368,15.9375
"385",2001-01-19,-14.2344970703125,48.1556283354368,15.9375
"386",2001-01-20,-16.1873016357422,48.1556283354368,15.9375
"387",2001-01-21,-18.062837600708,48.1556283354368,15.9375
"388",2001-01-22,-15.0838537216187,48.1556283354368,15.9375
"389",2001-01-23,-13.1344289779663,48.1556283354368,15.9375
"390",2001-01-24,-11.5964393615723,48.1556283354368,15.9375
"391",2001-01-25,-12.107949256897,48.1556283354368,15.9375
"392",2001-01-26,-11.0839128494263,48.1556283354368,15.9375
"393",2001-01-27,-13.369912147522,48.1556283354368,15.9375
"394",2001-01-28,-17.0914268493652,48.1556283354368,15.9375
"395",2001-01-29,-18.0938892364502,48.1556283354368,15.9375
"396",2001-01-30,-20.5701160430908,48.1556283354368,15.9375
"397",2001-01-31,-19.6154022216797,48.1556283354368,15.9375
"398",2001-02-01,-18.8266925811768,48.1556283354368,15.9375
"399",2001-02-02,-18.3084526062012,48.1556283354368,15.9375
"400",2001-02-03,-14.0757274627686,48.1556283354368,15.9375
"401",2001-02-04,-14.3407030105591,48.1556283354368,15.9375
"402",2001-02-05,-13.5107860565186,48.1556283354368,15.9375
"403",2001-02-06,-12.9891357421875,48.1556283354368,15.9375
"404",2001-02-07,-12.4722728729248,48.1556283354368,15.9375
"405",2001-02-08,-11.7373018264771,48.1556283354368,15.9375
"406",2001-02-09,-11.886697769165,48.1556283354368,15.9375
"407",2001-02-10,-16.8248138427734,48.1556283354368,15.9375
"408",2001-02-11,-15.3035821914673,48.1556283354368,15.9375
"409",2001-02-12,-13.4434728622437,48.1556283354368,15.9375
"410",2001-02-13,-14.1367044448853,48.1556283354368,15.9375
"411",2001-02-14,-16.6878604888916,48.1556283354368,15.9375
"412",2001-02-15,-15.6783094406128,48.1556283354368,15.9375
"413",2001-02-16,-13.3260040283203,48.1556283354368,15.9375
"414",2001-02-17,-13.9976902008057,48.1556283354368,15.9375
"415",2001-02-18,-15.1232500076294,48.1556283354368,15.9375
"416",2001-02-19,-14.3390798568726,48.1556283354368,15.9375
"417",2001-02-20,-14.2191514968872,48.1556283354368,15.9375
"418",2001-02-21,-14.0683965682983,48.1556283354368,15.9375
"419",2001-02-22,-15.1422710418701,48.1556283354368,15.9375
"420",2001-02-23,-15.9874496459961,48.1556283354368,15.9375
"421",2001-02-24,-16.9856548309326,48.1556283354368,15.9375
"422",2001-02-25,-16.5916042327881,48.1556283354368,15.9375
"423",2001-02-26,-18.071403503418,48.1556283354368,15.9375
"424",2001-02-27,-17.2755680084229,48.1556283354368,15.9375
"425",2001-02-28,-17.8662242889404,48.1556283354368,15.9375
"426",2001-03-01,-17.6425590515137,48.1556283354368,15.9375
"427",2001-03-02,-17.5361251831055,48.1556283354368,15.9375
"428",2001-03-03,-12.6667165756226,48.1556283354368,15.9375
"429",2001-03-04,-12.5018243789673,48.1556283354368,15.9375
"430",2001-03-05,-13.1103391647339,48.1556283354368,15.9375
"431",2001-03-06,-17.3490447998047,48.1556283354368,15.9375
"432",2001-03-07,-16.7528553009033,48.1556283354368,15.9375
"433",2001-03-08,-13.5525856018066,48.1556283354368,15.9375
"434",2001-03-09,-14.7892284393311,48.1556283354368,15.9375
"435",2001-03-10,-13.1335868835449,48.1556283354368,15.9375
"436",2001-03-11,-13.0667514801025,48.1556283354368,15.9375
"437",2001-03-12,-12.057225227356,48.1556283354368,15.9375
"438",2001-03-13,-17.5828113555908,48.1556283354368,15.9375
"439",2001-03-14,-11.8753271102905,48.1556283354368,15.9375
"440",2001-03-15,-12.0224285125732,48.1556283354368,15.9375
"441",2001-03-16,-11.4927778244019,48.1556283354368,15.9375
"442",2001-03-17,-11.729471206665,48.1556283354368,15.9375
"443",2001-03-18,-14.9716596603394,48.1556283354368,15.9375
"444",2001-03-19,-12.1846113204956,48.1556283354368,15.9375
"445",2001-03-20,-13.2469234466553,48.1556283354368,15.9375
"446",2001-03-21,-11.8513793945312,48.1556283354368,15.9375
"447",2001-03-22,-12.7385120391846,48.1556283354368,15.9375
"448",2001-03-23,-15.2724361419678,48.1556283354368,15.9375
"449",2001-03-24,-11.0602569580078,48.1556283354368,15.9375
"450",2001-03-25,-11.4917154312134,48.1556283354368,15.9375
"451",2001-03-26,-14.5398368835449,48.1556283354368,15.9375
"452",2001-03-27,-15.5546350479126,48.1556283354368,15.9375
"453",2001-03-28,-16.3766479492188,48.1556283354368,15.9375
"454",2001-03-29,-14.2875747680664,48.1556283354368,15.9375
"455",2001-03-30,-13.357795715332,48.1556283354368,15.9375
"456",2001-03-31,-14.6901960372925,48.1556283354368,15.9375
"457",2001-04-01,-15.7422895431519,48.1556283354368,15.9375
"458",2001-04-02,-13.265700340271,48.1556283354368,15.9375
"459",2001-04-03,-10.4641733169556,48.1556283354368,15.9375
"460",2001-04-04,-10.5454921722412,48.1556283354368,15.9375
"461",2001-04-05,-17.1193523406982,48.1556283354368,15.9375
"462",2001-04-06,-13.9757776260376,48.1556283354368,15.9375
"463",2001-04-07,-13.2439775466919,48.1556283354368,15.9375
"464",2001-04-08,-20.5123405456543,48.1556283354368,15.9375
"465",2001-04-09,-13.7267093658447,48.1556283354368,15.9375
"466",2001-04-10,-12.6107578277588,48.1556283354368,15.9375
"467",2001-04-11,-16.2313747406006,48.1556283354368,15.9375
"468",2001-04-12,-16.4616031646729,48.1556283354368,15.9375
"469",2001-04-13,-14.5241041183472,48.1556283354368,15.9375
"470",2001-04-14,-17.9819927215576,48.1556283354368,15.9375
"471",2001-04-15,-14.8654346466064,48.1556283354368,15.9375
"472",2001-04-16,-16.3748016357422,48.1556283354368,15.9375
"473",2001-04-17,-18.6046562194824,48.1556283354368,15.9375
"474",2001-04-18,-16.2348499298096,48.1556283354368,15.9375
"475",2001-04-19,-13.1777992248535,48.1556283354368,15.9375
"476",2001-04-20,-14.4302530288696,48.1556283354368,15.9375
"477",2001-04-21,-14.4770383834839,48.1556283354368,15.9375
"478",2001-04-22,-14.2993402481079,48.1556283354368,15.9375
"479",2001-04-23,-15.4272432327271,48.1556283354368,15.9375
"480",2001-04-24,-13.8734560012817,48.1556283354368,15.9375
"481",2001-04-25,-13.2132720947266,48.1556283354368,15.9375
"482",2001-04-26,-13.76637840271,48.1556283354368,15.9375
"483",2001-04-27,-13.4611253738403,48.1556283354368,15.9375
"484",2001-04-28,-11.4233684539795,48.1556283354368,15.9375
"485",2001-04-29,-11.1373052597046,48.1556283354368,15.9375
"486",2001-04-30,-10.6580743789673,48.1556283354368,15.9375
"487",2001-05-01,-13.6359357833862,48.1556283354368,15.9375
"488",2001-05-02,-14.8228321075439,48.1556283354368,15.9375
"489",2001-05-03,-16.7136764526367,48.1556283354368,15.9375
"490",2001-05-04,-17.3703098297119,48.1556283354368,15.9375
"491",2001-05-05,-13.541862487793,48.1556283354368,15.9375
"492",2001-05-06,-14.886157989502,48.1556283354368,15.9375
"493",2001-05-07,-17.4255886077881,48.1556283354368,15.9375
"494",2001-05-08,-16.5616226196289,48.1556283354368,15.9375
"495",2001-05-09,-16.1516761779785,48.1556283354368,15.9375
"496",2001-05-10,-12.9545087814331,48.1556283354368,15.9375
"497",2001-05-11,-12.1442499160767,48.1556283354368,15.9375
"498",2001-05-12,-14.2140073776245,48.1556283354368,15.9375
"499",2001-05-13,-13.3368978500366,48.1556283354368,15.9375
"500",2001-05-14,-11.8338508605957,48.1556283354368,15.9375
"501",2001-05-15,-11.6765089035034,48.1556283354368,15.9375
"502",2001-05-16,-10.6898059844971,48.1556283354368,15.9375
"503",2001-05-17,-10.3194828033447,48.1556283354368,15.9375
"504",2001-05-18,-11.7007865905762,48.1556283354368,15.9375
"505",2001-05-19,-14.413685798645,48.1556283354368,15.9375
"506",2001-05-20,-14.6037359237671,48.1556283354368,15.9375
"507",2001-05-21,-12.874831199646,48.1556283354368,15.9375
"508",2001-05-22,-12.563606262207,48.1556283354368,15.9375
"509",2001-05-23,-12.037446975708,48.1556283354368,15.9375
"510",2001-05-24,-12.2872724533081,48.1556283354368,15.9375
"511",2001-05-25,-11.5855932235718,48.1556283354368,15.9375
"512",2001-05-26,-13.559380531311,48.1556283354368,15.9375
"513",2001-05-27,-12.1879034042358,48.1556283354368,15.9375
"514",2001-05-28,-12.0748949050903,48.1556283354368,15.9375
"515",2001-05-29,-11.5496129989624,48.1556283354368,15.9375
"516",2001-05-30,-11.132417678833,48.1556283354368,15.9375
"517",2001-05-31,-11.2319383621216,48.1556283354368,15.9375
"518",2001-06-01,-11.5636892318726,48.1556283354368,15.9375
"519",2001-06-02,-14.3689441680908,48.1556283354368,15.9375
"520",2001-06-03,-19.7495346069336,48.1556283354368,15.9375
"521",2001-06-04,-14.5855350494385,48.1556283354368,15.9375
"522",2001-06-05,-12.3072481155396,48.1556283354368,15.9375
"523",2001-06-06,-11.5887660980225,48.1556283354368,15.9375
"524",2001-06-07,-12.3739080429077,48.1556283354368,15.9375
"525",2001-06-08,-11.4202165603638,48.1556283354368,15.9375
"526",2001-06-09,-10.9007139205933,48.1556283354368,15.9375
"527",2001-06-10,-10.373046875,48.1556283354368,15.9375
"528",2001-06-11,-12.8862428665161,48.1556283354368,15.9375
"529",2001-06-12,-14.3179931640625,48.1556283354368,15.9375
"530",2001-06-13,-11.9573574066162,48.1556283354368,15.9375
"531",2001-06-14,-14.2950458526611,48.1556283354368,15.9375
"532",2001-06-15,-14.0554208755493,48.1556283354368,15.9375
"533",2001-06-16,-11.3273839950562,48.1556283354368,15.9375
"534",2001-06-17,-12.3476724624634,48.1556283354368,15.9375
"535",2001-06-18,-18.0260677337646,48.1556283354368,15.9375
"536",2001-06-19,-14.9460849761963,48.1556283354368,15.9375
"537",2001-06-20,-13.9248781204224,48.1556283354368,15.9375
"538",2001-06-21,-12.4496297836304,48.1556283354368,15.9375
"539",2001-06-22,-11.6647415161133,48.1556283354368,15.9375
"540",2001-06-23,-11.8909139633179,48.1556283354368,15.9375
"541",2001-06-24,-11.5174770355225,48.1556283354368,15.9375
"542",2001-06-25,-11.4576454162598,48.1556283354368,15.9375
"543",2001-06-26,-11.860767364502,48.1556283354368,15.9375
"544",2001-06-27,-11.6210489273071,48.1556283354368,15.9375
"545",2001-06-28,-11.4882335662842,48.1556283354368,15.9375
"546",2001-06-29,-13.1901206970215,48.1556283354368,15.9375
"547",2001-06-30,-11.8221950531006,48.1556283354368,15.9375
"548",2001-07-01,-13.195818901062,48.1556283354368,15.9375
"549",2001-07-02,-12.7771978378296,48.1556283354368,15.9375
"550",2001-07-03,-12.1716432571411,48.1556283354368,15.9375
"551",2001-07-04,-13.2592811584473,48.1556283354368,15.9375
"552",2001-07-05,-12.4810724258423,48.1556283354368,15.9375
"553",2001-07-06,-11.1576471328735,48.1556283354368,15.9375
"554",2001-07-07,-10.8857908248901,48.1556283354368,15.9375
"555",2001-07-08,-13.422739982605,48.1556283354368,15.9375
"556",2001-07-09,-15.2423849105835,48.1556283354368,15.9375
"557",2001-07-10,-16.7161407470703,48.1556283354368,15.9375
"558",2001-07-11,-14.5383338928223,48.1556283354368,15.9375
"559",2001-07-12,-13.4691877365112,48.1556283354368,15.9375
"560",2001-07-13,-12.5387630462646,48.1556283354368,15.9375
"561",2001-07-14,-12.6109170913696,48.1556283354368,15.9375
"562",2001-07-15,-12.2571477890015,48.1556283354368,15.9375
"563",2001-07-16,-13.0091934204102,48.1556283354368,15.9375
"564",2001-07-17,-16.2185134887695,48.1556283354368,15.9375
"565",2001-07-18,-14.1048097610474,48.1556283354368,15.9375
"566",2001-07-19,-12.7596025466919,48.1556283354368,15.9375
"567",2001-07-20,-17.9507541656494,48.1556283354368,15.9375
"568",2001-07-21,-14.4515762329102,48.1556283354368,15.9375
"569",2001-07-22,-12.5982189178467,48.1556283354368,15.9375
"570",2001-07-23,-12.2628107070923,48.1556283354368,15.9375
"571",2001-07-24,-14.3563385009766,48.1556283354368,15.9375
"572",2001-07-25,-14.6703662872314,48.1556283354368,15.9375
"573",2001-07-26,-13.6470098495483,48.1556283354368,15.9375
"574",2001-07-27,-13.0475397109985,48.1556283354368,15.9375
"575",2001-07-28,-12.8199462890625,48.1556283354368,15.9375
"576",2001-07-29,-13.0398607254028,48.1556283354368,15.9375
"577",2001-07-30,-12.6551055908203,48.1556283354368,15.9375
"578",2001-07-31,-12.5844316482544,48.1556283354368,15.9375
"579",2001-08-01,-12.2420349121094,48.1556283354368,15.9375
"580",2001-08-02,-12.3098230361938,48.1556283354368,15.9375
"581",2001-08-03,-12.3376226425171,48.1556283354368,15.9375
"582",2001-08-04,-13.644416809082,48.1556283354368,15.9375
"583",2001-08-05,-12.1285934448242,48.1556283354368,15.9375
"584",2001-08-06,-13.3150882720947,48.1556283354368,15.9375
"585",2001-08-07,-12.9073467254639,48.1556283354368,15.9375
"586",2001-08-08,-12.7228860855103,48.1556283354368,15.9375
"587",2001-08-09,-11.8199939727783,48.1556283354368,15.9375
"588",2001-08-10,-12.8020191192627,48.1556283354368,15.9375
"589",2001-08-11,-16.050407409668,48.1556283354368,15.9375
"590",2001-08-12,-15.6405773162842,48.1556283354368,15.9375
"591",2001-08-13,-14.0024948120117,48.1556283354368,15.9375
"592",2001-08-14,-13.299241065979,48.1556283354368,15.9375
"593",2001-08-15,-13.3989810943604,48.1556283354368,15.9375
"594",2001-08-16,-13.5259323120117,48.1556283354368,15.9375
"595",2001-08-17,-12.2043170928955,48.1556283354368,15.9375
"596",2001-08-18,-12.514349937439,48.1556283354368,15.9375
"597",2001-08-19,-12.8610134124756,48.1556283354368,15.9375
"598",2001-08-20,-12.9386339187622,48.1556283354368,15.9375
"599",2001-08-21,-14.9214754104614,48.1556283354368,15.9375
"600",2001-08-22,-15.5743541717529,48.1556283354368,15.9375
"601",2001-08-23,-13.7328901290894,48.1556283354368,15.9375
"602",2001-08-24,-15.356819152832,48.1556283354368,15.9375
"603",2001-08-25,-15.6230812072754,48.1556283354368,15.9375
"604",2001-08-26,-14.2700214385986,48.1556283354368,15.9375
"605",2001-08-27,-14.2899980545044,48.1556283354368,15.9375
"606",2001-08-28,-14.6437826156616,48.1556283354368,15.9375
"607",2001-08-29,-12.7314386367798,48.1556283354368,15.9375
"608",2001-08-30,-15.2295627593994,48.1556283354368,15.9375
"609",2001-08-31,-13.9191274642944,48.1556283354368,15.9375
"610",2001-09-01,-18.1869068145752,48.1556283354368,15.9375
"611",2001-09-02,-16.6753063201904,48.1556283354368,15.9375
"612",2001-09-03,-13.1594581604004,48.1556283354368,15.9375
"613",2001-09-04,-14.2900867462158,48.1556283354368,15.9375
"614",2001-09-05,-20.2053604125977,48.1556283354368,15.9375
"615",2001-09-06,-14.8516712188721,48.1556283354368,15.9375
"616",2001-09-07,-16.3229160308838,48.1556283354368,15.9375
"617",2001-09-08,-14.3063936233521,48.1556283354368,15.9375
"618",2001-09-09,-15.5584554672241,48.1556283354368,15.9375
"619",2001-09-10,-16.1388740539551,48.1556283354368,15.9375
"620",2001-09-11,-15.5269689559937,48.1556283354368,15.9375
"621",2001-09-12,-15.5087242126465,48.1556283354368,15.9375
"622",2001-09-13,-15.3042497634888,48.1556283354368,15.9375
"623",2001-09-14,-14.3537864685059,48.1556283354368,15.9375
"624",2001-09-15,-17.9489994049072,48.1556283354368,15.9375
"625",2001-09-16,-18.9499588012695,48.1556283354368,15.9375
"626",2001-09-17,-18.2719669342041,48.1556283354368,15.9375
"627",2001-09-18,-21.0399570465088,48.1556283354368,15.9375
"628",2001-09-19,-18.0858421325684,48.1556283354368,15.9375
"629",2001-09-20,-13.9204416275024,48.1556283354368,15.9375
"630",2001-09-21,-12.3986711502075,48.1556283354368,15.9375
"631",2001-09-22,-12.1172342300415,48.1556283354368,15.9375
"632",2001-09-23,-10.9647216796875,48.1556283354368,15.9375
"633",2001-09-24,-11.7771883010864,48.1556283354368,15.9375
"634",2001-09-25,-16.7499084472656,48.1556283354368,15.9375
"635",2001-09-26,-21.0293979644775,48.1556283354368,15.9375
"636",2001-09-27,-15.1630706787109,48.1556283354368,15.9375
"637",2001-09-28,-13.5239753723145,48.1556283354368,15.9375
"638",2001-09-29,-12.8808059692383,48.1556283354368,15.9375
"639",2001-09-30,-11.441575050354,48.1556283354368,15.9375
"640",2001-10-01,-13.7765655517578,48.1556283354368,15.9375
"641",2001-10-02,-12.7734003067017,48.1556283354368,15.9375
"642",2001-10-03,-12.3299751281738,48.1556283354368,15.9375
"643",2001-10-04,-11.7108535766602,48.1556283354368,15.9375
"644",2001-10-05,-12.1649951934814,48.1556283354368,15.9375
"645",2001-10-06,-11.7004842758179,48.1556283354368,15.9375
"646",2001-10-07,-10.9869318008423,48.1556283354368,15.9375
"647",2001-10-08,-10.577823638916,48.1556283354368,15.9375
"648",2001-10-09,-11.5039176940918,48.1556283354368,15.9375
"649",2001-10-10,-11.3026332855225,48.1556283354368,15.9375
"650",2001-10-11,-11.5578536987305,48.1556283354368,15.9375
"651",2001-10-12,-11.763373374939,48.1556283354368,15.9375
"652",2001-10-13,-11.4904623031616,48.1556283354368,15.9375
"653",2001-10-14,-11.8609619140625,48.1556283354368,15.9375
"654",2001-10-15,-11.7111434936523,48.1556283354368,15.9375
"655",2001-10-16,-11.8690738677979,48.1556283354368,15.9375
"656",2001-10-17,-11.9036254882812,48.1556283354368,15.9375
"657",2001-10-18,-11.5346326828003,48.1556283354368,15.9375
"658",2001-10-19,-11.2504959106445,48.1556283354368,15.9375
"659",2001-10-20,-11.1504878997803,48.1556283354368,15.9375
"660",2001-10-21,-11.6597814559937,48.1556283354368,15.9375
"661",2001-10-22,-13.8861484527588,48.1556283354368,15.9375
"662",2001-10-23,-13.2367553710938,48.1556283354368,15.9375
"663",2001-10-24,-13.4986705780029,48.1556283354368,15.9375
"664",2001-10-25,-16.350606918335,48.1556283354368,15.9375
"665",2001-10-26,-18.2051792144775,48.1556283354368,15.9375
"666",2001-10-27,-15.1980237960815,48.1556283354368,15.9375
"667",2001-10-28,-13.3583860397339,48.1556283354368,15.9375
"668",2001-10-29,-11.8830060958862,48.1556283354368,15.9375
"669",2001-10-30,-11.7224969863892,48.1556283354368,15.9375
"670",2001-10-31,-11.4985074996948,48.1556283354368,15.9375
"671",2001-11-01,-13.8346681594849,48.1556283354368,15.9375
"672",2001-11-02,-14.1188726425171,48.1556283354368,15.9375
"673",2001-11-03,-13.540415763855,48.1556283354368,15.9375
"674",2001-11-04,-12.7175703048706,48.1556283354368,15.9375
"675",2001-11-05,-12.2031917572021,48.1556283354368,15.9375
"676",2001-11-06,-12.5610160827637,48.1556283354368,15.9375
"677",2001-11-07,-13.1696510314941,48.1556283354368,15.9375
"678",2001-11-08,-14.3241853713989,48.1556283354368,15.9375
"679",2001-11-09,-20.7676029205322,48.1556283354368,15.9375
"680",2001-11-10,-16.8893432617188,48.1556283354368,15.9375
"681",2001-11-11,-14.6942806243896,48.1556283354368,15.9375
"682",2001-11-12,-14.3351936340332,48.1556283354368,15.9375
"683",2001-11-13,-16.0151214599609,48.1556283354368,15.9375
"684",2001-11-14,-18.0916652679443,48.1556283354368,15.9375
"685",2001-11-15,-15.6157493591309,48.1556283354368,15.9375
"686",2001-11-16,-13.7754850387573,48.1556283354368,15.9375
"687",2001-11-17,-14.2463159561157,48.1556283354368,15.9375
"688",2001-11-18,-13.0173406600952,48.1556283354368,15.9375
"689",2001-11-19,-14.2535467147827,48.1556283354368,15.9375
"690",2001-11-20,-15.3227319717407,48.1556283354368,15.9375
"691",2001-11-21,-14.8117122650146,48.1556283354368,15.9375
"692",2001-11-22,-14.0851316452026,48.1556283354368,15.9375
"693",2001-11-23,-15.1770162582397,48.1556283354368,15.9375
"694",2001-11-24,-15.3054828643799,48.1556283354368,15.9375
"695",2001-11-25,-15.1926774978638,48.1556283354368,15.9375
"696",2001-11-26,-14.5948696136475,48.1556283354368,15.9375
"697",2001-11-27,-15.0227603912354,48.1556283354368,15.9375
"698",2001-11-28,-17.5828590393066,48.1556283354368,15.9375
"699",2001-11-29,-14.6908521652222,48.1556283354368,15.9375
"700",2001-11-30,-15.2235918045044,48.1556283354368,15.9375
"701",2001-12-01,-21.5754508972168,48.1556283354368,15.9375
"702",2001-12-02,-19.3573894500732,48.1556283354368,15.9375
"703",2001-12-03,-17.7677154541016,48.1556283354368,15.9375
"704",2001-12-04,-18.9109306335449,48.1556283354368,15.9375
"705",2001-12-05,-16.2004852294922,48.1556283354368,15.9375
"706",2001-12-06,-15.0912313461304,48.1556283354368,15.9375
"707",2001-12-07,-18.5222339630127,48.1556283354368,15.9375
"708",2001-12-08,-18.2137565612793,48.1556283354368,15.9375
"709",2001-12-09,-17.5931186676025,48.1556283354368,15.9375
"710",2001-12-10,-17.0490379333496,48.1556283354368,15.9375
"711",2001-12-11,-17.4935779571533,48.1556283354368,15.9375
"712",2001-12-12,-18.1806697845459,48.1556283354368,15.9375
"713",2001-12-13,-20.3160610198975,48.1556283354368,15.9375
"714",2001-12-14,-22.9946708679199,48.1556283354368,15.9375
"715",2001-12-15,-20.9412460327148,48.1556283354368,15.9375
"716",2001-12-16,-19.6245994567871,48.1556283354368,15.9375
"717",2001-12-17,-16.8578128814697,48.1556283354368,15.9375
"718",2001-12-18,-17.7099304199219,48.1556283354368,15.9375
"719",2001-12-19,-15.4142093658447,48.1556283354368,15.9375
"720",2001-12-20,-15.6581525802612,48.1556283354368,15.9375
"721",2001-12-21,-17.7489318847656,48.1556283354368,15.9375
"722",2001-12-22,-13.727837562561,48.1556283354368,15.9375
"723",2001-12-23,-16.8481101989746,48.1556283354368,15.9375
"724",2001-12-24,-18.8663196563721,48.1556283354368,15.9375
"725",2001-12-25,-14.3605928421021,48.1556283354368,15.9375
"726",2001-12-26,-16.0245590209961,48.1556283354368,15.9375
"727",2001-12-27,-18.8250541687012,48.1556283354368,15.9375
"728",2001-12-28,-13.8988027572632,48.1556283354368,15.9375
"729",2001-12-29,-13.1964683532715,48.1556283354368,15.9375
"730",2001-12-30,-15.9826173782349,48.1556283354368,15.9375
"731",2001-12-31,-16.169319152832,48.1556283354368,15.9375
"732",2002-01-01,-15.0212535858154,48.1556283354368,15.9375
"733",2002-01-02,-14.0190372467041,48.1556283354368,15.9375
"734",2002-01-03,-16.0878047943115,48.1556283354368,15.9375
"735",2002-01-04,-16.3524761199951,48.1556283354368,15.9375
"736",2002-01-05,-13.7777462005615,48.1556283354368,15.9375
"737",2002-01-06,-13.1117763519287,48.1556283354368,15.9375
"738",2002-01-07,-14.9610815048218,48.1556283354368,15.9375
"739",2002-01-08,-16.1193733215332,48.1556283354368,15.9375
"740",2002-01-09,-15.3936309814453,48.1556283354368,15.9375
"741",2002-01-10,-14.8770580291748,48.1556283354368,15.9375
"742",2002-01-11,-15.0243473052979,48.1556283354368,15.9375
"743",2002-01-12,-14.4804887771606,48.1556283354368,15.9375
"744",2002-01-13,-16.4265594482422,48.1556283354368,15.9375
"745",2002-01-14,-20.9022331237793,48.1556283354368,15.9375
"746",2002-01-15,-21.2289810180664,48.1556283354368,15.9375
"747",2002-01-16,-19.8620357513428,48.1556283354368,15.9375
"748",2002-01-17,-19.4271430969238,48.1556283354368,15.9375
"749",2002-01-18,-20.3680038452148,48.1556283354368,15.9375
"750",2002-01-19,-15.8267316818237,48.1556283354368,15.9375
"751",2002-01-20,-13.8280782699585,48.1556283354368,15.9375
"752",2002-01-21,-13.2934608459473,48.1556283354368,15.9375
"753",2002-01-22,-12.3299417495728,48.1556283354368,15.9375
"754",2002-01-23,-11.2401266098022,48.1556283354368,15.9375
"755",2002-01-24,-15.1002368927002,48.1556283354368,15.9375
"756",2002-01-25,-18.5986423492432,48.1556283354368,15.9375
"757",2002-01-26,-14.4653930664062,48.1556283354368,15.9375
"758",2002-01-27,-12.8951902389526,48.1556283354368,15.9375
"759",2002-01-28,-16.3427429199219,48.1556283354368,15.9375
"760",2002-01-29,-13.54527759552,48.1556283354368,15.9375
"761",2002-01-30,-12.8812589645386,48.1556283354368,15.9375
"762",2002-01-31,-12.7695894241333,48.1556283354368,15.9375
"763",2002-02-01,-12.3163251876831,48.1556283354368,15.9375
"764",2002-02-02,-15.3473243713379,48.1556283354368,15.9375
"765",2002-02-03,-14.2114591598511,48.1556283354368,15.9375
"766",2002-02-04,-14.2352666854858,48.1556283354368,15.9375
"767",2002-02-05,-12.9255237579346,48.1556283354368,15.9375
"768",2002-02-06,-12.3155527114868,48.1556283354368,15.9375
"769",2002-02-07,-14.7541732788086,48.1556283354368,15.9375
"770",2002-02-08,-14.9469451904297,48.1556283354368,15.9375
"771",2002-02-09,-12.6930198669434,48.1556283354368,15.9375
"772",2002-02-10,-13.1405229568481,48.1556283354368,15.9375
"773",2002-02-11,-11.8659715652466,48.1556283354368,15.9375
"774",2002-02-12,-12.4829053878784,48.1556283354368,15.9375
"775",2002-02-13,-12.7774467468262,48.1556283354368,15.9375
"776",2002-02-14,-13.2467603683472,48.1556283354368,15.9375
"777",2002-02-15,-15.6204385757446,48.1556283354368,15.9375
"778",2002-02-16,-13.1819248199463,48.1556283354368,15.9375
"779",2002-02-17,-13.8892087936401,48.1556283354368,15.9375
"780",2002-02-18,-12.3315801620483,48.1556283354368,15.9375
"781",2002-02-19,-14.0573024749756,48.1556283354368,15.9375
"782",2002-02-20,-13.3092031478882,48.1556283354368,15.9375
"783",2002-02-21,-18.1980266571045,48.1556283354368,15.9375
"784",2002-02-22,-18.2329654693604,48.1556283354368,15.9375
"785",2002-02-23,-12.9333047866821,48.1556283354368,15.9375
"786",2002-02-24,-13.7459287643433,48.1556283354368,15.9375
"787",2002-02-25,-11.9192981719971,48.1556283354368,15.9375
"788",2002-02-26,-12.2767286300659,48.1556283354368,15.9375
"789",2002-02-27,-11.6099300384521,48.1556283354368,15.9375
"790",2002-02-28,-12.0054235458374,48.1556283354368,15.9375
"791",2002-03-01,-12.88525390625,48.1556283354368,15.9375
"792",2002-03-02,-11.4468355178833,48.1556283354368,15.9375
"793",2002-03-03,-13.4279518127441,48.1556283354368,15.9375
"794",2002-03-04,-14.0162887573242,48.1556283354368,15.9375
"795",2002-03-05,-12.4932889938354,48.1556283354368,15.9375
"796",2002-03-06,-11.7019300460815,48.1556283354368,15.9375
"797",2002-03-07,-12.7303972244263,48.1556283354368,15.9375
"798",2002-03-08,-14.2651138305664,48.1556283354368,15.9375
"799",2002-03-09,-12.0889406204224,48.1556283354368,15.9375
"800",2002-03-10,-13.8189249038696,48.1556283354368,15.9375
"801",2002-03-11,-14.25514793396,48.1556283354368,15.9375
"802",2002-03-12,-13.4491882324219,48.1556283354368,15.9375
"803",2002-03-13,-13.0128803253174,48.1556283354368,15.9375
"804",2002-03-14,-11.4683561325073,48.1556283354368,15.9375
"805",2002-03-15,-11.9961595535278,48.1556283354368,15.9375
"806",2002-03-16,-12.6486845016479,48.1556283354368,15.9375
"807",2002-03-17,-13.909649848938,48.1556283354368,15.9375
"808",2002-03-18,-13.5781803131104,48.1556283354368,15.9375
"809",2002-03-19,-12.4494609832764,48.1556283354368,15.9375
"810",2002-03-20,-17.7926292419434,48.1556283354368,15.9375
"811",2002-03-21,-16.0320529937744,48.1556283354368,15.9375
"812",2002-03-22,-17.3622226715088,48.1556283354368,15.9375
"813",2002-03-23,-18.1997509002686,48.1556283354368,15.9375
"814",2002-03-24,-22.0916557312012,48.1556283354368,15.9375
"815",2002-03-25,-19.3298187255859,48.1556283354368,15.9375
"816",2002-03-26,-18.6588821411133,48.1556283354368,15.9375
"817",2002-03-27,-19.8533706665039,48.1556283354368,15.9375
"818",2002-03-28,-17.2544288635254,48.1556283354368,15.9375
"819",2002-03-29,-15.4268016815186,48.1556283354368,15.9375
"820",2002-03-30,-14.4108076095581,48.1556283354368,15.9375
"821",2002-03-31,-14.8157253265381,48.1556283354368,15.9375
"822",2002-04-01,-14.2369022369385,48.1556283354368,15.9375
"823",2002-04-02,-14.9118299484253,48.1556283354368,15.9375
"824",2002-04-03,-14.8193311691284,48.1556283354368,15.9375
"825",2002-04-04,-16.5914039611816,48.1556283354368,15.9375
"826",2002-04-05,-17.112268447876,48.1556283354368,15.9375
"827",2002-04-06,-13.5167150497437,48.1556283354368,15.9375
"828",2002-04-07,-15.2168416976929,48.1556283354368,15.9375
"829",2002-04-08,-17.6373081207275,48.1556283354368,15.9375
"830",2002-04-09,-21.8840312957764,48.1556283354368,15.9375
"831",2002-04-10,-19.2471027374268,48.1556283354368,15.9375
"832",2002-04-11,-15.7377262115479,48.1556283354368,15.9375
"833",2002-04-12,-12.710506439209,48.1556283354368,15.9375
"834",2002-04-13,-11.5915412902832,48.1556283354368,15.9375
"835",2002-04-14,-15.0660982131958,48.1556283354368,15.9375
"836",2002-04-15,-16.4245014190674,48.1556283354368,15.9375
"837",2002-04-16,-16.3294143676758,48.1556283354368,15.9375
"838",2002-04-17,-17.8320026397705,48.1556283354368,15.9375
"839",2002-04-18,-16.3169612884521,48.1556283354368,15.9375
"840",2002-04-19,-15.547248840332,48.1556283354368,15.9375
"841",2002-04-20,-18.7424850463867,48.1556283354368,15.9375
"842",2002-04-21,-17.6777267456055,48.1556283354368,15.9375
"843",2002-04-22,-17.9469528198242,48.1556283354368,15.9375
"844",2002-04-23,-16.7822437286377,48.1556283354368,15.9375
"845",2002-04-24,-13.215407371521,48.1556283354368,15.9375
"846",2002-04-25,-13.3078966140747,48.1556283354368,15.9375
"847",2002-04-26,-11.7041025161743,48.1556283354368,15.9375
"848",2002-04-27,-18.963565826416,48.1556283354368,15.9375
"849",2002-04-28,-15.3202505111694,48.1556283354368,15.9375
"850",2002-04-29,-11.1687507629395,48.1556283354368,15.9375
"851",2002-04-30,-10.561972618103,48.1556283354368,15.9375
"852",2002-05-01,-10.8899517059326,48.1556283354368,15.9375
"853",2002-05-02,-10.0732879638672,48.1556283354368,15.9375
"854",2002-05-03,-10.1591825485229,48.1556283354368,15.9375
"855",2002-05-04,-11.582818031311,48.1556283354368,15.9375
"856",2002-05-05,-13.2412281036377,48.1556283354368,15.9375
"857",2002-05-06,-13.4515361785889,48.1556283354368,15.9375
"858",2002-05-07,-11.2890100479126,48.1556283354368,15.9375
"859",2002-05-08,-11.4059400558472,48.1556283354368,15.9375
"860",2002-05-09,-11.5376005172729,48.1556283354368,15.9375
"861",2002-05-10,-11.9365844726562,48.1556283354368,15.9375
"862",2002-05-11,-13.2073040008545,48.1556283354368,15.9375
"863",2002-05-12,-14.4405603408813,48.1556283354368,15.9375
"864",2002-05-13,-14.0404615402222,48.1556283354368,15.9375
"865",2002-05-14,-11.6140985488892,48.1556283354368,15.9375
"866",2002-05-15,-13.2628011703491,48.1556283354368,15.9375
"867",2002-05-16,-12.4896259307861,48.1556283354368,15.9375
"868",2002-05-17,-11.6550855636597,48.1556283354368,15.9375
"869",2002-05-18,-11.0382642745972,48.1556283354368,15.9375
"870",2002-05-19,-11.9319858551025,48.1556283354368,15.9375
"871",2002-05-20,-16.1724987030029,48.1556283354368,15.9375
"872",2002-05-21,-15.3619699478149,48.1556283354368,15.9375
"873",2002-05-22,-12.2575922012329,48.1556283354368,15.9375
"874",2002-05-23,-10.7848272323608,48.1556283354368,15.9375
"875",2002-05-24,-11.0593128204346,48.1556283354368,15.9375
"876",2002-05-25,-11.0304107666016,48.1556283354368,15.9375
"877",2002-05-26,-12.1670227050781,48.1556283354368,15.9375
"878",2002-05-27,-12.6866292953491,48.1556283354368,15.9375
"879",2002-05-28,-16.152214050293,48.1556283354368,15.9375
"880",2002-05-29,-13.8092250823975,48.1556283354368,15.9375
"881",2002-05-30,-12.4250793457031,48.1556283354368,15.9375
"882",2002-05-31,-10.7312421798706,48.1556283354368,15.9375
"883",2002-06-01,-10.8592739105225,48.1556283354368,15.9375
"884",2002-06-02,-11.3265514373779,48.1556283354368,15.9375
"885",2002-06-03,-11.4491567611694,48.1556283354368,15.9375
"886",2002-06-04,-12.8893022537231,48.1556283354368,15.9375
"887",2002-06-05,-10.9368524551392,48.1556283354368,15.9375
"888",2002-06-06,-11.8262958526611,48.1556283354368,15.9375
"889",2002-06-07,-18.1530933380127,48.1556283354368,15.9375
"890",2002-06-08,-14.3327627182007,48.1556283354368,15.9375
"891",2002-06-09,-12.3959360122681,48.1556283354368,15.9375
"892",2002-06-10,-17.5555000305176,48.1556283354368,15.9375
"893",2002-06-11,-12.0485420227051,48.1556283354368,15.9375
"894",2002-06-12,-11.7997188568115,48.1556283354368,15.9375
"895",2002-06-13,-11.8871812820435,48.1556283354368,15.9375
"896",2002-06-14,-11.7027454376221,48.1556283354368,15.9375
"897",2002-06-15,-11.594090461731,48.1556283354368,15.9375
"898",2002-06-16,-12.2112197875977,48.1556283354368,15.9375
"899",2002-06-17,-14.2410306930542,48.1556283354368,15.9375
"900",2002-06-18,-13.0970268249512,48.1556283354368,15.9375
"901",2002-06-19,-12.302209854126,48.1556283354368,15.9375
"902",2002-06-20,-12.3151350021362,48.1556283354368,15.9375
"903",2002-06-21,-12.2522096633911,48.1556283354368,15.9375
"904",2002-06-22,-12.7500600814819,48.1556283354368,15.9375
"905",2002-06-23,-13.6270322799683,48.1556283354368,15.9375
"906",2002-06-24,-13.4907627105713,48.1556283354368,15.9375
"907",2002-06-25,-13.1800327301025,48.1556283354368,15.9375
"908",2002-06-26,-12.4331798553467,48.1556283354368,15.9375
"909",2002-06-27,-11.6781005859375,48.1556283354368,15.9375
"910",2002-06-28,-12.4447689056396,48.1556283354368,15.9375
"911",2002-06-29,-14.4691543579102,48.1556283354368,15.9375
"912",2002-06-30,-13.4057235717773,48.1556283354368,15.9375
"913",2002-07-01,-12.3925466537476,48.1556283354368,15.9375
"914",2002-07-02,-11.0549364089966,48.1556283354368,15.9375
"915",2002-07-03,-10.7698459625244,48.1556283354368,15.9375
"916",2002-07-04,-14.5464906692505,48.1556283354368,15.9375
"917",2002-07-05,-17.6086502075195,48.1556283354368,15.9375
"918",2002-07-06,-15.768009185791,48.1556283354368,15.9375
"919",2002-07-07,-16.5417289733887,48.1556283354368,15.9375
"920",2002-07-08,-15.298451423645,48.1556283354368,15.9375
"921",2002-07-09,-14.2856960296631,48.1556283354368,15.9375
"922",2002-07-10,-15.1730098724365,48.1556283354368,15.9375
"923",2002-07-11,-14.1128082275391,48.1556283354368,15.9375
"924",2002-07-12,-17.2239837646484,48.1556283354368,15.9375
"925",2002-07-13,-14.5811624526978,48.1556283354368,15.9375
"926",2002-07-14,-14.2127161026001,48.1556283354368,15.9375
"927",2002-07-15,-14.4480886459351,48.1556283354368,15.9375
"928",2002-07-16,-13.3625087738037,48.1556283354368,15.9375
"929",2002-07-17,-16.286979675293,48.1556283354368,15.9375
"930",2002-07-18,-17.8140773773193,48.1556283354368,15.9375
"931",2002-07-19,-15.6468524932861,48.1556283354368,15.9375
"932",2002-07-20,-14.3728561401367,48.1556283354368,15.9375
"933",2002-07-21,-11.7149295806885,48.1556283354368,15.9375
"934",2002-07-22,-13.127477645874,48.1556283354368,15.9375
"935",2002-07-23,-15.0278367996216,48.1556283354368,15.9375
"936",2002-07-24,-13.8853101730347,48.1556283354368,15.9375
"937",2002-07-25,-16.1716327667236,48.1556283354368,15.9375
"938",2002-07-26,-17.9576835632324,48.1556283354368,15.9375
"939",2002-07-27,-17.0920352935791,48.1556283354368,15.9375
"940",2002-07-28,-14.6400365829468,48.1556283354368,15.9375
"941",2002-07-29,-15.1374444961548,48.1556283354368,15.9375
"942",2002-07-30,-15.3759765625,48.1556283354368,15.9375
"943",2002-07-31,-15.6269502639771,48.1556283354368,15.9375
"944",2002-08-01,-14.5024709701538,48.1556283354368,15.9375
"945",2002-08-02,-12.4969539642334,48.1556283354368,15.9375
"946",2002-08-03,-12.6636018753052,48.1556283354368,15.9375
"947",2002-08-04,-11.9456653594971,48.1556283354368,15.9375
"948",2002-08-05,-12.7020025253296,48.1556283354368,15.9375
"949",2002-08-06,-12.8387203216553,48.1556283354368,15.9375
"950",2002-08-07,-14.7105598449707,48.1556283354368,15.9375
"951",2002-08-08,-15.1561098098755,48.1556283354368,15.9375
"952",2002-08-09,-17.1958999633789,48.1556283354368,15.9375
"953",2002-08-10,-15.2322416305542,48.1556283354368,15.9375
"954",2002-08-11,-21.5991306304932,48.1556283354368,15.9375
"955",2002-08-12,-17.4943790435791,48.1556283354368,15.9375
"956",2002-08-13,-14.0278205871582,48.1556283354368,15.9375
"957",2002-08-14,-13.8613014221191,48.1556283354368,15.9375
"958",2002-08-15,-14.0820531845093,48.1556283354368,15.9375
"959",2002-08-16,-13.5161952972412,48.1556283354368,15.9375
"960",2002-08-17,-13.1473350524902,48.1556283354368,15.9375
"961",2002-08-18,-13.1510000228882,48.1556283354368,15.9375
"962",2002-08-19,-13.7785835266113,48.1556283354368,15.9375
"963",2002-08-20,-14.161262512207,48.1556283354368,15.9375
"964",2002-08-21,-16.5062427520752,48.1556283354368,15.9375
"965",2002-08-22,-15.6728963851929,48.1556283354368,15.9375
"966",2002-08-23,-14.0517416000366,48.1556283354368,15.9375
"967",2002-08-24,-13.7891035079956,48.1556283354368,15.9375
"968",2002-08-25,-14.1432723999023,48.1556283354368,15.9375
"969",2002-08-26,-13.9323711395264,48.1556283354368,15.9375
"970",2002-08-27,-12.6655874252319,48.1556283354368,15.9375
"971",2002-08-28,-12.7513570785522,48.1556283354368,15.9375
"972",2002-08-29,-14.1191120147705,48.1556283354368,15.9375
"973",2002-08-30,-14.4120149612427,48.1556283354368,15.9375
"974",2002-08-31,-13.6069755554199,48.1556283354368,15.9375
"975",2002-09-01,-12.9789152145386,48.1556283354368,15.9375
"976",2002-09-02,-14.093035697937,48.1556283354368,15.9375
"977",2002-09-03,-14.8214893341064,48.1556283354368,15.9375
"978",2002-09-04,-14.3850889205933,48.1556283354368,15.9375
"979",2002-09-05,-14.0114917755127,48.1556283354368,15.9375
"980",2002-09-06,-16.1535758972168,48.1556283354368,15.9375
"981",2002-09-07,-15.4438533782959,48.1556283354368,15.9375
"982",2002-09-08,-16.7487373352051,48.1556283354368,15.9375
"983",2002-09-09,-15.6276473999023,48.1556283354368,15.9375
"984",2002-09-10,-14.1615324020386,48.1556283354368,15.9375
"985",2002-09-11,-16.7929859161377,48.1556283354368,15.9375
"986",2002-09-12,-15.5630159378052,48.1556283354368,15.9375
"987",2002-09-13,-14.4549369812012,48.1556283354368,15.9375
"988",2002-09-14,-14.6323461532593,48.1556283354368,15.9375
"989",2002-09-15,-13.3833341598511,48.1556283354368,15.9375
"990",2002-09-16,-15.1473474502563,48.1556283354368,15.9375
"991",2002-09-17,-14.2671813964844,48.1556283354368,15.9375
"992",2002-09-18,-12.6922702789307,48.1556283354368,15.9375
"993",2002-09-19,-12.1642770767212,48.1556283354368,15.9375
"994",2002-09-20,-12.3201723098755,48.1556283354368,15.9375
"995",2002-09-21,-12.1918087005615,48.1556283354368,15.9375
"996",2002-09-22,-17.5720901489258,48.1556283354368,15.9375
"997",2002-09-23,-19.4131755828857,48.1556283354368,15.9375
"998",2002-09-24,-19.9875679016113,48.1556283354368,15.9375
"999",2002-09-25,-21.0556259155273,48.1556283354368,15.9375
"1000",2002-09-26,-17.79319190979,48.1556283354368,15.9375
"1001",2002-09-27,-20.1297721862793,48.1556283354368,15.9375
"1002",2002-09-28,-18.077320098877,48.1556283354368,15.9375
"1003",2002-09-29,-16.617696762085,48.1556283354368,15.9375
"1004",2002-09-30,-14.8073120117188,48.1556283354368,15.9375
"1005",2002-10-01,-14.1383609771729,48.1556283354368,15.9375
"1006",2002-10-02,-13.1947002410889,48.1556283354368,15.9375
"1007",2002-10-03,-12.1699542999268,48.1556283354368,15.9375
"1008",2002-10-04,-12.4289598464966,48.1556283354368,15.9375
"1009",2002-10-05,-15.4386110305786,48.1556283354368,15.9375
"1010",2002-10-06,-18.7685451507568,48.1556283354368,15.9375
"1011",2002-10-07,-18.4218997955322,48.1556283354368,15.9375
"1012",2002-10-08,-15.7638273239136,48.1556283354368,15.9375
"1013",2002-10-09,-14.9743270874023,48.1556283354368,15.9375
"1014",2002-10-10,-12.0798692703247,48.1556283354368,15.9375
"1015",2002-10-11,-11.5792827606201,48.1556283354368,15.9375
"1016",2002-10-12,-15.1421499252319,48.1556283354368,15.9375
"1017",2002-10-13,-19.3614692687988,48.1556283354368,15.9375
"1018",2002-10-14,-14.7541856765747,48.1556283354368,15.9375
"1019",2002-10-15,-13.319052696228,48.1556283354368,15.9375
"1020",2002-10-16,-10.9135580062866,48.1556283354368,15.9375
"1021",2002-10-17,-10.7983503341675,48.1556283354368,15.9375
"1022",2002-10-18,-14.4177188873291,48.1556283354368,15.9375
"1023",2002-10-19,-14.3954811096191,48.1556283354368,15.9375
"1024",2002-10-20,-15.0480422973633,48.1556283354368,15.9375
"1025",2002-10-21,-11.9783802032471,48.1556283354368,15.9375
"1026",2002-10-22,-11.2920055389404,48.1556283354368,15.9375
"1027",2002-10-23,-11.8285827636719,48.1556283354368,15.9375
"1028",2002-10-24,-18.416051864624,48.1556283354368,15.9375
"1029",2002-10-25,-14.2112150192261,48.1556283354368,15.9375
"1030",2002-10-26,-12.3559722900391,48.1556283354368,15.9375
"1031",2002-10-27,-11.7825021743774,48.1556283354368,15.9375
"1032",2002-10-28,-12.3537759780884,48.1556283354368,15.9375
"1033",2002-10-29,-12.0302314758301,48.1556283354368,15.9375
"1034",2002-10-30,-11.1522912979126,48.1556283354368,15.9375
"1035",2002-10-31,-11.1937999725342,48.1556283354368,15.9375
"1036",2002-11-01,-11.1679449081421,48.1556283354368,15.9375
"1037",2002-11-02,-11.1498174667358,48.1556283354368,15.9375
"1038",2002-11-03,-12.1829137802124,48.1556283354368,15.9375
"1039",2002-11-04,-14.6342802047729,48.1556283354368,15.9375
"1040",2002-11-05,-17.0305767059326,48.1556283354368,15.9375
"1041",2002-11-06,-18.0494766235352,48.1556283354368,15.9375
"1042",2002-11-07,-18.5624122619629,48.1556283354368,15.9375
"1043",2002-11-08,-18.4536094665527,48.1556283354368,15.9375
"1044",2002-11-09,-17.5522403717041,48.1556283354368,15.9375
"1045",2002-11-10,-15.8247671127319,48.1556283354368,15.9375
"1046",2002-11-11,-14.7955665588379,48.1556283354368,15.9375
"1047",2002-11-12,-16.7877979278564,48.1556283354368,15.9375
"1048",2002-11-13,-12.935510635376,48.1556283354368,15.9375
"1049",2002-11-14,-11.0918655395508,48.1556283354368,15.9375
"1050",2002-11-15,-11.3928060531616,48.1556283354368,15.9375
"1051",2002-11-16,-12.8960199356079,48.1556283354368,15.9375
"1052",2002-11-17,-16.3630504608154,48.1556283354368,15.9375
"1053",2002-11-18,-14.372109413147,48.1556283354368,15.9375
"1054",2002-11-19,-14.0027179718018,48.1556283354368,15.9375
"1055",2002-11-20,-12.0501775741577,48.1556283354368,15.9375
"1056",2002-11-21,-12.3247213363647,48.1556283354368,15.9375
"1057",2002-11-22,-17.4848937988281,48.1556283354368,15.9375
"1058",2002-11-23,-13.9915904998779,48.1556283354368,15.9375
"1059",2002-11-24,-10.8285827636719,48.1556283354368,15.9375
"1060",2002-11-25,-10.3183622360229,48.1556283354368,15.9375
"1061",2002-11-26,-10.1291189193726,48.1556283354368,15.9375
"1062",2002-11-27,-10.1979560852051,48.1556283354368,15.9375
"1063",2002-11-28,-12.2664890289307,48.1556283354368,15.9375
"1064",2002-11-29,-12.8596305847168,48.1556283354368,15.9375
"1065",2002-11-30,-16.3992195129395,48.1556283354368,15.9375
"1066",2002-12-01,-15.1370649337769,48.1556283354368,15.9375
"1067",2002-12-02,-19.3810558319092,48.1556283354368,15.9375
"1068",2002-12-03,-17.7543640136719,48.1556283354368,15.9375
"1069",2002-12-04,-18.4156475067139,48.1556283354368,15.9375
"1070",2002-12-05,-20.0723266601562,48.1556283354368,15.9375
"1071",2002-12-06,-19.3647861480713,48.1556283354368,15.9375
"1072",2002-12-07,-19.996768951416,48.1556283354368,15.9375
"1073",2002-12-08,-18.1632881164551,48.1556283354368,15.9375
"1074",2002-12-09,-17.5584678649902,48.1556283354368,15.9375
"1075",2002-12-10,-16.0946865081787,48.1556283354368,15.9375
"1076",2002-12-11,-16.0284233093262,48.1556283354368,15.9375
"1077",2002-12-12,-15.426513671875,48.1556283354368,15.9375
"1078",2002-12-13,-19.1407661437988,48.1556283354368,15.9375
"1079",2002-12-14,-18.2455463409424,48.1556283354368,15.9375
"1080",2002-12-15,-17.5085945129395,48.1556283354368,15.9375
"1081",2002-12-16,-15.4306297302246,48.1556283354368,15.9375
"1082",2002-12-17,-15.4963674545288,48.1556283354368,15.9375
"1083",2002-12-18,-20.4426727294922,48.1556283354368,15.9375
"1084",2002-12-19,-20.5422172546387,48.1556283354368,15.9375
"1085",2002-12-20,-16.3275890350342,48.1556283354368,15.9375
"1086",2002-12-21,-14.6572608947754,48.1556283354368,15.9375
"1087",2002-12-22,-14.9964389801025,48.1556283354368,15.9375
"1088",2002-12-23,-14.5200929641724,48.1556283354368,15.9375
"1089",2002-12-24,-17.6004467010498,48.1556283354368,15.9375
"1090",2002-12-25,-15.1369018554688,48.1556283354368,15.9375
"1091",2002-12-26,-15.7587976455688,48.1556283354368,15.9375
"1092",2002-12-27,-15.6695947647095,48.1556283354368,15.9375
"1093",2002-12-28,-14.3819646835327,48.1556283354368,15.9375
"1094",2002-12-29,-14.1993379592896,48.1556283354368,15.9375
"1095",2002-12-30,-13.2728643417358,48.1556283354368,15.9375
"1096",2002-12-31,-18.6840744018555,48.1556283354368,15.9375
"1097",2003-01-01,-15.0909595489502,48.1556283354368,15.9375
"1098",2003-01-02,-13.5761709213257,48.1556283354368,15.9375
"1099",2003-01-03,-14.289119720459,48.1556283354368,15.9375
"1100",2003-01-04,-13.9777173995972,48.1556283354368,15.9375
"1101",2003-01-05,-19.6982345581055,48.1556283354368,15.9375
"1102",2003-01-06,-18.4684352874756,48.1556283354368,15.9375
"1103",2003-01-07,-21.9891471862793,48.1556283354368,15.9375
"1104",2003-01-08,-19.9652729034424,48.1556283354368,15.9375
"1105",2003-01-09,-21.812406539917,48.1556283354368,15.9375
"1106",2003-01-10,-21.1628665924072,48.1556283354368,15.9375
"1107",2003-01-11,-18.9454402923584,48.1556283354368,15.9375
"1108",2003-01-12,-16.9532852172852,48.1556283354368,15.9375
"1109",2003-01-13,-14.9384927749634,48.1556283354368,15.9375
"1110",2003-01-14,-14.4594449996948,48.1556283354368,15.9375
"1111",2003-01-15,-15.4774398803711,48.1556283354368,15.9375
"1112",2003-01-16,-14.2194805145264,48.1556283354368,15.9375
"1113",2003-01-17,-15.6649332046509,48.1556283354368,15.9375
"1114",2003-01-18,-15.7859201431274,48.1556283354368,15.9375
"1115",2003-01-19,-15.6474103927612,48.1556283354368,15.9375
"1116",2003-01-20,-15.3909997940063,48.1556283354368,15.9375
"1117",2003-01-21,-14.5985202789307,48.1556283354368,15.9375
"1118",2003-01-22,-17.6714954376221,48.1556283354368,15.9375
"1119",2003-01-23,-16.246826171875,48.1556283354368,15.9375
"1120",2003-01-24,-18.149600982666,48.1556283354368,15.9375
"1121",2003-01-25,-21.9853820800781,48.1556283354368,15.9375
"1122",2003-01-26,-19.0257320404053,48.1556283354368,15.9375
"1123",2003-01-27,-14.2627067565918,48.1556283354368,15.9375
"1124",2003-01-28,-16.4370212554932,48.1556283354368,15.9375
"1125",2003-01-29,-13.8001804351807,48.1556283354368,15.9375
"1126",2003-01-30,-17.2634048461914,48.1556283354368,15.9375
"1127",2003-01-31,-19.601619720459,48.1556283354368,15.9375
"1128",2003-02-01,-19.9192485809326,48.1556283354368,15.9375
"1129",2003-02-02,-19.0192756652832,48.1556283354368,15.9375
"1130",2003-02-03,-14.6901597976685,48.1556283354368,15.9375
"1131",2003-02-04,-16.3195190429688,48.1556283354368,15.9375
"1132",2003-02-05,-16.7140007019043,48.1556283354368,15.9375
"1133",2003-02-06,-16.0557346343994,48.1556283354368,15.9375
"1134",2003-02-07,-14.6768283843994,48.1556283354368,15.9375
"1135",2003-02-08,-14.3785781860352,48.1556283354368,15.9375
"1136",2003-02-09,-19.4215126037598,48.1556283354368,15.9375
"1137",2003-02-10,-19.7425670623779,48.1556283354368,15.9375
"1138",2003-02-11,-20.3918228149414,48.1556283354368,15.9375
"1139",2003-02-12,-23.3761806488037,48.1556283354368,15.9375
"1140",2003-02-13,-22.9326095581055,48.1556283354368,15.9375
"1141",2003-02-14,-20.5563735961914,48.1556283354368,15.9375
"1142",2003-02-15,-18.4090404510498,48.1556283354368,15.9375
"1143",2003-02-16,-21.8851985931396,48.1556283354368,15.9375
"1144",2003-02-17,-22.0526275634766,48.1556283354368,15.9375
"1145",2003-02-18,-18.5040988922119,48.1556283354368,15.9375
"1146",2003-02-19,-18.9067115783691,48.1556283354368,15.9375
"1147",2003-02-20,-15.9502286911011,48.1556283354368,15.9375
"1148",2003-02-21,-17.5137710571289,48.1556283354368,15.9375
"1149",2003-02-22,-19.2945003509521,48.1556283354368,15.9375
"1150",2003-02-23,-18.9078311920166,48.1556283354368,15.9375
"1151",2003-02-24,-14.2806797027588,48.1556283354368,15.9375
"1152",2003-02-25,-13.3736133575439,48.1556283354368,15.9375
"1153",2003-02-26,-13.4398393630981,48.1556283354368,15.9375
"1154",2003-02-27,-12.6438970565796,48.1556283354368,15.9375
"1155",2003-02-28,-13.2310848236084,48.1556283354368,15.9375
"1156",2003-03-01,-14.9519109725952,48.1556283354368,15.9375
"1157",2003-03-02,-15.3610153198242,48.1556283354368,15.9375
"1158",2003-03-03,-21.4445552825928,48.1556283354368,15.9375
"1159",2003-03-04,-19.3153266906738,48.1556283354368,15.9375
"1160",2003-03-05,-16.9969520568848,48.1556283354368,15.9375
"1161",2003-03-06,-16.2126560211182,48.1556283354368,15.9375
"1162",2003-03-07,-19.5515785217285,48.1556283354368,15.9375
"1163",2003-03-08,-16.1212882995605,48.1556283354368,15.9375
"1164",2003-03-09,-13.3703813552856,48.1556283354368,15.9375
"1165",2003-03-10,-13.1901388168335,48.1556283354368,15.9375
"1166",2003-03-11,-13.4485111236572,48.1556283354368,15.9375
"1167",2003-03-12,-12.3085107803345,48.1556283354368,15.9375
"1168",2003-03-13,-15.4100112915039,48.1556283354368,15.9375
"1169",2003-03-14,-15.6220569610596,48.1556283354368,15.9375
"1170",2003-03-15,-21.456371307373,48.1556283354368,15.9375
"1171",2003-03-16,-18.9876136779785,48.1556283354368,15.9375
"1172",2003-03-17,-15.4835138320923,48.1556283354368,15.9375
"1173",2003-03-18,-15.0492038726807,48.1556283354368,15.9375
"1174",2003-03-19,-14.7579212188721,48.1556283354368,15.9375
"1175",2003-03-20,-13.6758260726929,48.1556283354368,15.9375
"1176",2003-03-21,-15.6443510055542,48.1556283354368,15.9375
"1177",2003-03-22,-13.6908779144287,48.1556283354368,15.9375
"1178",2003-03-23,-13.9852666854858,48.1556283354368,15.9375
"1179",2003-03-24,-12.5461359024048,48.1556283354368,15.9375
"1180",2003-03-25,-12.1837072372437,48.1556283354368,15.9375
"1181",2003-03-26,-12.1351680755615,48.1556283354368,15.9375
"1182",2003-03-27,-12.2475214004517,48.1556283354368,15.9375
"1183",2003-03-28,-12.6986627578735,48.1556283354368,15.9375
"1184",2003-03-29,-12.4107570648193,48.1556283354368,15.9375
"1185",2003-03-30,-11.9702005386353,48.1556283354368,15.9375
"1186",2003-03-31,-12.7318563461304,48.1556283354368,15.9375
"1187",2003-04-01,-15.8093433380127,48.1556283354368,15.9375
"1188",2003-04-02,-17.7216987609863,48.1556283354368,15.9375
"1189",2003-04-03,-19.988245010376,48.1556283354368,15.9375
"1190",2003-04-04,-15.8667449951172,48.1556283354368,15.9375
"1191",2003-04-05,-14.5854063034058,48.1556283354368,15.9375
"1192",2003-04-06,-12.993992805481,48.1556283354368,15.9375
"1193",2003-04-07,-15.9175834655762,48.1556283354368,15.9375
"1194",2003-04-08,-15.2480545043945,48.1556283354368,15.9375
"1195",2003-04-09,-13.9155445098877,48.1556283354368,15.9375
"1196",2003-04-10,-14.3279056549072,48.1556283354368,15.9375
"1197",2003-04-11,-16.9721908569336,48.1556283354368,15.9375
"1198",2003-04-12,-17.2062072753906,48.1556283354368,15.9375
"1199",2003-04-13,-18.4647369384766,48.1556283354368,15.9375
"1200",2003-04-14,-14.7503709793091,48.1556283354368,15.9375
"1201",2003-04-15,-13.9329509735107,48.1556283354368,15.9375
"1202",2003-04-16,-13.6069602966309,48.1556283354368,15.9375
"1203",2003-04-17,-12.3615093231201,48.1556283354368,15.9375
"1204",2003-04-18,-12.8169317245483,48.1556283354368,15.9375
"1205",2003-04-19,-13.0481834411621,48.1556283354368,15.9375
"1206",2003-04-20,-12.1049900054932,48.1556283354368,15.9375
"1207",2003-04-21,-11.2078456878662,48.1556283354368,15.9375
"1208",2003-04-22,-14.1829404830933,48.1556283354368,15.9375
"1209",2003-04-23,-18.3419227600098,48.1556283354368,15.9375
"1210",2003-04-24,-16.2597713470459,48.1556283354368,15.9375
"1211",2003-04-25,-15.1095571517944,48.1556283354368,15.9375
"1212",2003-04-26,-12.5436105728149,48.1556283354368,15.9375
"1213",2003-04-27,-12.1454048156738,48.1556283354368,15.9375
"1214",2003-04-28,-11.4463224411011,48.1556283354368,15.9375
"1215",2003-04-29,-11.4998779296875,48.1556283354368,15.9375
"1216",2003-04-30,-10.6404190063477,48.1556283354368,15.9375
"1217",2003-05-01,-10.9236726760864,48.1556283354368,15.9375
"1218",2003-05-02,-10.3714618682861,48.1556283354368,15.9375
"1219",2003-05-03,-11.2919254302979,48.1556283354368,15.9375
"1220",2003-05-04,-13.5251340866089,48.1556283354368,15.9375
"1221",2003-05-05,-12.2460336685181,48.1556283354368,15.9375
"1222",2003-05-06,-12.4795227050781,48.1556283354368,15.9375
"1223",2003-05-07,-13.1057157516479,48.1556283354368,15.9375
"1224",2003-05-08,-11.6747188568115,48.1556283354368,15.9375
"1225",2003-05-09,-11.2329378128052,48.1556283354368,15.9375
"1226",2003-05-10,-11.6156120300293,48.1556283354368,15.9375
"1227",2003-05-11,-12.6316385269165,48.1556283354368,15.9375
"1228",2003-05-12,-13.3303709030151,48.1556283354368,15.9375
"1229",2003-05-13,-11.9298973083496,48.1556283354368,15.9375
"1230",2003-05-14,-13.2199182510376,48.1556283354368,15.9375
"1231",2003-05-15,-11.9158267974854,48.1556283354368,15.9375
"1232",2003-05-16,-11.6571645736694,48.1556283354368,15.9375
"1233",2003-05-17,-11.1120223999023,48.1556283354368,15.9375
"1234",2003-05-18,-11.0926666259766,48.1556283354368,15.9375
"1235",2003-05-19,-11.6436357498169,48.1556283354368,15.9375
"1236",2003-05-20,-14.6180086135864,48.1556283354368,15.9375
"1237",2003-05-21,-17.4851951599121,48.1556283354368,15.9375
"1238",2003-05-22,-13.1973896026611,48.1556283354368,15.9375
"1239",2003-05-23,-12.3801488876343,48.1556283354368,15.9375
"1240",2003-05-24,-12.3933506011963,48.1556283354368,15.9375
"1241",2003-05-25,-11.8445072174072,48.1556283354368,15.9375
"1242",2003-05-26,-12.1680965423584,48.1556283354368,15.9375
"1243",2003-05-27,-13.7787218093872,48.1556283354368,15.9375
"1244",2003-05-28,-14.4215068817139,48.1556283354368,15.9375
"1245",2003-05-29,-14.1803035736084,48.1556283354368,15.9375
"1246",2003-05-30,-12.509256362915,48.1556283354368,15.9375
"1247",2003-05-31,-12.5920925140381,48.1556283354368,15.9375
"1248",2003-06-01,-12.8760385513306,48.1556283354368,15.9375
"1249",2003-06-02,-15.7121419906616,48.1556283354368,15.9375
"1250",2003-06-03,-17.1025066375732,48.1556283354368,15.9375
"1251",2003-06-04,-15.1040267944336,48.1556283354368,15.9375
"1252",2003-06-05,-12.8423013687134,48.1556283354368,15.9375
"1253",2003-06-06,-13.2373600006104,48.1556283354368,15.9375
"1254",2003-06-07,-15.5914621353149,48.1556283354368,15.9375
"1255",2003-06-08,-14.6814260482788,48.1556283354368,15.9375
"1256",2003-06-09,-13.0195074081421,48.1556283354368,15.9375
"1257",2003-06-10,-13.7511291503906,48.1556283354368,15.9375
"1258",2003-06-11,-13.302191734314,48.1556283354368,15.9375
"1259",2003-06-12,-12.8140392303467,48.1556283354368,15.9375
"1260",2003-06-13,-13.3227863311768,48.1556283354368,15.9375
"1261",2003-06-14,-13.7764930725098,48.1556283354368,15.9375
"1262",2003-06-15,-13.761830329895,48.1556283354368,15.9375
"1263",2003-06-16,-13.6595792770386,48.1556283354368,15.9375
"1264",2003-06-17,-11.2311325073242,48.1556283354368,15.9375
"1265",2003-06-18,-14.6429681777954,48.1556283354368,15.9375
"1266",2003-06-19,-12.0223007202148,48.1556283354368,15.9375
"1267",2003-06-20,-11.3888158798218,48.1556283354368,15.9375
"1268",2003-06-21,-12.3746061325073,48.1556283354368,15.9375
"1269",2003-06-22,-11.0890846252441,48.1556283354368,15.9375
"1270",2003-06-23,-10.7484731674194,48.1556283354368,15.9375
"1271",2003-06-24,-10.7334661483765,48.1556283354368,15.9375
"1272",2003-06-25,-10.8522577285767,48.1556283354368,15.9375
"1273",2003-06-26,-11.4042358398438,48.1556283354368,15.9375
"1274",2003-06-27,-13.4917984008789,48.1556283354368,15.9375
"1275",2003-06-28,-13.912091255188,48.1556283354368,15.9375
"1276",2003-06-29,-14.3506631851196,48.1556283354368,15.9375
"1277",2003-06-30,-11.8315734863281,48.1556283354368,15.9375
"1278",2003-07-01,-10.6463718414307,48.1556283354368,15.9375
"1279",2003-07-02,-12.074990272522,48.1556283354368,15.9375
"1280",2003-07-03,-14.2095432281494,48.1556283354368,15.9375
"1281",2003-07-04,-16.5675563812256,48.1556283354368,15.9375
"1282",2003-07-05,-16.0343265533447,48.1556283354368,15.9375
"1283",2003-07-06,-14.9434566497803,48.1556283354368,15.9375
"1284",2003-07-07,-14.7204914093018,48.1556283354368,15.9375
"1285",2003-07-08,-14.9216613769531,48.1556283354368,15.9375
"1286",2003-07-09,-14.4615259170532,48.1556283354368,15.9375
"1287",2003-07-10,-14.4125127792358,48.1556283354368,15.9375
"1288",2003-07-11,-12.8274936676025,48.1556283354368,15.9375
"1289",2003-07-12,-12.6186847686768,48.1556283354368,15.9375
"1290",2003-07-13,-13.6868190765381,48.1556283354368,15.9375
"1291",2003-07-14,-12.0433235168457,48.1556283354368,15.9375
"1292",2003-07-15,-12.1865434646606,48.1556283354368,15.9375
"1293",2003-07-16,-11.5608386993408,48.1556283354368,15.9375
"1294",2003-07-17,-11.2652816772461,48.1556283354368,15.9375
"1295",2003-07-18,-13.6698818206787,48.1556283354368,15.9375
"1296",2003-07-19,-11.5781545639038,48.1556283354368,15.9375
"1297",2003-07-20,-12.6171970367432,48.1556283354368,15.9375
"1298",2003-07-21,-12.7373495101929,48.1556283354368,15.9375
"1299",2003-07-22,-12.4200458526611,48.1556283354368,15.9375
"1300",2003-07-23,-12.1093578338623,48.1556283354368,15.9375
"1301",2003-07-24,-13.8094816207886,48.1556283354368,15.9375
"1302",2003-07-25,-13.4291048049927,48.1556283354368,15.9375
"1303",2003-07-26,-13.5866765975952,48.1556283354368,15.9375
"1304",2003-07-27,-13.3465881347656,48.1556283354368,15.9375
"1305",2003-07-28,-14.1006364822388,48.1556283354368,15.9375
"1306",2003-07-29,-15.892749786377,48.1556283354368,15.9375
"1307",2003-07-30,-14.0975284576416,48.1556283354368,15.9375
"1308",2003-07-31,-14.3259239196777,48.1556283354368,15.9375
"1309",2003-08-01,-14.100076675415,48.1556283354368,15.9375
"1310",2003-08-02,-13.8060188293457,48.1556283354368,15.9375
"1311",2003-08-03,-14.7383966445923,48.1556283354368,15.9375
"1312",2003-08-04,-13.9722366333008,48.1556283354368,15.9375
"1313",2003-08-05,-13.4482669830322,48.1556283354368,15.9375
"1314",2003-08-06,-12.5249490737915,48.1556283354368,15.9375
"1315",2003-08-07,-11.6852121353149,48.1556283354368,15.9375
"1316",2003-08-08,-11.5693998336792,48.1556283354368,15.9375
"1317",2003-08-09,-12.0853719711304,48.1556283354368,15.9375
"1318",2003-08-10,-11.9456424713135,48.1556283354368,15.9375
"1319",2003-08-11,-12.5684366226196,48.1556283354368,15.9375
"1320",2003-08-12,-14.3260364532471,48.1556283354368,15.9375
"1321",2003-08-13,-11.7878313064575,48.1556283354368,15.9375
"1322",2003-08-14,-12.0991382598877,48.1556283354368,15.9375
"1323",2003-08-15,-12.7914714813232,48.1556283354368,15.9375
"1324",2003-08-16,-13.1493587493896,48.1556283354368,15.9375
"1325",2003-08-17,-12.9115762710571,48.1556283354368,15.9375
"1326",2003-08-18,-12.5742425918579,48.1556283354368,15.9375
"1327",2003-08-19,-12.8689498901367,48.1556283354368,15.9375
"1328",2003-08-20,-13.8010168075562,48.1556283354368,15.9375
"1329",2003-08-21,-12.6747875213623,48.1556283354368,15.9375
"1330",2003-08-22,-14.7650203704834,48.1556283354368,15.9375
"1331",2003-08-23,-13.3303194046021,48.1556283354368,15.9375
"1332",2003-08-24,-12.3800354003906,48.1556283354368,15.9375
"1333",2003-08-25,-12.3166465759277,48.1556283354368,15.9375
"1334",2003-08-26,-14.741286277771,48.1556283354368,15.9375
"1335",2003-08-27,-12.9212703704834,48.1556283354368,15.9375
"1336",2003-08-28,-12.917911529541,48.1556283354368,15.9375
"1337",2003-08-29,-11.3431510925293,48.1556283354368,15.9375
"1338",2003-08-30,-12.4464473724365,48.1556283354368,15.9375
"1339",2003-08-31,-14.4906330108643,48.1556283354368,15.9375
"1340",2003-09-01,-15.627402305603,48.1556283354368,15.9375
"1341",2003-09-02,-13.5734987258911,48.1556283354368,15.9375
"1342",2003-09-03,-16.3811016082764,48.1556283354368,15.9375
"1343",2003-09-04,-15.6489477157593,48.1556283354368,15.9375
"1344",2003-09-05,-13.7166528701782,48.1556283354368,15.9375
"1345",2003-09-06,-14.3509140014648,48.1556283354368,15.9375
"1346",2003-09-07,-14.7626190185547,48.1556283354368,15.9375
"1347",2003-09-08,-13.2222328186035,48.1556283354368,15.9375
"1348",2003-09-09,-14.7174949645996,48.1556283354368,15.9375
"1349",2003-09-10,-16.7322940826416,48.1556283354368,15.9375
"1350",2003-09-11,-12.7572412490845,48.1556283354368,15.9375
"1351",2003-09-12,-15.8390836715698,48.1556283354368,15.9375
"1352",2003-09-13,-15.9454689025879,48.1556283354368,15.9375
"1353",2003-09-14,-15.7167110443115,48.1556283354368,15.9375
"1354",2003-09-15,-14.3490209579468,48.1556283354368,15.9375
"1355",2003-09-16,-13.4338665008545,48.1556283354368,15.9375
"1356",2003-09-17,-12.8235292434692,48.1556283354368,15.9375
"1357",2003-09-18,-13.0611057281494,48.1556283354368,15.9375
"1358",2003-09-19,-13.3850317001343,48.1556283354368,15.9375
"1359",2003-09-20,-13.6067218780518,48.1556283354368,15.9375
"1360",2003-09-21,-13.9269342422485,48.1556283354368,15.9375
"1361",2003-09-22,-13.7737865447998,48.1556283354368,15.9375
"1362",2003-09-23,-13.5454959869385,48.1556283354368,15.9375
"1363",2003-09-24,-16.3972644805908,48.1556283354368,15.9375
"1364",2003-09-25,-13.4385643005371,48.1556283354368,15.9375
"1365",2003-09-26,-14.1477394104004,48.1556283354368,15.9375
"1366",2003-09-27,-11.9582262039185,48.1556283354368,15.9375
"1367",2003-09-28,-12.5562524795532,48.1556283354368,15.9375
"1368",2003-09-29,-16.8299217224121,48.1556283354368,15.9375
"1369",2003-09-30,-14.1497859954834,48.1556283354368,15.9375
"1370",2003-10-01,-12.8638153076172,48.1556283354368,15.9375
"1371",2003-10-02,-12.4860572814941,48.1556283354368,15.9375
"1372",2003-10-03,-11.9732093811035,48.1556283354368,15.9375
"1373",2003-10-04,-11.8395395278931,48.1556283354368,15.9375
"1374",2003-10-05,-18.3353481292725,48.1556283354368,15.9375
"1375",2003-10-06,-19.804666519165,48.1556283354368,15.9375
"1376",2003-10-07,-13.1141242980957,48.1556283354368,15.9375
"1377",2003-10-08,-15.1019229888916,48.1556283354368,15.9375
"1378",2003-10-09,-13.6299304962158,48.1556283354368,15.9375
"1379",2003-10-10,-11.8943920135498,48.1556283354368,15.9375
"1380",2003-10-11,-11.7145328521729,48.1556283354368,15.9375
"1381",2003-10-12,-11.9011135101318,48.1556283354368,15.9375
"1382",2003-10-13,-13.0609397888184,48.1556283354368,15.9375
"1383",2003-10-14,-14.267728805542,48.1556283354368,15.9375
"1384",2003-10-15,-16.9599285125732,48.1556283354368,15.9375
"1385",2003-10-16,-19.0996131896973,48.1556283354368,15.9375
"1386",2003-10-17,-19.3024749755859,48.1556283354368,15.9375
"1387",2003-10-18,-21.2685527801514,48.1556283354368,15.9375
"1388",2003-10-19,-19.0579490661621,48.1556283354368,15.9375
"1389",2003-10-20,-15.1397066116333,48.1556283354368,15.9375
"1390",2003-10-21,-13.3192834854126,48.1556283354368,15.9375
"1391",2003-10-22,-15.4713077545166,48.1556283354368,15.9375
"1392",2003-10-23,-16.540397644043,48.1556283354368,15.9375
"1393",2003-10-24,-19.999942779541,48.1556283354368,15.9375
"1394",2003-10-25,-18.8409194946289,48.1556283354368,15.9375
"1395",2003-10-26,-16.7746829986572,48.1556283354368,15.9375
"1396",2003-10-27,-16.1979808807373,48.1556283354368,15.9375
"1397",2003-10-28,-18.9851589202881,48.1556283354368,15.9375
"1398",2003-10-29,-16.2598285675049,48.1556283354368,15.9375
"1399",2003-10-30,-19.0580711364746,48.1556283354368,15.9375
"1400",2003-10-31,-12.8424072265625,48.1556283354368,15.9375
"1401",2003-11-01,-14.4622554779053,48.1556283354368,15.9375
"1402",2003-11-02,-18.3637638092041,48.1556283354368,15.9375
"1403",2003-11-03,-14.7675037384033,48.1556283354368,15.9375
"1404",2003-11-04,-14.7205028533936,48.1556283354368,15.9375
"1405",2003-11-05,-12.686505317688,48.1556283354368,15.9375
"1406",2003-11-06,-14.1293754577637,48.1556283354368,15.9375
"1407",2003-11-07,-16.768424987793,48.1556283354368,15.9375
"1408",2003-11-08,-14.5592908859253,48.1556283354368,15.9375
"1409",2003-11-09,-13.4150133132935,48.1556283354368,15.9375
"1410",2003-11-10,-15.229926109314,48.1556283354368,15.9375
"1411",2003-11-11,-17.6540679931641,48.1556283354368,15.9375
"1412",2003-11-12,-17.7766094207764,48.1556283354368,15.9375
"1413",2003-11-13,-15.6133136749268,48.1556283354368,15.9375
"1414",2003-11-14,-15.6307067871094,48.1556283354368,15.9375
"1415",2003-11-15,-13.9665155410767,48.1556283354368,15.9375
"1416",2003-11-16,-10.8901453018188,48.1556283354368,15.9375
"1417",2003-11-17,-12.998610496521,48.1556283354368,15.9375
"1418",2003-11-18,-14.3268747329712,48.1556283354368,15.9375
"1419",2003-11-19,-13.2828693389893,48.1556283354368,15.9375
"1420",2003-11-20,-12.7173690795898,48.1556283354368,15.9375
"1421",2003-11-21,-13.4686002731323,48.1556283354368,15.9375
"1422",2003-11-22,-12.695611000061,48.1556283354368,15.9375
"1423",2003-11-23,-11.8512010574341,48.1556283354368,15.9375
"1424",2003-11-24,-11.4328947067261,48.1556283354368,15.9375
"1425",2003-11-25,-11.8744354248047,48.1556283354368,15.9375
"1426",2003-11-26,-13.8252696990967,48.1556283354368,15.9375
"1427",2003-11-27,-13.8082056045532,48.1556283354368,15.9375
"1428",2003-11-28,-15.1672735214233,48.1556283354368,15.9375
"1429",2003-11-29,-16.1633853912354,48.1556283354368,15.9375
"1430",2003-11-30,-15.2350168228149,48.1556283354368,15.9375
"1431",2003-12-01,-14.2338094711304,48.1556283354368,15.9375
"1432",2003-12-02,-12.8547096252441,48.1556283354368,15.9375
"1433",2003-12-03,-13.2833213806152,48.1556283354368,15.9375
"1434",2003-12-04,-13.7964553833008,48.1556283354368,15.9375
"1435",2003-12-05,-12.6983413696289,48.1556283354368,15.9375
"1436",2003-12-06,-13.2878255844116,48.1556283354368,15.9375
"1437",2003-12-07,-16.1544666290283,48.1556283354368,15.9375
"1438",2003-12-08,-14.7069721221924,48.1556283354368,15.9375
"1439",2003-12-09,-14.9635486602783,48.1556283354368,15.9375
"1440",2003-12-10,-14.1367120742798,48.1556283354368,15.9375
"1441",2003-12-11,-13.0622415542603,48.1556283354368,15.9375
"1442",2003-12-12,-14.9164400100708,48.1556283354368,15.9375
"1443",2003-12-13,-17.9844131469727,48.1556283354368,15.9375
"1444",2003-12-14,-14.1735134124756,48.1556283354368,15.9375
"1445",2003-12-15,-14.0638284683228,48.1556283354368,15.9375
"1446",2003-12-16,-16.5148315429688,48.1556283354368,15.9375
"1447",2003-12-17,-13.8958549499512,48.1556283354368,15.9375
"1448",2003-12-18,-13.3981800079346,48.1556283354368,15.9375
"1449",2003-12-19,-12.2038040161133,48.1556283354368,15.9375
"1450",2003-12-20,-12.3540697097778,48.1556283354368,15.9375
"1451",2003-12-21,-12.7231435775757,48.1556283354368,15.9375
"1452",2003-12-22,-15.4595613479614,48.1556283354368,15.9375
"1453",2003-12-23,-19.9366683959961,48.1556283354368,15.9375
"1454",2003-12-24,-16.1934051513672,48.1556283354368,15.9375
"1455",2003-12-25,-12.9726591110229,48.1556283354368,15.9375
"1456",2003-12-26,-13.3914375305176,48.1556283354368,15.9375
"1457",2003-12-27,-12.2623414993286,48.1556283354368,15.9375
"1458",2003-12-28,-12.9877738952637,48.1556283354368,15.9375
"1459",2003-12-29,-13.6852312088013,48.1556283354368,15.9375
"1460",2003-12-30,-20.4995994567871,48.1556283354368,15.9375
"1461",2003-12-31,-16.9536418914795,48.1556283354368,15.9375
