"","date","d18Op","lat","lon"
"1",2000-01-01,-3.59958410263062,48.1556283354368,15.9375
"2",2000-01-02,-5.03827381134033,48.1556283354368,15.9375
"3",2000-01-03,-5.31573724746704,48.1556283354368,15.9375
"4",2000-01-04,-4.84169483184814,48.1556283354368,15.9375
"5",2000-01-05,-4.60941028594971,48.1556283354368,15.9375
"6",2000-01-06,-5.12996959686279,48.1556283354368,15.9375
"7",2000-01-07,-5.30210828781128,48.1556283354368,15.9375
"8",2000-01-08,-3.7134063243866,48.1556283354368,15.9375
"9",2000-01-09,-3.99755859375,48.1556283354368,15.9375
"10",2000-01-10,-5.17640209197998,48.1556283354368,15.9375
"11",2000-01-11,NA,48.1556283354368,15.9375
"12",2000-01-12,NA,48.1556283354368,15.9375
"13",2000-01-13,-7.5532603263855,48.1556283354368,15.9375
"14",2000-01-14,-4.65474605560303,48.1556283354368,15.9375
"15",2000-01-15,-3.63945603370667,48.1556283354368,15.9375
"16",2000-01-16,NA,48.1556283354368,15.9375
"17",2000-01-17,-4.74573421478271,48.1556283354368,15.9375
"18",2000-01-18,NA,48.1556283354368,15.9375
"19",2000-01-19,NA,48.1556283354368,15.9375
"20",2000-01-20,NA,48.1556283354368,15.9375
"21",2000-01-21,NA,48.1556283354368,15.9375
"22",2000-01-22,-10.0453863143921,48.1556283354368,15.9375
"23",2000-01-23,-12.4085826873779,48.1556283354368,15.9375
"24",2000-01-24,NA,48.1556283354368,15.9375
"25",2000-01-25,NA,48.1556283354368,15.9375
"26",2000-01-26,-3.97099828720093,48.1556283354368,15.9375
"27",2000-01-27,-4.51715230941772,48.1556283354368,15.9375
"28",2000-01-28,-3.64705324172974,48.1556283354368,15.9375
"29",2000-01-29,-2.832839012146,48.1556283354368,15.9375
"30",2000-01-30,NA,48.1556283354368,15.9375
"31",2000-01-31,-3.764315366745,48.1556283354368,15.9375
"32",2000-02-01,-5.14611053466797,48.1556283354368,15.9375
"33",2000-02-02,-2.28575491905212,48.1556283354368,15.9375
"34",2000-02-03,-2.7882969379425,48.1556283354368,15.9375
"35",2000-02-04,-2.32933688163757,48.1556283354368,15.9375
"36",2000-02-05,-0.70992648601532,48.1556283354368,15.9375
"37",2000-02-06,-2.09554481506348,48.1556283354368,15.9375
"38",2000-02-07,-2.95297312736511,48.1556283354368,15.9375
"39",2000-02-08,-1.50291216373444,48.1556283354368,15.9375
"40",2000-02-09,-2.9077479839325,48.1556283354368,15.9375
"41",2000-02-10,NA,48.1556283354368,15.9375
"42",2000-02-11,NA,48.1556283354368,15.9375
"43",2000-02-12,NA,48.1556283354368,15.9375
"44",2000-02-13,-4.72462797164917,48.1556283354368,15.9375
"45",2000-02-14,-2.81035709381104,48.1556283354368,15.9375
"46",2000-02-15,-3.37654995918274,48.1556283354368,15.9375
"47",2000-02-16,-4.36221027374268,48.1556283354368,15.9375
"48",2000-02-17,-5.46061325073242,48.1556283354368,15.9375
"49",2000-02-18,NA,48.1556283354368,15.9375
"50",2000-02-19,NA,48.1556283354368,15.9375
"51",2000-02-20,-3.5818133354187,48.1556283354368,15.9375
"52",2000-02-21,NA,48.1556283354368,15.9375
"53",2000-02-22,-5.10118007659912,48.1556283354368,15.9375
"54",2000-02-23,NA,48.1556283354368,15.9375
"55",2000-02-24,-2.71538066864014,48.1556283354368,15.9375
"56",2000-02-25,-2.24806094169617,48.1556283354368,15.9375
"57",2000-02-26,-4.77911233901978,48.1556283354368,15.9375
"58",2000-02-27,NA,48.1556283354368,15.9375
"59",2000-02-28,-2.5858211517334,48.1556283354368,15.9375
"60",2000-02-29,-1.54079449176788,48.1556283354368,15.9375
"61",2000-03-01,-3.35317349433899,48.1556283354368,15.9375
"62",2000-03-02,-8.60604190826416,48.1556283354368,15.9375
"63",2000-03-03,NA,48.1556283354368,15.9375
"64",2000-03-04,NA,48.1556283354368,15.9375
"65",2000-03-05,NA,48.1556283354368,15.9375
"66",2000-03-06,NA,48.1556283354368,15.9375
"67",2000-03-07,NA,48.1556283354368,15.9375
"68",2000-03-08,NA,48.1556283354368,15.9375
"69",2000-03-09,NA,48.1556283354368,15.9375
"70",2000-03-10,NA,48.1556283354368,15.9375
"71",2000-03-11,NA,48.1556283354368,15.9375
"72",2000-03-12,NA,48.1556283354368,15.9375
"73",2000-03-13,NA,48.1556283354368,15.9375
"74",2000-03-14,-1.93610227108002,48.1556283354368,15.9375
"75",2000-03-15,-2.33065986633301,48.1556283354368,15.9375
"76",2000-03-16,NA,48.1556283354368,15.9375
"77",2000-03-17,NA,48.1556283354368,15.9375
"78",2000-03-18,-7.28654479980469,48.1556283354368,15.9375
"79",2000-03-19,-3.40794944763184,48.1556283354368,15.9375
"80",2000-03-20,-3.82346415519714,48.1556283354368,15.9375
"81",2000-03-21,NA,48.1556283354368,15.9375
"82",2000-03-22,NA,48.1556283354368,15.9375
"83",2000-03-23,NA,48.1556283354368,15.9375
"84",2000-03-24,NA,48.1556283354368,15.9375
"85",2000-03-25,-0.756250202655792,48.1556283354368,15.9375
"86",2000-03-26,-1.90895223617554,48.1556283354368,15.9375
"87",2000-03-27,-9.38191604614258,48.1556283354368,15.9375
"88",2000-03-28,-5.55819702148438,48.1556283354368,15.9375
"89",2000-03-29,-3.92895483970642,48.1556283354368,15.9375
"90",2000-03-30,-2.60790133476257,48.1556283354368,15.9375
"91",2000-03-31,-1.45402431488037,48.1556283354368,15.9375
"92",2000-04-01,-3.10799193382263,48.1556283354368,15.9375
"93",2000-04-02,-4.38347673416138,48.1556283354368,15.9375
"94",2000-04-03,-0.175030395388603,48.1556283354368,15.9375
"95",2000-04-04,-0.502981185913086,48.1556283354368,15.9375
"96",2000-04-05,-0.602935791015625,48.1556283354368,15.9375
"97",2000-04-06,-8.35516548156738,48.1556283354368,15.9375
"98",2000-04-07,-1.1031676530838,48.1556283354368,15.9375
"99",2000-04-08,-1.31308662891388,48.1556283354368,15.9375
"100",2000-04-09,-1.12698018550873,48.1556283354368,15.9375
"101",2000-04-10,-2.40205311775208,48.1556283354368,15.9375
"102",2000-04-11,-4.17116403579712,48.1556283354368,15.9375
"103",2000-04-12,-3.40171837806702,48.1556283354368,15.9375
"104",2000-04-13,-2.90001535415649,48.1556283354368,15.9375
"105",2000-04-14,-2.76741170883179,48.1556283354368,15.9375
"106",2000-04-15,NA,48.1556283354368,15.9375
"107",2000-04-16,-2.37657284736633,48.1556283354368,15.9375
"108",2000-04-17,-1.26725673675537,48.1556283354368,15.9375
"109",2000-04-18,NA,48.1556283354368,15.9375
"110",2000-04-19,NA,48.1556283354368,15.9375
"111",2000-04-20,NA,48.1556283354368,15.9375
"112",2000-04-21,NA,48.1556283354368,15.9375
"113",2000-04-22,NA,48.1556283354368,15.9375
"114",2000-04-23,NA,48.1556283354368,15.9375
"115",2000-04-24,-0.817831099033356,48.1556283354368,15.9375
"116",2000-04-25,-9.60177898406982,48.1556283354368,15.9375
"117",2000-04-26,NA,48.1556283354368,15.9375
"118",2000-04-27,NA,48.1556283354368,15.9375
"119",2000-04-28,NA,48.1556283354368,15.9375
"120",2000-04-29,-4.2924370765686,48.1556283354368,15.9375
"121",2000-04-30,NA,48.1556283354368,15.9375
"122",2000-05-01,-3.28693413734436,48.1556283354368,15.9375
"123",2000-05-02,NA,48.1556283354368,15.9375
"124",2000-05-03,NA,48.1556283354368,15.9375
"125",2000-05-04,-2.7245466709137,48.1556283354368,15.9375
"126",2000-05-05,-6.40000438690186,48.1556283354368,15.9375
"127",2000-05-06,-2.04493141174316,48.1556283354368,15.9375
"128",2000-05-07,NA,48.1556283354368,15.9375
"129",2000-05-08,NA,48.1556283354368,15.9375
"130",2000-05-09,NA,48.1556283354368,15.9375
"131",2000-05-10,NA,48.1556283354368,15.9375
"132",2000-05-11,NA,48.1556283354368,15.9375
"133",2000-05-12,1.94111442565918,48.1556283354368,15.9375
"134",2000-05-13,-5.07503223419189,48.1556283354368,15.9375
"135",2000-05-14,NA,48.1556283354368,15.9375
"136",2000-05-15,NA,48.1556283354368,15.9375
"137",2000-05-16,NA,48.1556283354368,15.9375
"138",2000-05-17,NA,48.1556283354368,15.9375
"139",2000-05-18,-2.95846629142761,48.1556283354368,15.9375
"140",2000-05-19,-0.0588277466595173,48.1556283354368,15.9375
"141",2000-05-20,0.753641426563263,48.1556283354368,15.9375
"142",2000-05-21,NA,48.1556283354368,15.9375
"143",2000-05-22,-0.545564711093903,48.1556283354368,15.9375
"144",2000-05-23,NA,48.1556283354368,15.9375
"145",2000-05-24,NA,48.1556283354368,15.9375
"146",2000-05-25,NA,48.1556283354368,15.9375
"147",2000-05-26,NA,48.1556283354368,15.9375
"148",2000-05-27,0.50804078578949,48.1556283354368,15.9375
"149",2000-05-28,0.361771881580353,48.1556283354368,15.9375
"150",2000-05-29,-1.53789389133453,48.1556283354368,15.9375
"151",2000-05-30,-6.36140251159668,48.1556283354368,15.9375
"152",2000-05-31,-3.4852614402771,48.1556283354368,15.9375
"153",2000-06-01,NA,48.1556283354368,15.9375
"154",2000-06-02,NA,48.1556283354368,15.9375
"155",2000-06-03,NA,48.1556283354368,15.9375
"156",2000-06-04,NA,48.1556283354368,15.9375
"157",2000-06-05,NA,48.1556283354368,15.9375
"158",2000-06-06,NA,48.1556283354368,15.9375
"159",2000-06-07,-3.25083780288696,48.1556283354368,15.9375
"160",2000-06-08,NA,48.1556283354368,15.9375
"161",2000-06-09,NA,48.1556283354368,15.9375
"162",2000-06-10,NA,48.1556283354368,15.9375
"163",2000-06-11,NA,48.1556283354368,15.9375
"164",2000-06-12,NA,48.1556283354368,15.9375
"165",2000-06-13,NA,48.1556283354368,15.9375
"166",2000-06-14,NA,48.1556283354368,15.9375
"167",2000-06-15,-6.31833124160767,48.1556283354368,15.9375
"168",2000-06-16,-2.9686267375946,48.1556283354368,15.9375
"169",2000-06-17,NA,48.1556283354368,15.9375
"170",2000-06-18,NA,48.1556283354368,15.9375
"171",2000-06-19,NA,48.1556283354368,15.9375
"172",2000-06-20,NA,48.1556283354368,15.9375
"173",2000-06-21,NA,48.1556283354368,15.9375
"174",2000-06-22,NA,48.1556283354368,15.9375
"175",2000-06-23,0.669884920120239,48.1556283354368,15.9375
"176",2000-06-24,-0.123329065740108,48.1556283354368,15.9375
"177",2000-06-25,-2.34974598884583,48.1556283354368,15.9375
"178",2000-06-26,-0.913217782974243,48.1556283354368,15.9375
"179",2000-06-27,-4.81226634979248,48.1556283354368,15.9375
"180",2000-06-28,-3.4711058139801,48.1556283354368,15.9375
"181",2000-06-29,NA,48.1556283354368,15.9375
"182",2000-06-30,-4.49952030181885,48.1556283354368,15.9375
"183",2000-07-01,NA,48.1556283354368,15.9375
"184",2000-07-02,NA,48.1556283354368,15.9375
"185",2000-07-03,NA,48.1556283354368,15.9375
"186",2000-07-04,NA,48.1556283354368,15.9375
"187",2000-07-05,NA,48.1556283354368,15.9375
"188",2000-07-06,NA,48.1556283354368,15.9375
"189",2000-07-07,NA,48.1556283354368,15.9375
"190",2000-07-08,-4.51131963729858,48.1556283354368,15.9375
"191",2000-07-09,-5.31629371643066,48.1556283354368,15.9375
"192",2000-07-10,-1.11330723762512,48.1556283354368,15.9375
"193",2000-07-11,-4.77606439590454,48.1556283354368,15.9375
"194",2000-07-12,-11.7425270080566,48.1556283354368,15.9375
"195",2000-07-13,-10.1129350662231,48.1556283354368,15.9375
"196",2000-07-14,-7.25004434585571,48.1556283354368,15.9375
"197",2000-07-15,-7.73821401596069,48.1556283354368,15.9375
"198",2000-07-16,-6.26526117324829,48.1556283354368,15.9375
"199",2000-07-17,-3.13949108123779,48.1556283354368,15.9375
"200",2000-07-18,-3.03568649291992,48.1556283354368,15.9375
"201",2000-07-19,-0.663637280464172,48.1556283354368,15.9375
"202",2000-07-20,-4.57307767868042,48.1556283354368,15.9375
"203",2000-07-21,NA,48.1556283354368,15.9375
"204",2000-07-22,-2.57692694664001,48.1556283354368,15.9375
"205",2000-07-23,NA,48.1556283354368,15.9375
"206",2000-07-24,NA,48.1556283354368,15.9375
"207",2000-07-25,NA,48.1556283354368,15.9375
"208",2000-07-26,NA,48.1556283354368,15.9375
"209",2000-07-27,NA,48.1556283354368,15.9375
"210",2000-07-28,-4.86931705474854,48.1556283354368,15.9375
"211",2000-07-29,-2.68463206291199,48.1556283354368,15.9375
"212",2000-07-30,-3.8039243221283,48.1556283354368,15.9375
"213",2000-07-31,NA,48.1556283354368,15.9375
"214",2000-08-01,NA,48.1556283354368,15.9375
"215",2000-08-02,NA,48.1556283354368,15.9375
"216",2000-08-03,NA,48.1556283354368,15.9375
"217",2000-08-04,-5.24448013305664,48.1556283354368,15.9375
"218",2000-08-05,-2.55474162101746,48.1556283354368,15.9375
"219",2000-08-06,-3.94176912307739,48.1556283354368,15.9375
"220",2000-08-07,-2.83909201622009,48.1556283354368,15.9375
"221",2000-08-08,NA,48.1556283354368,15.9375
"222",2000-08-09,NA,48.1556283354368,15.9375
"223",2000-08-10,NA,48.1556283354368,15.9375
"224",2000-08-11,-4.46853828430176,48.1556283354368,15.9375
"225",2000-08-12,-4.20555782318115,48.1556283354368,15.9375
"226",2000-08-13,-6.16121816635132,48.1556283354368,15.9375
"227",2000-08-14,NA,48.1556283354368,15.9375
"228",2000-08-15,NA,48.1556283354368,15.9375
"229",2000-08-16,NA,48.1556283354368,15.9375
"230",2000-08-17,NA,48.1556283354368,15.9375
"231",2000-08-18,NA,48.1556283354368,15.9375
"232",2000-08-19,NA,48.1556283354368,15.9375
"233",2000-08-20,NA,48.1556283354368,15.9375
"234",2000-08-21,NA,48.1556283354368,15.9375
"235",2000-08-22,NA,48.1556283354368,15.9375
"236",2000-08-23,NA,48.1556283354368,15.9375
"237",2000-08-24,NA,48.1556283354368,15.9375
"238",2000-08-25,NA,48.1556283354368,15.9375
"239",2000-08-26,NA,48.1556283354368,15.9375
"240",2000-08-27,NA,48.1556283354368,15.9375
"241",2000-08-28,NA,48.1556283354368,15.9375
"242",2000-08-29,NA,48.1556283354368,15.9375
"243",2000-08-30,-4.60766363143921,48.1556283354368,15.9375
"244",2000-08-31,NA,48.1556283354368,15.9375
"245",2000-09-01,NA,48.1556283354368,15.9375
"246",2000-09-02,-1.79637587070465,48.1556283354368,15.9375
"247",2000-09-03,-3.14441394805908,48.1556283354368,15.9375
"248",2000-09-04,-3.2969810962677,48.1556283354368,15.9375
"249",2000-09-05,NA,48.1556283354368,15.9375
"250",2000-09-06,-2.4920666217804,48.1556283354368,15.9375
"251",2000-09-07,-5.18100452423096,48.1556283354368,15.9375
"252",2000-09-08,NA,48.1556283354368,15.9375
"253",2000-09-09,NA,48.1556283354368,15.9375
"254",2000-09-10,NA,48.1556283354368,15.9375
"255",2000-09-11,NA,48.1556283354368,15.9375
"256",2000-09-12,NA,48.1556283354368,15.9375
"257",2000-09-13,-2.59181475639343,48.1556283354368,15.9375
"258",2000-09-14,NA,48.1556283354368,15.9375
"259",2000-09-15,NA,48.1556283354368,15.9375
"260",2000-09-16,-0.122680447995663,48.1556283354368,15.9375
"261",2000-09-17,-1.61019039154053,48.1556283354368,15.9375
"262",2000-09-18,-2.16702747344971,48.1556283354368,15.9375
"263",2000-09-19,NA,48.1556283354368,15.9375
"264",2000-09-20,NA,48.1556283354368,15.9375
"265",2000-09-21,-1.52840304374695,48.1556283354368,15.9375
"266",2000-09-22,NA,48.1556283354368,15.9375
"267",2000-09-23,NA,48.1556283354368,15.9375
"268",2000-09-24,NA,48.1556283354368,15.9375
"269",2000-09-25,-0.983886480331421,48.1556283354368,15.9375
"270",2000-09-26,NA,48.1556283354368,15.9375
"271",2000-09-27,NA,48.1556283354368,15.9375
"272",2000-09-28,NA,48.1556283354368,15.9375
"273",2000-09-29,NA,48.1556283354368,15.9375
"274",2000-09-30,-4.73976564407349,48.1556283354368,15.9375
"275",2000-10-01,-9.54807281494141,48.1556283354368,15.9375
"276",2000-10-02,-5.16714715957642,48.1556283354368,15.9375
"277",2000-10-03,-7.40101194381714,48.1556283354368,15.9375
"278",2000-10-04,-3.34218645095825,48.1556283354368,15.9375
"279",2000-10-05,-4.23272609710693,48.1556283354368,15.9375
"280",2000-10-06,-9.23251056671143,48.1556283354368,15.9375
"281",2000-10-07,-5.98745012283325,48.1556283354368,15.9375
"282",2000-10-08,-2.66319727897644,48.1556283354368,15.9375
"283",2000-10-09,-5.75814008712769,48.1556283354368,15.9375
"284",2000-10-10,-8.44715881347656,48.1556283354368,15.9375
"285",2000-10-11,-2.08154344558716,48.1556283354368,15.9375
"286",2000-10-12,-1.64287853240967,48.1556283354368,15.9375
"287",2000-10-13,-0.841859459877014,48.1556283354368,15.9375
"288",2000-10-14,-1.2482738494873,48.1556283354368,15.9375
"289",2000-10-15,-2.0962221622467,48.1556283354368,15.9375
"290",2000-10-16,-1.94308400154114,48.1556283354368,15.9375
"291",2000-10-17,-6.62545585632324,48.1556283354368,15.9375
"292",2000-10-18,-8.7100248336792,48.1556283354368,15.9375
"293",2000-10-19,-7.23571062088013,48.1556283354368,15.9375
"294",2000-10-20,-5.52981662750244,48.1556283354368,15.9375
"295",2000-10-21,NA,48.1556283354368,15.9375
"296",2000-10-22,NA,48.1556283354368,15.9375
"297",2000-10-23,-2.57103610038757,48.1556283354368,15.9375
"298",2000-10-24,-2.52170467376709,48.1556283354368,15.9375
"299",2000-10-25,-2.17476081848145,48.1556283354368,15.9375
"300",2000-10-26,-3.76680302619934,48.1556283354368,15.9375
"301",2000-10-27,-3.64855599403381,48.1556283354368,15.9375
"302",2000-10-28,NA,48.1556283354368,15.9375
"303",2000-10-29,-2.59181833267212,48.1556283354368,15.9375
"304",2000-10-30,-1.50780355930328,48.1556283354368,15.9375
"305",2000-10-31,-2.31861591339111,48.1556283354368,15.9375
"306",2000-11-01,-8.9966869354248,48.1556283354368,15.9375
"307",2000-11-02,-1.47900974750519,48.1556283354368,15.9375
"308",2000-11-03,-6.04473733901978,48.1556283354368,15.9375
"309",2000-11-04,-6.70863914489746,48.1556283354368,15.9375
"310",2000-11-05,-3.18891453742981,48.1556283354368,15.9375
"311",2000-11-06,-3.96886086463928,48.1556283354368,15.9375
"312",2000-11-07,-7.54659938812256,48.1556283354368,15.9375
"313",2000-11-08,-6.72977638244629,48.1556283354368,15.9375
"314",2000-11-09,-3.97071599960327,48.1556283354368,15.9375
"315",2000-11-10,-1.89602732658386,48.1556283354368,15.9375
"316",2000-11-11,NA,48.1556283354368,15.9375
"317",2000-11-12,NA,48.1556283354368,15.9375
"318",2000-11-13,-0.419785559177399,48.1556283354368,15.9375
"319",2000-11-14,-0.300381779670715,48.1556283354368,15.9375
"320",2000-11-15,-3.42897796630859,48.1556283354368,15.9375
"321",2000-11-16,-7.40676021575928,48.1556283354368,15.9375
"322",2000-11-17,-0.96373063325882,48.1556283354368,15.9375
"323",2000-11-18,-3.15870213508606,48.1556283354368,15.9375
"324",2000-11-19,-2.25617122650146,48.1556283354368,15.9375
"325",2000-11-20,-7.23596000671387,48.1556283354368,15.9375
"326",2000-11-21,-9.66540908813477,48.1556283354368,15.9375
"327",2000-11-22,-8.84441375732422,48.1556283354368,15.9375
"328",2000-11-23,-3.52156186103821,48.1556283354368,15.9375
"329",2000-11-24,-4.92277765274048,48.1556283354368,15.9375
"330",2000-11-25,-7.83999729156494,48.1556283354368,15.9375
"331",2000-11-26,-11.8077030181885,48.1556283354368,15.9375
"332",2000-11-27,-8.59332752227783,48.1556283354368,15.9375
"333",2000-11-28,-3.05402112007141,48.1556283354368,15.9375
"334",2000-11-29,-1.71506094932556,48.1556283354368,15.9375
"335",2000-11-30,-0.941330969333649,48.1556283354368,15.9375
"336",2000-12-01,-1.84292364120483,48.1556283354368,15.9375
"337",2000-12-02,-1.62802994251251,48.1556283354368,15.9375
"338",2000-12-03,-0.860328137874603,48.1556283354368,15.9375
"339",2000-12-04,-2.20753717422485,48.1556283354368,15.9375
"340",2000-12-05,-3.30377721786499,48.1556283354368,15.9375
"341",2000-12-06,-3.35526013374329,48.1556283354368,15.9375
"342",2000-12-07,-4.29342889785767,48.1556283354368,15.9375
"343",2000-12-08,-2.70971965789795,48.1556283354368,15.9375
"344",2000-12-09,-0.704968750476837,48.1556283354368,15.9375
"345",2000-12-10,-2.30338931083679,48.1556283354368,15.9375
"346",2000-12-11,-3.96513414382935,48.1556283354368,15.9375
"347",2000-12-12,-2.66793608665466,48.1556283354368,15.9375
"348",2000-12-13,-2.45315098762512,48.1556283354368,15.9375
"349",2000-12-14,-1.39794659614563,48.1556283354368,15.9375
"350",2000-12-15,-1.72177004814148,48.1556283354368,15.9375
"351",2000-12-16,NA,48.1556283354368,15.9375
"352",2000-12-17,-3.86404633522034,48.1556283354368,15.9375
"353",2000-12-18,-4.22207450866699,48.1556283354368,15.9375
"354",2000-12-19,-3.36380863189697,48.1556283354368,15.9375
"355",2000-12-20,-5.28919506072998,48.1556283354368,15.9375
"356",2000-12-21,-7.99084424972534,48.1556283354368,15.9375
"357",2000-12-22,NA,48.1556283354368,15.9375
"358",2000-12-23,-4.05167150497437,48.1556283354368,15.9375
"359",2000-12-24,-3.42720174789429,48.1556283354368,15.9375
"360",2000-12-25,-4.66972160339355,48.1556283354368,15.9375
"361",2000-12-26,-8.09383678436279,48.1556283354368,15.9375
"362",2000-12-27,-12.6456718444824,48.1556283354368,15.9375
"363",2000-12-28,-14.7733945846558,48.1556283354368,15.9375
"364",2000-12-29,-9.73440647125244,48.1556283354368,15.9375
"365",2000-12-30,-13.5994386672974,48.1556283354368,15.9375
"366",2000-12-31,-7.38708209991455,48.1556283354368,15.9375
"367",2001-01-01,NA,48.1556283354368,15.9375
"368",2001-01-02,-1.35765671730042,48.1556283354368,15.9375
"369",2001-01-03,-2.1821129322052,48.1556283354368,15.9375
"370",2001-01-04,-7.33356761932373,48.1556283354368,15.9375
"371",2001-01-05,-3.63995313644409,48.1556283354368,15.9375
"372",2001-01-06,-1.59007155895233,48.1556283354368,15.9375
"373",2001-01-07,-6.0099778175354,48.1556283354368,15.9375
"374",2001-01-08,-10.0667352676392,48.1556283354368,15.9375
"375",2001-01-09,-11.4491405487061,48.1556283354368,15.9375
"376",2001-01-10,-1.36845278739929,48.1556283354368,15.9375
"377",2001-01-11,-0.876640379428864,48.1556283354368,15.9375
"378",2001-01-12,-2.92482352256775,48.1556283354368,15.9375
"379",2001-01-13,NA,48.1556283354368,15.9375
"380",2001-01-14,NA,48.1556283354368,15.9375
"381",2001-01-15,-6.80154943466187,48.1556283354368,15.9375
"382",2001-01-16,-7.33929824829102,48.1556283354368,15.9375
"383",2001-01-17,-4.05195093154907,48.1556283354368,15.9375
"384",2001-01-18,-3.77551198005676,48.1556283354368,15.9375
"385",2001-01-19,-4.25636053085327,48.1556283354368,15.9375
"386",2001-01-20,-5.33756256103516,48.1556283354368,15.9375
"387",2001-01-21,-7.37404918670654,48.1556283354368,15.9375
"388",2001-01-22,-5.1729040145874,48.1556283354368,15.9375
"389",2001-01-23,-3.86856722831726,48.1556283354368,15.9375
"390",2001-01-24,-1.08134567737579,48.1556283354368,15.9375
"391",2001-01-25,-1.72358429431915,48.1556283354368,15.9375
"392",2001-01-26,-0.797240853309631,48.1556283354368,15.9375
"393",2001-01-27,-3.03061509132385,48.1556283354368,15.9375
"394",2001-01-28,-4.94876098632812,48.1556283354368,15.9375
"395",2001-01-29,-5.85250759124756,48.1556283354368,15.9375
"396",2001-01-30,-8.86552715301514,48.1556283354368,15.9375
"397",2001-01-31,NA,48.1556283354368,15.9375
"398",2001-02-01,NA,48.1556283354368,15.9375
"399",2001-02-02,NA,48.1556283354368,15.9375
"400",2001-02-03,-2.81105327606201,48.1556283354368,15.9375
"401",2001-02-04,-3.39191746711731,48.1556283354368,15.9375
"402",2001-02-05,-3.22225499153137,48.1556283354368,15.9375
"403",2001-02-06,-2.47447991371155,48.1556283354368,15.9375
"404",2001-02-07,-1.76898610591888,48.1556283354368,15.9375
"405",2001-02-08,-1.31864297389984,48.1556283354368,15.9375
"406",2001-02-09,-2.49176812171936,48.1556283354368,15.9375
"407",2001-02-10,-6.87998247146606,48.1556283354368,15.9375
"408",2001-02-11,NA,48.1556283354368,15.9375
"409",2001-02-12,-2.15582227706909,48.1556283354368,15.9375
"410",2001-02-13,NA,48.1556283354368,15.9375
"411",2001-02-14,NA,48.1556283354368,15.9375
"412",2001-02-15,NA,48.1556283354368,15.9375
"413",2001-02-16,-2.3910493850708,48.1556283354368,15.9375
"414",2001-02-17,-3.3125171661377,48.1556283354368,15.9375
"415",2001-02-18,NA,48.1556283354368,15.9375
"416",2001-02-19,NA,48.1556283354368,15.9375
"417",2001-02-20,NA,48.1556283354368,15.9375
"418",2001-02-21,NA,48.1556283354368,15.9375
"419",2001-02-22,-7.82339382171631,48.1556283354368,15.9375
"420",2001-02-23,NA,48.1556283354368,15.9375
"421",2001-02-24,-8.04670810699463,48.1556283354368,15.9375
"422",2001-02-25,NA,48.1556283354368,15.9375
"423",2001-02-26,-4.75382995605469,48.1556283354368,15.9375
"424",2001-02-27,-5.78674077987671,48.1556283354368,15.9375
"425",2001-02-28,-6.86304044723511,48.1556283354368,15.9375
"426",2001-03-01,-7.49020862579346,48.1556283354368,15.9375
"427",2001-03-02,-9.9064998626709,48.1556283354368,15.9375
"428",2001-03-03,-4.93733644485474,48.1556283354368,15.9375
"429",2001-03-04,-2.08858728408813,48.1556283354368,15.9375
"430",2001-03-05,-2.7651686668396,48.1556283354368,15.9375
"431",2001-03-06,-6.68795204162598,48.1556283354368,15.9375
"432",2001-03-07,-2.06461453437805,48.1556283354368,15.9375
"433",2001-03-08,-3.0479724407196,48.1556283354368,15.9375
"434",2001-03-09,-5.61066055297852,48.1556283354368,15.9375
"435",2001-03-10,-3.61469602584839,48.1556283354368,15.9375
"436",2001-03-11,-2.38674974441528,48.1556283354368,15.9375
"437",2001-03-12,-1.8413964509964,48.1556283354368,15.9375
"438",2001-03-13,-6.54299879074097,48.1556283354368,15.9375
"439",2001-03-14,-0.841617822647095,48.1556283354368,15.9375
"440",2001-03-15,NA,48.1556283354368,15.9375
"441",2001-03-16,-1.27990484237671,48.1556283354368,15.9375
"442",2001-03-17,-0.698462665081024,48.1556283354368,15.9375
"443",2001-03-18,-1.63019251823425,48.1556283354368,15.9375
"444",2001-03-19,NA,48.1556283354368,15.9375
"445",2001-03-20,-2.59176921844482,48.1556283354368,15.9375
"446",2001-03-21,-1.15999293327332,48.1556283354368,15.9375
"447",2001-03-22,-1.74255990982056,48.1556283354368,15.9375
"448",2001-03-23,NA,48.1556283354368,15.9375
"449",2001-03-24,NA,48.1556283354368,15.9375
"450",2001-03-25,NA,48.1556283354368,15.9375
"451",2001-03-26,NA,48.1556283354368,15.9375
"452",2001-03-27,-5.58510494232178,48.1556283354368,15.9375
"453",2001-03-28,-6.25134468078613,48.1556283354368,15.9375
"454",2001-03-29,-2.28681588172913,48.1556283354368,15.9375
"455",2001-03-30,-2.9646201133728,48.1556283354368,15.9375
"456",2001-03-31,-3.32279849052429,48.1556283354368,15.9375
"457",2001-04-01,NA,48.1556283354368,15.9375
"458",2001-04-02,NA,48.1556283354368,15.9375
"459",2001-04-03,NA,48.1556283354368,15.9375
"460",2001-04-04,-1.21878719329834,48.1556283354368,15.9375
"461",2001-04-05,-7.62080001831055,48.1556283354368,15.9375
"462",2001-04-06,-2.98047471046448,48.1556283354368,15.9375
"463",2001-04-07,-4.92971515655518,48.1556283354368,15.9375
"464",2001-04-08,-10.1755380630493,48.1556283354368,15.9375
"465",2001-04-09,-0.113336473703384,48.1556283354368,15.9375
"466",2001-04-10,-1.44316875934601,48.1556283354368,15.9375
"467",2001-04-11,-6.51978540420532,48.1556283354368,15.9375
"468",2001-04-12,-8.48536205291748,48.1556283354368,15.9375
"469",2001-04-13,-1.09626483917236,48.1556283354368,15.9375
"470",2001-04-14,-5.58046627044678,48.1556283354368,15.9375
"471",2001-04-15,-2.45678400993347,48.1556283354368,15.9375
"472",2001-04-16,-6.44735670089722,48.1556283354368,15.9375
"473",2001-04-17,-8.66414451599121,48.1556283354368,15.9375
"474",2001-04-18,-4.45722341537476,48.1556283354368,15.9375
"475",2001-04-19,-1.10326182842255,48.1556283354368,15.9375
"476",2001-04-20,-2.60815334320068,48.1556283354368,15.9375
"477",2001-04-21,-2.27207660675049,48.1556283354368,15.9375
"478",2001-04-22,-1.97883796691895,48.1556283354368,15.9375
"479",2001-04-23,-3.27450966835022,48.1556283354368,15.9375
"480",2001-04-24,-2.05145502090454,48.1556283354368,15.9375
"481",2001-04-25,-1.10505080223083,48.1556283354368,15.9375
"482",2001-04-26,-2.09368181228638,48.1556283354368,15.9375
"483",2001-04-27,NA,48.1556283354368,15.9375
"484",2001-04-28,NA,48.1556283354368,15.9375
"485",2001-04-29,NA,48.1556283354368,15.9375
"486",2001-04-30,-1.76904022693634,48.1556283354368,15.9375
"487",2001-05-01,NA,48.1556283354368,15.9375
"488",2001-05-02,NA,48.1556283354368,15.9375
"489",2001-05-03,NA,48.1556283354368,15.9375
"490",2001-05-04,-5.48341703414917,48.1556283354368,15.9375
"491",2001-05-05,-5.81694412231445,48.1556283354368,15.9375
"492",2001-05-06,-5.65043020248413,48.1556283354368,15.9375
"493",2001-05-07,-5.10099220275879,48.1556283354368,15.9375
"494",2001-05-08,-4.00615167617798,48.1556283354368,15.9375
"495",2001-05-09,NA,48.1556283354368,15.9375
"496",2001-05-10,0.110827542841434,48.1556283354368,15.9375
"497",2001-05-11,NA,48.1556283354368,15.9375
"498",2001-05-12,-2.07133817672729,48.1556283354368,15.9375
"499",2001-05-13,NA,48.1556283354368,15.9375
"500",2001-05-14,-1.82694470882416,48.1556283354368,15.9375
"501",2001-05-15,-2.94857859611511,48.1556283354368,15.9375
"502",2001-05-16,NA,48.1556283354368,15.9375
"503",2001-05-17,0.272077202796936,48.1556283354368,15.9375
"504",2001-05-18,-2.20163440704346,48.1556283354368,15.9375
"505",2001-05-19,-3.76661586761475,48.1556283354368,15.9375
"506",2001-05-20,NA,48.1556283354368,15.9375
"507",2001-05-21,NA,48.1556283354368,15.9375
"508",2001-05-22,NA,48.1556283354368,15.9375
"509",2001-05-23,NA,48.1556283354368,15.9375
"510",2001-05-24,NA,48.1556283354368,15.9375
"511",2001-05-25,-3.54043340682983,48.1556283354368,15.9375
"512",2001-05-26,NA,48.1556283354368,15.9375
"513",2001-05-27,NA,48.1556283354368,15.9375
"514",2001-05-28,NA,48.1556283354368,15.9375
"515",2001-05-29,NA,48.1556283354368,15.9375
"516",2001-05-30,0.192836165428162,48.1556283354368,15.9375
"517",2001-05-31,-0.661180138587952,48.1556283354368,15.9375
"518",2001-06-01,-0.566010653972626,48.1556283354368,15.9375
"519",2001-06-02,-5.36653280258179,48.1556283354368,15.9375
"520",2001-06-03,-11.0985145568848,48.1556283354368,15.9375
"521",2001-06-04,-0.657127499580383,48.1556283354368,15.9375
"522",2001-06-05,NA,48.1556283354368,15.9375
"523",2001-06-06,0.542871475219727,48.1556283354368,15.9375
"524",2001-06-07,NA,48.1556283354368,15.9375
"525",2001-06-08,-1.03180336952209,48.1556283354368,15.9375
"526",2001-06-09,0.206208363175392,48.1556283354368,15.9375
"527",2001-06-10,NA,48.1556283354368,15.9375
"528",2001-06-11,NA,48.1556283354368,15.9375
"529",2001-06-12,NA,48.1556283354368,15.9375
"530",2001-06-13,NA,48.1556283354368,15.9375
"531",2001-06-14,-0.662166774272919,48.1556283354368,15.9375
"532",2001-06-15,NA,48.1556283354368,15.9375
"533",2001-06-16,NA,48.1556283354368,15.9375
"534",2001-06-17,-4.45121717453003,48.1556283354368,15.9375
"535",2001-06-18,-9.4904613494873,48.1556283354368,15.9375
"536",2001-06-19,NA,48.1556283354368,15.9375
"537",2001-06-20,NA,48.1556283354368,15.9375
"538",2001-06-21,-4.14663600921631,48.1556283354368,15.9375
"539",2001-06-22,-3.05537223815918,48.1556283354368,15.9375
"540",2001-06-23,NA,48.1556283354368,15.9375
"541",2001-06-24,NA,48.1556283354368,15.9375
"542",2001-06-25,NA,48.1556283354368,15.9375
"543",2001-06-26,NA,48.1556283354368,15.9375
"544",2001-06-27,NA,48.1556283354368,15.9375
"545",2001-06-28,NA,48.1556283354368,15.9375
"546",2001-06-29,NA,48.1556283354368,15.9375
"547",2001-06-30,NA,48.1556283354368,15.9375
"548",2001-07-01,NA,48.1556283354368,15.9375
"549",2001-07-02,NA,48.1556283354368,15.9375
"550",2001-07-03,-0.64543741941452,48.1556283354368,15.9375
"551",2001-07-04,-1.1159884929657,48.1556283354368,15.9375
"552",2001-07-05,-2.27781629562378,48.1556283354368,15.9375
"553",2001-07-06,NA,48.1556283354368,15.9375
"554",2001-07-07,0.693488776683807,48.1556283354368,15.9375
"555",2001-07-08,-0.19954988360405,48.1556283354368,15.9375
"556",2001-07-09,-4.67393350601196,48.1556283354368,15.9375
"557",2001-07-10,-7.10455513000488,48.1556283354368,15.9375
"558",2001-07-11,NA,48.1556283354368,15.9375
"559",2001-07-12,-5.00548076629639,48.1556283354368,15.9375
"560",2001-07-13,NA,48.1556283354368,15.9375
"561",2001-07-14,-2.61007308959961,48.1556283354368,15.9375
"562",2001-07-15,NA,48.1556283354368,15.9375
"563",2001-07-16,NA,48.1556283354368,15.9375
"564",2001-07-17,-3.95017147064209,48.1556283354368,15.9375
"565",2001-07-18,-2.00788378715515,48.1556283354368,15.9375
"566",2001-07-19,-2.35155582427979,48.1556283354368,15.9375
"567",2001-07-20,-7.95055437088013,48.1556283354368,15.9375
"568",2001-07-21,NA,48.1556283354368,15.9375
"569",2001-07-22,-1.72914445400238,48.1556283354368,15.9375
"570",2001-07-23,-2.54979133605957,48.1556283354368,15.9375
"571",2001-07-24,-4.7085747718811,48.1556283354368,15.9375
"572",2001-07-25,-6.48787975311279,48.1556283354368,15.9375
"573",2001-07-26,NA,48.1556283354368,15.9375
"574",2001-07-27,NA,48.1556283354368,15.9375
"575",2001-07-28,NA,48.1556283354368,15.9375
"576",2001-07-29,-2.01078724861145,48.1556283354368,15.9375
"577",2001-07-30,NA,48.1556283354368,15.9375
"578",2001-07-31,NA,48.1556283354368,15.9375
"579",2001-08-01,NA,48.1556283354368,15.9375
"580",2001-08-02,NA,48.1556283354368,15.9375
"581",2001-08-03,NA,48.1556283354368,15.9375
"582",2001-08-04,NA,48.1556283354368,15.9375
"583",2001-08-05,-3.55074858665466,48.1556283354368,15.9375
"584",2001-08-06,-3.39104104042053,48.1556283354368,15.9375
"585",2001-08-07,NA,48.1556283354368,15.9375
"586",2001-08-08,NA,48.1556283354368,15.9375
"587",2001-08-09,0.0443742349743843,48.1556283354368,15.9375
"588",2001-08-10,-2.23256897926331,48.1556283354368,15.9375
"589",2001-08-11,-4.84720802307129,48.1556283354368,15.9375
"590",2001-08-12,NA,48.1556283354368,15.9375
"591",2001-08-13,NA,48.1556283354368,15.9375
"592",2001-08-14,NA,48.1556283354368,15.9375
"593",2001-08-15,NA,48.1556283354368,15.9375
"594",2001-08-16,NA,48.1556283354368,15.9375
"595",2001-08-17,NA,48.1556283354368,15.9375
"596",2001-08-18,NA,48.1556283354368,15.9375
"597",2001-08-19,NA,48.1556283354368,15.9375
"598",2001-08-20,NA,48.1556283354368,15.9375
"599",2001-08-21,NA,48.1556283354368,15.9375
"600",2001-08-22,NA,48.1556283354368,15.9375
"601",2001-08-23,NA,48.1556283354368,15.9375
"602",2001-08-24,NA,48.1556283354368,15.9375
"603",2001-08-25,NA,48.1556283354368,15.9375
"604",2001-08-26,NA,48.1556283354368,15.9375
"605",2001-08-27,NA,48.1556283354368,15.9375
"606",2001-08-28,NA,48.1556283354368,15.9375
"607",2001-08-29,NA,48.1556283354368,15.9375
"608",2001-08-30,NA,48.1556283354368,15.9375
"609",2001-08-31,-0.0433802381157875,48.1556283354368,15.9375
"610",2001-09-01,-9.2021951675415,48.1556283354368,15.9375
"611",2001-09-02,-8.95850276947021,48.1556283354368,15.9375
"612",2001-09-03,NA,48.1556283354368,15.9375
"613",2001-09-04,-6.0544867515564,48.1556283354368,15.9375
"614",2001-09-05,-14.5050430297852,48.1556283354368,15.9375
"615",2001-09-06,-3.49717783927917,48.1556283354368,15.9375
"616",2001-09-07,-6.47560739517212,48.1556283354368,15.9375
"617",2001-09-08,-3.99076080322266,48.1556283354368,15.9375
"618",2001-09-09,-3.82000231742859,48.1556283354368,15.9375
"619",2001-09-10,-2.57297515869141,48.1556283354368,15.9375
"620",2001-09-11,-2.09485411643982,48.1556283354368,15.9375
"621",2001-09-12,-4.2850513458252,48.1556283354368,15.9375
"622",2001-09-13,-5.85228300094604,48.1556283354368,15.9375
"623",2001-09-14,-4.68696165084839,48.1556283354368,15.9375
"624",2001-09-15,-8.63000679016113,48.1556283354368,15.9375
"625",2001-09-16,-8.56296062469482,48.1556283354368,15.9375
"626",2001-09-17,-7.37101697921753,48.1556283354368,15.9375
"627",2001-09-18,-10.4653644561768,48.1556283354368,15.9375
"628",2001-09-19,-8.55117034912109,48.1556283354368,15.9375
"629",2001-09-20,NA,48.1556283354368,15.9375
"630",2001-09-21,-0.531920552253723,48.1556283354368,15.9375
"631",2001-09-22,-0.333144247531891,48.1556283354368,15.9375
"632",2001-09-23,-1.21474742889404,48.1556283354368,15.9375
"633",2001-09-24,-0.653254389762878,48.1556283354368,15.9375
"634",2001-09-25,-8.68038749694824,48.1556283354368,15.9375
"635",2001-09-26,-13.213005065918,48.1556283354368,15.9375
"636",2001-09-27,NA,48.1556283354368,15.9375
"637",2001-09-28,NA,48.1556283354368,15.9375
"638",2001-09-29,NA,48.1556283354368,15.9375
"639",2001-09-30,-2.01596283912659,48.1556283354368,15.9375
"640",2001-10-01,NA,48.1556283354368,15.9375
"641",2001-10-02,NA,48.1556283354368,15.9375
"642",2001-10-03,-1.88394379615784,48.1556283354368,15.9375
"643",2001-10-04,-1.21960508823395,48.1556283354368,15.9375
"644",2001-10-05,-2.02903389930725,48.1556283354368,15.9375
"645",2001-10-06,-0.816651880741119,48.1556283354368,15.9375
"646",2001-10-07,-0.729389369487762,48.1556283354368,15.9375
"647",2001-10-08,-0.714377462863922,48.1556283354368,15.9375
"648",2001-10-09,-1.15858447551727,48.1556283354368,15.9375
"649",2001-10-10,-1.50599157810211,48.1556283354368,15.9375
"650",2001-10-11,NA,48.1556283354368,15.9375
"651",2001-10-12,NA,48.1556283354368,15.9375
"652",2001-10-13,NA,48.1556283354368,15.9375
"653",2001-10-14,NA,48.1556283354368,15.9375
"654",2001-10-15,NA,48.1556283354368,15.9375
"655",2001-10-16,-2.498450756073,48.1556283354368,15.9375
"656",2001-10-17,NA,48.1556283354368,15.9375
"657",2001-10-18,NA,48.1556283354368,15.9375
"658",2001-10-19,NA,48.1556283354368,15.9375
"659",2001-10-20,-0.401252150535583,48.1556283354368,15.9375
"660",2001-10-21,-1.12000143527985,48.1556283354368,15.9375
"661",2001-10-22,-2.6550395488739,48.1556283354368,15.9375
"662",2001-10-23,-2.64677786827087,48.1556283354368,15.9375
"663",2001-10-24,-2.32374572753906,48.1556283354368,15.9375
"664",2001-10-25,NA,48.1556283354368,15.9375
"665",2001-10-26,NA,48.1556283354368,15.9375
"666",2001-10-27,NA,48.1556283354368,15.9375
"667",2001-10-28,NA,48.1556283354368,15.9375
"668",2001-10-29,-1.5167111158371,48.1556283354368,15.9375
"669",2001-10-30,-1.33388042449951,48.1556283354368,15.9375
"670",2001-10-31,NA,48.1556283354368,15.9375
"671",2001-11-01,-5.17658615112305,48.1556283354368,15.9375
"672",2001-11-02,NA,48.1556283354368,15.9375
"673",2001-11-03,NA,48.1556283354368,15.9375
"674",2001-11-04,-1.58346474170685,48.1556283354368,15.9375
"675",2001-11-05,-2.26350355148315,48.1556283354368,15.9375
"676",2001-11-06,-2.42509365081787,48.1556283354368,15.9375
"677",2001-11-07,-1.34944462776184,48.1556283354368,15.9375
"678",2001-11-08,-3.18078804016113,48.1556283354368,15.9375
"679",2001-11-09,-10.4252262115479,48.1556283354368,15.9375
"680",2001-11-10,-6.50445365905762,48.1556283354368,15.9375
"681",2001-11-11,-1.63312470912933,48.1556283354368,15.9375
"682",2001-11-12,-4.62661075592041,48.1556283354368,15.9375
"683",2001-11-13,-5.76630449295044,48.1556283354368,15.9375
"684",2001-11-14,NA,48.1556283354368,15.9375
"685",2001-11-15,NA,48.1556283354368,15.9375
"686",2001-11-16,-4.36168050765991,48.1556283354368,15.9375
"687",2001-11-17,-2.2093391418457,48.1556283354368,15.9375
"688",2001-11-18,-2.25552749633789,48.1556283354368,15.9375
"689",2001-11-19,-3.83715867996216,48.1556283354368,15.9375
"690",2001-11-20,NA,48.1556283354368,15.9375
"691",2001-11-21,-4.40979528427124,48.1556283354368,15.9375
"692",2001-11-22,-4.00568294525146,48.1556283354368,15.9375
"693",2001-11-23,-2.35257029533386,48.1556283354368,15.9375
"694",2001-11-24,-3.84753036499023,48.1556283354368,15.9375
"695",2001-11-25,NA,48.1556283354368,15.9375
"696",2001-11-26,-3.77036190032959,48.1556283354368,15.9375
"697",2001-11-27,-5.83500719070435,48.1556283354368,15.9375
"698",2001-11-28,-7.16258716583252,48.1556283354368,15.9375
"699",2001-11-29,-4.8812084197998,48.1556283354368,15.9375
"700",2001-11-30,-5.38319492340088,48.1556283354368,15.9375
"701",2001-12-01,-13.114842414856,48.1556283354368,15.9375
"702",2001-12-02,-9.86375904083252,48.1556283354368,15.9375
"703",2001-12-03,-7.37482833862305,48.1556283354368,15.9375
"704",2001-12-04,-6.87958765029907,48.1556283354368,15.9375
"705",2001-12-05,-5.09244108200073,48.1556283354368,15.9375
"706",2001-12-06,-3.44199514389038,48.1556283354368,15.9375
"707",2001-12-07,NA,48.1556283354368,15.9375
"708",2001-12-08,NA,48.1556283354368,15.9375
"709",2001-12-09,NA,48.1556283354368,15.9375
"710",2001-12-10,-3.30221199989319,48.1556283354368,15.9375
"711",2001-12-11,-4.22991943359375,48.1556283354368,15.9375
"712",2001-12-12,-6.88644075393677,48.1556283354368,15.9375
"713",2001-12-13,-15.0096292495728,48.1556283354368,15.9375
"714",2001-12-14,NA,48.1556283354368,15.9375
"715",2001-12-15,NA,48.1556283354368,15.9375
"716",2001-12-16,NA,48.1556283354368,15.9375
"717",2001-12-17,-4.84724617004395,48.1556283354368,15.9375
"718",2001-12-18,-6.1700325012207,48.1556283354368,15.9375
"719",2001-12-19,-5.01517724990845,48.1556283354368,15.9375
"720",2001-12-20,-3.85260796546936,48.1556283354368,15.9375
"721",2001-12-21,-5.6778621673584,48.1556283354368,15.9375
"722",2001-12-22,NA,48.1556283354368,15.9375
"723",2001-12-23,-3.23327231407166,48.1556283354368,15.9375
"724",2001-12-24,NA,48.1556283354368,15.9375
"725",2001-12-25,-4.75176906585693,48.1556283354368,15.9375
"726",2001-12-26,-7.1251482963562,48.1556283354368,15.9375
"727",2001-12-27,-14.3418855667114,48.1556283354368,15.9375
"728",2001-12-28,-1.94173645973206,48.1556283354368,15.9375
"729",2001-12-29,-2.64999580383301,48.1556283354368,15.9375
"730",2001-12-30,-1.87791502475739,48.1556283354368,15.9375
"731",2001-12-31,NA,48.1556283354368,15.9375
"732",2002-01-01,-2.32780814170837,48.1556283354368,15.9375
"733",2002-01-02,-3.17057394981384,48.1556283354368,15.9375
"734",2002-01-03,NA,48.1556283354368,15.9375
"735",2002-01-04,-5.23904657363892,48.1556283354368,15.9375
"736",2002-01-05,-3.59275126457214,48.1556283354368,15.9375
"737",2002-01-06,-3.08460688591003,48.1556283354368,15.9375
"738",2002-01-07,-2.54506611824036,48.1556283354368,15.9375
"739",2002-01-08,NA,48.1556283354368,15.9375
"740",2002-01-09,-4.63766098022461,48.1556283354368,15.9375
"741",2002-01-10,-3.75695729255676,48.1556283354368,15.9375
"742",2002-01-11,-4.13262510299683,48.1556283354368,15.9375
"743",2002-01-12,-3.49601030349731,48.1556283354368,15.9375
"744",2002-01-13,-5.91221237182617,48.1556283354368,15.9375
"745",2002-01-14,-9.48966598510742,48.1556283354368,15.9375
"746",2002-01-15,-9.15907764434814,48.1556283354368,15.9375
"747",2002-01-16,-8.6106595993042,48.1556283354368,15.9375
"748",2002-01-17,-5.95817232131958,48.1556283354368,15.9375
"749",2002-01-18,NA,48.1556283354368,15.9375
"750",2002-01-19,-5.36204957962036,48.1556283354368,15.9375
"751",2002-01-20,-3.07337808609009,48.1556283354368,15.9375
"752",2002-01-21,-2.82540535926819,48.1556283354368,15.9375
"753",2002-01-22,-1.73049879074097,48.1556283354368,15.9375
"754",2002-01-23,-0.52773529291153,48.1556283354368,15.9375
"755",2002-01-24,-4.86596632003784,48.1556283354368,15.9375
"756",2002-01-25,NA,48.1556283354368,15.9375
"757",2002-01-26,-2.53972434997559,48.1556283354368,15.9375
"758",2002-01-27,-2.79346704483032,48.1556283354368,15.9375
"759",2002-01-28,-4.39689493179321,48.1556283354368,15.9375
"760",2002-01-29,-3.30462145805359,48.1556283354368,15.9375
"761",2002-01-30,-2.75631880760193,48.1556283354368,15.9375
"762",2002-01-31,-3.37368822097778,48.1556283354368,15.9375
"763",2002-02-01,-1.53622043132782,48.1556283354368,15.9375
"764",2002-02-02,-4.61379528045654,48.1556283354368,15.9375
"765",2002-02-03,-4.472496509552,48.1556283354368,15.9375
"766",2002-02-04,-3.59030294418335,48.1556283354368,15.9375
"767",2002-02-05,-2.03436207771301,48.1556283354368,15.9375
"768",2002-02-06,-1.80642080307007,48.1556283354368,15.9375
"769",2002-02-07,-3.11477327346802,48.1556283354368,15.9375
"770",2002-02-08,-6.51556730270386,48.1556283354368,15.9375
"771",2002-02-09,-1.79287981987,48.1556283354368,15.9375
"772",2002-02-10,-2.22744297981262,48.1556283354368,15.9375
"773",2002-02-11,-1.00580680370331,48.1556283354368,15.9375
"774",2002-02-12,-2.05313086509705,48.1556283354368,15.9375
"775",2002-02-13,-1.57772290706635,48.1556283354368,15.9375
"776",2002-02-14,-3.29082202911377,48.1556283354368,15.9375
"777",2002-02-15,-1.375941157341,48.1556283354368,15.9375
"778",2002-02-16,-1.38644206523895,48.1556283354368,15.9375
"779",2002-02-17,-2.69463634490967,48.1556283354368,15.9375
"780",2002-02-18,-1.18962442874908,48.1556283354368,15.9375
"781",2002-02-19,-2.86966562271118,48.1556283354368,15.9375
"782",2002-02-20,-1.98506200313568,48.1556283354368,15.9375
"783",2002-02-21,-7.15790939331055,48.1556283354368,15.9375
"784",2002-02-22,NA,48.1556283354368,15.9375
"785",2002-02-23,-1.93114984035492,48.1556283354368,15.9375
"786",2002-02-24,-1.54522383213043,48.1556283354368,15.9375
"787",2002-02-25,-0.210332497954369,48.1556283354368,15.9375
"788",2002-02-26,NA,48.1556283354368,15.9375
"789",2002-02-27,-1.03999090194702,48.1556283354368,15.9375
"790",2002-02-28,-0.40396985411644,48.1556283354368,15.9375
"791",2002-03-01,-2.86022281646729,48.1556283354368,15.9375
"792",2002-03-02,-0.774972915649414,48.1556283354368,15.9375
"793",2002-03-03,-4.53046083450317,48.1556283354368,15.9375
"794",2002-03-04,-4.54774332046509,48.1556283354368,15.9375
"795",2002-03-05,NA,48.1556283354368,15.9375
"796",2002-03-06,NA,48.1556283354368,15.9375
"797",2002-03-07,-1.67137849330902,48.1556283354368,15.9375
"798",2002-03-08,NA,48.1556283354368,15.9375
"799",2002-03-09,NA,48.1556283354368,15.9375
"800",2002-03-10,NA,48.1556283354368,15.9375
"801",2002-03-11,NA,48.1556283354368,15.9375
"802",2002-03-12,NA,48.1556283354368,15.9375
"803",2002-03-13,NA,48.1556283354368,15.9375
"804",2002-03-14,NA,48.1556283354368,15.9375
"805",2002-03-15,NA,48.1556283354368,15.9375
"806",2002-03-16,NA,48.1556283354368,15.9375
"807",2002-03-17,NA,48.1556283354368,15.9375
"808",2002-03-18,NA,48.1556283354368,15.9375
"809",2002-03-19,-2.69445896148682,48.1556283354368,15.9375
"810",2002-03-20,NA,48.1556283354368,15.9375
"811",2002-03-21,-3.25752305984497,48.1556283354368,15.9375
"812",2002-03-22,-4.45739126205444,48.1556283354368,15.9375
"813",2002-03-23,-6.61251354217529,48.1556283354368,15.9375
"814",2002-03-24,-9.96102046966553,48.1556283354368,15.9375
"815",2002-03-25,NA,48.1556283354368,15.9375
"816",2002-03-26,NA,48.1556283354368,15.9375
"817",2002-03-27,-8.48759746551514,48.1556283354368,15.9375
"818",2002-03-28,NA,48.1556283354368,15.9375
"819",2002-03-29,NA,48.1556283354368,15.9375
"820",2002-03-30,NA,48.1556283354368,15.9375
"821",2002-03-31,NA,48.1556283354368,15.9375
"822",2002-04-01,NA,48.1556283354368,15.9375
"823",2002-04-02,NA,48.1556283354368,15.9375
"824",2002-04-03,NA,48.1556283354368,15.9375
"825",2002-04-04,NA,48.1556283354368,15.9375
"826",2002-04-05,-5.29088449478149,48.1556283354368,15.9375
"827",2002-04-06,-2.49945211410522,48.1556283354368,15.9375
"828",2002-04-07,NA,48.1556283354368,15.9375
"829",2002-04-08,-7.37516164779663,48.1556283354368,15.9375
"830",2002-04-09,-10.9140472412109,48.1556283354368,15.9375
"831",2002-04-10,-9.6624755859375,48.1556283354368,15.9375
"832",2002-04-11,-4.31463146209717,48.1556283354368,15.9375
"833",2002-04-12,-3.49068975448608,48.1556283354368,15.9375
"834",2002-04-13,-5.49417352676392,48.1556283354368,15.9375
"835",2002-04-14,-6.62493324279785,48.1556283354368,15.9375
"836",2002-04-15,-5.97138404846191,48.1556283354368,15.9375
"837",2002-04-16,-6.69011116027832,48.1556283354368,15.9375
"838",2002-04-17,-10.1739463806152,48.1556283354368,15.9375
"839",2002-04-18,-4.37969779968262,48.1556283354368,15.9375
"840",2002-04-19,-4.96980285644531,48.1556283354368,15.9375
"841",2002-04-20,-9.68982410430908,48.1556283354368,15.9375
"842",2002-04-21,-6.2231559753418,48.1556283354368,15.9375
"843",2002-04-22,NA,48.1556283354368,15.9375
"844",2002-04-23,-3.97630667686462,48.1556283354368,15.9375
"845",2002-04-24,-2.56079316139221,48.1556283354368,15.9375
"846",2002-04-25,NA,48.1556283354368,15.9375
"847",2002-04-26,NA,48.1556283354368,15.9375
"848",2002-04-27,-6.72150087356567,48.1556283354368,15.9375
"849",2002-04-28,NA,48.1556283354368,15.9375
"850",2002-04-29,0.73299103975296,48.1556283354368,15.9375
"851",2002-04-30,-0.461173743009567,48.1556283354368,15.9375
"852",2002-05-01,-1.2376594543457,48.1556283354368,15.9375
"853",2002-05-02,-0.145078137516975,48.1556283354368,15.9375
"854",2002-05-03,-0.415934324264526,48.1556283354368,15.9375
"855",2002-05-04,-1.54530370235443,48.1556283354368,15.9375
"856",2002-05-05,-1.89748048782349,48.1556283354368,15.9375
"857",2002-05-06,NA,48.1556283354368,15.9375
"858",2002-05-07,NA,48.1556283354368,15.9375
"859",2002-05-08,-0.820639789104462,48.1556283354368,15.9375
"860",2002-05-09,-1.61814963817596,48.1556283354368,15.9375
"861",2002-05-10,-1.71330213546753,48.1556283354368,15.9375
"862",2002-05-11,-2.20676755905151,48.1556283354368,15.9375
"863",2002-05-12,-4.43783330917358,48.1556283354368,15.9375
"864",2002-05-13,-4.11608552932739,48.1556283354368,15.9375
"865",2002-05-14,NA,48.1556283354368,15.9375
"866",2002-05-15,NA,48.1556283354368,15.9375
"867",2002-05-16,NA,48.1556283354368,15.9375
"868",2002-05-17,NA,48.1556283354368,15.9375
"869",2002-05-18,NA,48.1556283354368,15.9375
"870",2002-05-19,-0.269414573907852,48.1556283354368,15.9375
"871",2002-05-20,-6.62757539749146,48.1556283354368,15.9375
"872",2002-05-21,-5.98389148712158,48.1556283354368,15.9375
"873",2002-05-22,NA,48.1556283354368,15.9375
"874",2002-05-23,-0.506877422332764,48.1556283354368,15.9375
"875",2002-05-24,-0.0252977460622787,48.1556283354368,15.9375
"876",2002-05-25,-0.313873559236526,48.1556283354368,15.9375
"877",2002-05-26,-1.29804623126984,48.1556283354368,15.9375
"878",2002-05-27,-3.32794213294983,48.1556283354368,15.9375
"879",2002-05-28,-5.81382656097412,48.1556283354368,15.9375
"880",2002-05-29,-6.898597240448,48.1556283354368,15.9375
"881",2002-05-30,NA,48.1556283354368,15.9375
"882",2002-05-31,NA,48.1556283354368,15.9375
"883",2002-06-01,-0.0777269080281258,48.1556283354368,15.9375
"884",2002-06-02,0.282292515039444,48.1556283354368,15.9375
"885",2002-06-03,-3.26588296890259,48.1556283354368,15.9375
"886",2002-06-04,-4.53662729263306,48.1556283354368,15.9375
"887",2002-06-05,-0.91198056936264,48.1556283354368,15.9375
"888",2002-06-06,-1.63442575931549,48.1556283354368,15.9375
"889",2002-06-07,-7.80294132232666,48.1556283354368,15.9375
"890",2002-06-08,-1.4067417383194,48.1556283354368,15.9375
"891",2002-06-09,-3.31971907615662,48.1556283354368,15.9375
"892",2002-06-10,-7.7700343132019,48.1556283354368,15.9375
"893",2002-06-11,NA,48.1556283354368,15.9375
"894",2002-06-12,NA,48.1556283354368,15.9375
"895",2002-06-13,NA,48.1556283354368,15.9375
"896",2002-06-14,NA,48.1556283354368,15.9375
"897",2002-06-15,NA,48.1556283354368,15.9375
"898",2002-06-16,NA,48.1556283354368,15.9375
"899",2002-06-17,NA,48.1556283354368,15.9375
"900",2002-06-18,NA,48.1556283354368,15.9375
"901",2002-06-19,NA,48.1556283354368,15.9375
"902",2002-06-20,NA,48.1556283354368,15.9375
"903",2002-06-21,NA,48.1556283354368,15.9375
"904",2002-06-22,NA,48.1556283354368,15.9375
"905",2002-06-23,NA,48.1556283354368,15.9375
"906",2002-06-24,NA,48.1556283354368,15.9375
"907",2002-06-25,NA,48.1556283354368,15.9375
"908",2002-06-26,NA,48.1556283354368,15.9375
"909",2002-06-27,NA,48.1556283354368,15.9375
"910",2002-06-28,-1.32617259025574,48.1556283354368,15.9375
"911",2002-06-29,-3.13069105148315,48.1556283354368,15.9375
"912",2002-06-30,-3.02102732658386,48.1556283354368,15.9375
"913",2002-07-01,NA,48.1556283354368,15.9375
"914",2002-07-02,1.42807769775391,48.1556283354368,15.9375
"915",2002-07-03,NA,48.1556283354368,15.9375
"916",2002-07-04,-0.409213930368423,48.1556283354368,15.9375
"917",2002-07-05,-8.74697780609131,48.1556283354368,15.9375
"918",2002-07-06,-4.93334579467773,48.1556283354368,15.9375
"919",2002-07-07,-7.15282678604126,48.1556283354368,15.9375
"920",2002-07-08,NA,48.1556283354368,15.9375
"921",2002-07-09,NA,48.1556283354368,15.9375
"922",2002-07-10,NA,48.1556283354368,15.9375
"923",2002-07-11,NA,48.1556283354368,15.9375
"924",2002-07-12,NA,48.1556283354368,15.9375
"925",2002-07-13,-3.34345436096191,48.1556283354368,15.9375
"926",2002-07-14,-5.42173385620117,48.1556283354368,15.9375
"927",2002-07-15,-6.31633329391479,48.1556283354368,15.9375
"928",2002-07-16,-2.43198800086975,48.1556283354368,15.9375
"929",2002-07-17,-6.85964441299438,48.1556283354368,15.9375
"930",2002-07-18,-8.59054565429688,48.1556283354368,15.9375
"931",2002-07-19,-4.61771583557129,48.1556283354368,15.9375
"932",2002-07-20,-0.855608463287354,48.1556283354368,15.9375
"933",2002-07-21,-0.449254214763641,48.1556283354368,15.9375
"934",2002-07-22,-2.0422306060791,48.1556283354368,15.9375
"935",2002-07-23,NA,48.1556283354368,15.9375
"936",2002-07-24,-1.80520784854889,48.1556283354368,15.9375
"937",2002-07-25,-4.82879638671875,48.1556283354368,15.9375
"938",2002-07-26,-7.70459794998169,48.1556283354368,15.9375
"939",2002-07-27,-7.48705244064331,48.1556283354368,15.9375
"940",2002-07-28,NA,48.1556283354368,15.9375
"941",2002-07-29,NA,48.1556283354368,15.9375
"942",2002-07-30,NA,48.1556283354368,15.9375
"943",2002-07-31,-4.60950946807861,48.1556283354368,15.9375
"944",2002-08-01,-5.06635999679565,48.1556283354368,15.9375
"945",2002-08-02,NA,48.1556283354368,15.9375
"946",2002-08-03,NA,48.1556283354368,15.9375
"947",2002-08-04,NA,48.1556283354368,15.9375
"948",2002-08-05,NA,48.1556283354368,15.9375
"949",2002-08-06,-1.65689969062805,48.1556283354368,15.9375
"950",2002-08-07,-4.84419775009155,48.1556283354368,15.9375
"951",2002-08-08,NA,48.1556283354368,15.9375
"952",2002-08-09,-7.35503435134888,48.1556283354368,15.9375
"953",2002-08-10,-5.89040327072144,48.1556283354368,15.9375
"954",2002-08-11,-10.5089569091797,48.1556283354368,15.9375
"955",2002-08-12,-13.7655344009399,48.1556283354368,15.9375
"956",2002-08-13,NA,48.1556283354368,15.9375
"957",2002-08-14,NA,48.1556283354368,15.9375
"958",2002-08-15,-3.10151243209839,48.1556283354368,15.9375
"959",2002-08-16,NA,48.1556283354368,15.9375
"960",2002-08-17,-2.82406902313232,48.1556283354368,15.9375
"961",2002-08-18,-2.77734732627869,48.1556283354368,15.9375
"962",2002-08-19,NA,48.1556283354368,15.9375
"963",2002-08-20,-3.94060468673706,48.1556283354368,15.9375
"964",2002-08-21,-6.55783891677856,48.1556283354368,15.9375
"965",2002-08-22,NA,48.1556283354368,15.9375
"966",2002-08-23,NA,48.1556283354368,15.9375
"967",2002-08-24,NA,48.1556283354368,15.9375
"968",2002-08-25,NA,48.1556283354368,15.9375
"969",2002-08-26,NA,48.1556283354368,15.9375
"970",2002-08-27,-0.676264405250549,48.1556283354368,15.9375
"971",2002-08-28,-1.8518762588501,48.1556283354368,15.9375
"972",2002-08-29,-3.21878933906555,48.1556283354368,15.9375
"973",2002-08-30,NA,48.1556283354368,15.9375
"974",2002-08-31,NA,48.1556283354368,15.9375
"975",2002-09-01,NA,48.1556283354368,15.9375
"976",2002-09-02,NA,48.1556283354368,15.9375
"977",2002-09-03,-5.7271203994751,48.1556283354368,15.9375
"978",2002-09-04,NA,48.1556283354368,15.9375
"979",2002-09-05,-3.21677756309509,48.1556283354368,15.9375
"980",2002-09-06,-5.60726404190063,48.1556283354368,15.9375
"981",2002-09-07,-4.66441869735718,48.1556283354368,15.9375
"982",2002-09-08,-7.1923623085022,48.1556283354368,15.9375
"983",2002-09-09,-4.24610567092896,48.1556283354368,15.9375
"984",2002-09-10,-2.68884038925171,48.1556283354368,15.9375
"985",2002-09-11,NA,48.1556283354368,15.9375
"986",2002-09-12,NA,48.1556283354368,15.9375
"987",2002-09-13,NA,48.1556283354368,15.9375
"988",2002-09-14,-0.836168646812439,48.1556283354368,15.9375
"989",2002-09-15,-2.44732737541199,48.1556283354368,15.9375
"990",2002-09-16,-5.89528131484985,48.1556283354368,15.9375
"991",2002-09-17,-2.33536434173584,48.1556283354368,15.9375
"992",2002-09-18,NA,48.1556283354368,15.9375
"993",2002-09-19,NA,48.1556283354368,15.9375
"994",2002-09-20,NA,48.1556283354368,15.9375
"995",2002-09-21,-2.39275693893433,48.1556283354368,15.9375
"996",2002-09-22,-8.26011180877686,48.1556283354368,15.9375
"997",2002-09-23,-9.37682723999023,48.1556283354368,15.9375
"998",2002-09-24,-9.17256736755371,48.1556283354368,15.9375
"999",2002-09-25,-9.91962337493896,48.1556283354368,15.9375
"1000",2002-09-26,-7.61938858032227,48.1556283354368,15.9375
"1001",2002-09-27,-10.1721038818359,48.1556283354368,15.9375
"1002",2002-09-28,NA,48.1556283354368,15.9375
"1003",2002-09-29,-10.178747177124,48.1556283354368,15.9375
"1004",2002-09-30,NA,48.1556283354368,15.9375
"1005",2002-10-01,NA,48.1556283354368,15.9375
"1006",2002-10-02,NA,48.1556283354368,15.9375
"1007",2002-10-03,NA,48.1556283354368,15.9375
"1008",2002-10-04,-2.29637551307678,48.1556283354368,15.9375
"1009",2002-10-05,-6.07492780685425,48.1556283354368,15.9375
"1010",2002-10-06,-11.0641927719116,48.1556283354368,15.9375
"1011",2002-10-07,-11.7922821044922,48.1556283354368,15.9375
"1012",2002-10-08,-4.85209655761719,48.1556283354368,15.9375
"1013",2002-10-09,-3.86044216156006,48.1556283354368,15.9375
"1014",2002-10-10,-1.60670948028564,48.1556283354368,15.9375
"1015",2002-10-11,-3.13062310218811,48.1556283354368,15.9375
"1016",2002-10-12,-4.67314910888672,48.1556283354368,15.9375
"1017",2002-10-13,-9.24937725067139,48.1556283354368,15.9375
"1018",2002-10-14,-4.5361008644104,48.1556283354368,15.9375
"1019",2002-10-15,-4.16312074661255,48.1556283354368,15.9375
"1020",2002-10-16,-1.19673466682434,48.1556283354368,15.9375
"1021",2002-10-17,-0.446335166692734,48.1556283354368,15.9375
"1022",2002-10-18,-2.93185949325562,48.1556283354368,15.9375
"1023",2002-10-19,-4.51101970672607,48.1556283354368,15.9375
"1024",2002-10-20,-5.14721632003784,48.1556283354368,15.9375
"1025",2002-10-21,-1.08774983882904,48.1556283354368,15.9375
"1026",2002-10-22,-1.24324297904968,48.1556283354368,15.9375
"1027",2002-10-23,-7.93279027938843,48.1556283354368,15.9375
"1028",2002-10-24,-9.74499607086182,48.1556283354368,15.9375
"1029",2002-10-25,-5.15321207046509,48.1556283354368,15.9375
"1030",2002-10-26,NA,48.1556283354368,15.9375
"1031",2002-10-27,-1.34228503704071,48.1556283354368,15.9375
"1032",2002-10-28,NA,48.1556283354368,15.9375
"1033",2002-10-29,NA,48.1556283354368,15.9375
"1034",2002-10-30,-0.869812250137329,48.1556283354368,15.9375
"1035",2002-10-31,-2.30284810066223,48.1556283354368,15.9375
"1036",2002-11-01,-0.710296869277954,48.1556283354368,15.9375
"1037",2002-11-02,-0.66889214515686,48.1556283354368,15.9375
"1038",2002-11-03,-4.19440221786499,48.1556283354368,15.9375
"1039",2002-11-04,-6.69333362579346,48.1556283354368,15.9375
"1040",2002-11-05,-8.16499614715576,48.1556283354368,15.9375
"1041",2002-11-06,NA,48.1556283354368,15.9375
"1042",2002-11-07,-8.14934921264648,48.1556283354368,15.9375
"1043",2002-11-08,-6.38343381881714,48.1556283354368,15.9375
"1044",2002-11-09,-5.11680316925049,48.1556283354368,15.9375
"1045",2002-11-10,-7.38700532913208,48.1556283354368,15.9375
"1046",2002-11-11,-4.3108696937561,48.1556283354368,15.9375
"1047",2002-11-12,-5.79645252227783,48.1556283354368,15.9375
"1048",2002-11-13,-2.72383522987366,48.1556283354368,15.9375
"1049",2002-11-14,-1.2525440454483,48.1556283354368,15.9375
"1050",2002-11-15,NA,48.1556283354368,15.9375
"1051",2002-11-16,-1.53766357898712,48.1556283354368,15.9375
"1052",2002-11-17,-5.76192235946655,48.1556283354368,15.9375
"1053",2002-11-18,-4.30402946472168,48.1556283354368,15.9375
"1054",2002-11-19,-3.86687183380127,48.1556283354368,15.9375
"1055",2002-11-20,-1.97731065750122,48.1556283354368,15.9375
"1056",2002-11-21,-4.63703632354736,48.1556283354368,15.9375
"1057",2002-11-22,-7.72114992141724,48.1556283354368,15.9375
"1058",2002-11-23,-3.85377097129822,48.1556283354368,15.9375
"1059",2002-11-24,-0.452861905097961,48.1556283354368,15.9375
"1060",2002-11-25,-0.498652637004852,48.1556283354368,15.9375
"1061",2002-11-26,0.0201790668070316,48.1556283354368,15.9375
"1062",2002-11-27,-0.157863885164261,48.1556283354368,15.9375
"1063",2002-11-28,-2.14984130859375,48.1556283354368,15.9375
"1064",2002-11-29,-4.47607231140137,48.1556283354368,15.9375
"1065",2002-11-30,-5.56977128982544,48.1556283354368,15.9375
"1066",2002-12-01,NA,48.1556283354368,15.9375
"1067",2002-12-02,-9.74548625946045,48.1556283354368,15.9375
"1068",2002-12-03,-9.84544086456299,48.1556283354368,15.9375
"1069",2002-12-04,-8.59619998931885,48.1556283354368,15.9375
"1070",2002-12-05,-10.1001434326172,48.1556283354368,15.9375
"1071",2002-12-06,-9.85715293884277,48.1556283354368,15.9375
"1072",2002-12-07,-10.6238231658936,48.1556283354368,15.9375
"1073",2002-12-08,NA,48.1556283354368,15.9375
"1074",2002-12-09,-6.51239156723022,48.1556283354368,15.9375
"1075",2002-12-10,-4.9785532951355,48.1556283354368,15.9375
"1076",2002-12-11,-4.82874011993408,48.1556283354368,15.9375
"1077",2002-12-12,-4.63509559631348,48.1556283354368,15.9375
"1078",2002-12-13,-7.28241968154907,48.1556283354368,15.9375
"1079",2002-12-14,-8.37244701385498,48.1556283354368,15.9375
"1080",2002-12-15,-8.35361385345459,48.1556283354368,15.9375
"1081",2002-12-16,-5.16093492507935,48.1556283354368,15.9375
"1082",2002-12-17,-5.89672183990479,48.1556283354368,15.9375
"1083",2002-12-18,-8.57602310180664,48.1556283354368,15.9375
"1084",2002-12-19,-8.21598815917969,48.1556283354368,15.9375
"1085",2002-12-20,-4.08914041519165,48.1556283354368,15.9375
"1086",2002-12-21,-4.27252435684204,48.1556283354368,15.9375
"1087",2002-12-22,-3.68798780441284,48.1556283354368,15.9375
"1088",2002-12-23,-3.72232270240784,48.1556283354368,15.9375
"1089",2002-12-24,-7.33672046661377,48.1556283354368,15.9375
"1090",2002-12-25,-5.49603509902954,48.1556283354368,15.9375
"1091",2002-12-26,-5.05695199966431,48.1556283354368,15.9375
"1092",2002-12-27,-4.39128541946411,48.1556283354368,15.9375
"1093",2002-12-28,-5.20176696777344,48.1556283354368,15.9375
"1094",2002-12-29,-5.63519287109375,48.1556283354368,15.9375
"1095",2002-12-30,-2.40620279312134,48.1556283354368,15.9375
"1096",2002-12-31,-8.88334083557129,48.1556283354368,15.9375
"1097",2003-01-01,-2.95147800445557,48.1556283354368,15.9375
"1098",2003-01-02,-3.11206603050232,48.1556283354368,15.9375
"1099",2003-01-03,-1.95846796035767,48.1556283354368,15.9375
"1100",2003-01-04,-3.57256722450256,48.1556283354368,15.9375
"1101",2003-01-05,-10.3256034851074,48.1556283354368,15.9375
"1102",2003-01-06,-11.4624977111816,48.1556283354368,15.9375
"1103",2003-01-07,-16.0988903045654,48.1556283354368,15.9375
"1104",2003-01-08,-17.4431838989258,48.1556283354368,15.9375
"1105",2003-01-09,-16.8320827484131,48.1556283354368,15.9375
"1106",2003-01-10,-11.7878904342651,48.1556283354368,15.9375
"1107",2003-01-11,NA,48.1556283354368,15.9375
"1108",2003-01-12,-5.84132862091064,48.1556283354368,15.9375
"1109",2003-01-13,-5.2356743812561,48.1556283354368,15.9375
"1110",2003-01-14,-3.90908002853394,48.1556283354368,15.9375
"1111",2003-01-15,-4.39015007019043,48.1556283354368,15.9375
"1112",2003-01-16,-3.82612466812134,48.1556283354368,15.9375
"1113",2003-01-17,-5.77503395080566,48.1556283354368,15.9375
"1114",2003-01-18,NA,48.1556283354368,15.9375
"1115",2003-01-19,-4.15827751159668,48.1556283354368,15.9375
"1116",2003-01-20,-4.27866077423096,48.1556283354368,15.9375
"1117",2003-01-21,-6.04270029067993,48.1556283354368,15.9375
"1118",2003-01-22,-9.55934524536133,48.1556283354368,15.9375
"1119",2003-01-23,-6.80863666534424,48.1556283354368,15.9375
"1120",2003-01-24,NA,48.1556283354368,15.9375
"1121",2003-01-25,NA,48.1556283354368,15.9375
"1122",2003-01-26,NA,48.1556283354368,15.9375
"1123",2003-01-27,-4.096107006073,48.1556283354368,15.9375
"1124",2003-01-28,-5.24285411834717,48.1556283354368,15.9375
"1125",2003-01-29,-2.42042303085327,48.1556283354368,15.9375
"1126",2003-01-30,-6.99072170257568,48.1556283354368,15.9375
"1127",2003-01-31,-7.7758674621582,48.1556283354368,15.9375
"1128",2003-02-01,NA,48.1556283354368,15.9375
"1129",2003-02-02,NA,48.1556283354368,15.9375
"1130",2003-02-03,-2.93646669387817,48.1556283354368,15.9375
"1131",2003-02-04,-9.34990978240967,48.1556283354368,15.9375
"1132",2003-02-05,-5.1677393913269,48.1556283354368,15.9375
"1133",2003-02-06,-4.8927001953125,48.1556283354368,15.9375
"1134",2003-02-07,-3.57030034065247,48.1556283354368,15.9375
"1135",2003-02-08,-3.91110420227051,48.1556283354368,15.9375
"1136",2003-02-09,-6.57585906982422,48.1556283354368,15.9375
"1137",2003-02-10,-7.52062606811523,48.1556283354368,15.9375
"1138",2003-02-11,NA,48.1556283354368,15.9375
"1139",2003-02-12,-12.7032337188721,48.1556283354368,15.9375
"1140",2003-02-13,NA,48.1556283354368,15.9375
"1141",2003-02-14,-9.53578567504883,48.1556283354368,15.9375
"1142",2003-02-15,-6.75921249389648,48.1556283354368,15.9375
"1143",2003-02-16,-11.3986101150513,48.1556283354368,15.9375
"1144",2003-02-17,NA,48.1556283354368,15.9375
"1145",2003-02-18,NA,48.1556283354368,15.9375
"1146",2003-02-19,NA,48.1556283354368,15.9375
"1147",2003-02-20,NA,48.1556283354368,15.9375
"1148",2003-02-21,NA,48.1556283354368,15.9375
"1149",2003-02-22,-8.10752296447754,48.1556283354368,15.9375
"1150",2003-02-23,NA,48.1556283354368,15.9375
"1151",2003-02-24,-2.60539650917053,48.1556283354368,15.9375
"1152",2003-02-25,NA,48.1556283354368,15.9375
"1153",2003-02-26,NA,48.1556283354368,15.9375
"1154",2003-02-27,-1.77900946140289,48.1556283354368,15.9375
"1155",2003-02-28,NA,48.1556283354368,15.9375
"1156",2003-03-01,NA,48.1556283354368,15.9375
"1157",2003-03-02,-5.74033498764038,48.1556283354368,15.9375
"1158",2003-03-03,-11.3424968719482,48.1556283354368,15.9375
"1159",2003-03-04,NA,48.1556283354368,15.9375
"1160",2003-03-05,NA,48.1556283354368,15.9375
"1161",2003-03-06,-7.05731868743896,48.1556283354368,15.9375
"1162",2003-03-07,-8.74273204803467,48.1556283354368,15.9375
"1163",2003-03-08,-5.62987470626831,48.1556283354368,15.9375
"1164",2003-03-09,-3.02266335487366,48.1556283354368,15.9375
"1165",2003-03-10,NA,48.1556283354368,15.9375
"1166",2003-03-11,-2.41304779052734,48.1556283354368,15.9375
"1167",2003-03-12,-1.93326640129089,48.1556283354368,15.9375
"1168",2003-03-13,-3.65922451019287,48.1556283354368,15.9375
"1169",2003-03-14,NA,48.1556283354368,15.9375
"1170",2003-03-15,-12.7268934249878,48.1556283354368,15.9375
"1171",2003-03-16,-10.8745489120483,48.1556283354368,15.9375
"1172",2003-03-17,NA,48.1556283354368,15.9375
"1173",2003-03-18,NA,48.1556283354368,15.9375
"1174",2003-03-19,NA,48.1556283354368,15.9375
"1175",2003-03-20,NA,48.1556283354368,15.9375
"1176",2003-03-21,NA,48.1556283354368,15.9375
"1177",2003-03-22,NA,48.1556283354368,15.9375
"1178",2003-03-23,NA,48.1556283354368,15.9375
"1179",2003-03-24,NA,48.1556283354368,15.9375
"1180",2003-03-25,NA,48.1556283354368,15.9375
"1181",2003-03-26,NA,48.1556283354368,15.9375
"1182",2003-03-27,NA,48.1556283354368,15.9375
"1183",2003-03-28,NA,48.1556283354368,15.9375
"1184",2003-03-29,NA,48.1556283354368,15.9375
"1185",2003-03-30,NA,48.1556283354368,15.9375
"1186",2003-03-31,-2.0549840927124,48.1556283354368,15.9375
"1187",2003-04-01,NA,48.1556283354368,15.9375
"1188",2003-04-02,-10.7690200805664,48.1556283354368,15.9375
"1189",2003-04-03,-10.5193252563477,48.1556283354368,15.9375
"1190",2003-04-04,-6.51358222961426,48.1556283354368,15.9375
"1191",2003-04-05,NA,48.1556283354368,15.9375
"1192",2003-04-06,-1.42822134494781,48.1556283354368,15.9375
"1193",2003-04-07,-1.64648330211639,48.1556283354368,15.9375
"1194",2003-04-08,NA,48.1556283354368,15.9375
"1195",2003-04-09,-4.14505767822266,48.1556283354368,15.9375
"1196",2003-04-10,-4.06612348556519,48.1556283354368,15.9375
"1197",2003-04-11,-3.12609910964966,48.1556283354368,15.9375
"1198",2003-04-12,-7.2372145652771,48.1556283354368,15.9375
"1199",2003-04-13,-6.61898040771484,48.1556283354368,15.9375
"1200",2003-04-14,-6.29942560195923,48.1556283354368,15.9375
"1201",2003-04-15,-3.09660172462463,48.1556283354368,15.9375
"1202",2003-04-16,NA,48.1556283354368,15.9375
"1203",2003-04-17,NA,48.1556283354368,15.9375
"1204",2003-04-18,0.00759465526789427,48.1556283354368,15.9375
"1205",2003-04-19,-2.105877161026,48.1556283354368,15.9375
"1206",2003-04-20,-0.43066880106926,48.1556283354368,15.9375
"1207",2003-04-21,-1.04329824447632,48.1556283354368,15.9375
"1208",2003-04-22,-1.54772102832794,48.1556283354368,15.9375
"1209",2003-04-23,NA,48.1556283354368,15.9375
"1210",2003-04-24,NA,48.1556283354368,15.9375
"1211",2003-04-25,NA,48.1556283354368,15.9375
"1212",2003-04-26,-1.74234008789062,48.1556283354368,15.9375
"1213",2003-04-27,-1.85526323318481,48.1556283354368,15.9375
"1214",2003-04-28,-0.713202357292175,48.1556283354368,15.9375
"1215",2003-04-29,-0.975613355636597,48.1556283354368,15.9375
"1216",2003-04-30,-0.482664704322815,48.1556283354368,15.9375
"1217",2003-05-01,NA,48.1556283354368,15.9375
"1218",2003-05-02,0.226138085126877,48.1556283354368,15.9375
"1219",2003-05-03,NA,48.1556283354368,15.9375
"1220",2003-05-04,NA,48.1556283354368,15.9375
"1221",2003-05-05,NA,48.1556283354368,15.9375
"1222",2003-05-06,NA,48.1556283354368,15.9375
"1223",2003-05-07,NA,48.1556283354368,15.9375
"1224",2003-05-08,NA,48.1556283354368,15.9375
"1225",2003-05-09,NA,48.1556283354368,15.9375
"1226",2003-05-10,NA,48.1556283354368,15.9375
"1227",2003-05-11,NA,48.1556283354368,15.9375
"1228",2003-05-12,NA,48.1556283354368,15.9375
"1229",2003-05-13,NA,48.1556283354368,15.9375
"1230",2003-05-14,-1.28445196151733,48.1556283354368,15.9375
"1231",2003-05-15,NA,48.1556283354368,15.9375
"1232",2003-05-16,NA,48.1556283354368,15.9375
"1233",2003-05-17,NA,48.1556283354368,15.9375
"1234",2003-05-18,NA,48.1556283354368,15.9375
"1235",2003-05-19,NA,48.1556283354368,15.9375
"1236",2003-05-20,-7.32834386825562,48.1556283354368,15.9375
"1237",2003-05-21,-10.8492851257324,48.1556283354368,15.9375
"1238",2003-05-22,-4.43793869018555,48.1556283354368,15.9375
"1239",2003-05-23,-3.07926154136658,48.1556283354368,15.9375
"1240",2003-05-24,NA,48.1556283354368,15.9375
"1241",2003-05-25,-0.840108394622803,48.1556283354368,15.9375
"1242",2003-05-26,NA,48.1556283354368,15.9375
"1243",2003-05-27,NA,48.1556283354368,15.9375
"1244",2003-05-28,NA,48.1556283354368,15.9375
"1245",2003-05-29,-3.16674995422363,48.1556283354368,15.9375
"1246",2003-05-30,NA,48.1556283354368,15.9375
"1247",2003-05-31,-2.71712589263916,48.1556283354368,15.9375
"1248",2003-06-01,-4.38023853302002,48.1556283354368,15.9375
"1249",2003-06-02,-7.20492267608643,48.1556283354368,15.9375
"1250",2003-06-03,-8.24503040313721,48.1556283354368,15.9375
"1251",2003-06-04,NA,48.1556283354368,15.9375
"1252",2003-06-05,NA,48.1556283354368,15.9375
"1253",2003-06-06,-5.7029972076416,48.1556283354368,15.9375
"1254",2003-06-07,-8.72468185424805,48.1556283354368,15.9375
"1255",2003-06-08,NA,48.1556283354368,15.9375
"1256",2003-06-09,NA,48.1556283354368,15.9375
"1257",2003-06-10,NA,48.1556283354368,15.9375
"1258",2003-06-11,NA,48.1556283354368,15.9375
"1259",2003-06-12,NA,48.1556283354368,15.9375
"1260",2003-06-13,NA,48.1556283354368,15.9375
"1261",2003-06-14,-5.56251430511475,48.1556283354368,15.9375
"1262",2003-06-15,-4.77169990539551,48.1556283354368,15.9375
"1263",2003-06-16,-3.79468750953674,48.1556283354368,15.9375
"1264",2003-06-17,-0.855304360389709,48.1556283354368,15.9375
"1265",2003-06-18,-3.72301077842712,48.1556283354368,15.9375
"1266",2003-06-19,-3.43646097183228,48.1556283354368,15.9375
"1267",2003-06-20,-1.90618646144867,48.1556283354368,15.9375
"1268",2003-06-21,-2.34353733062744,48.1556283354368,15.9375
"1269",2003-06-22,NA,48.1556283354368,15.9375
"1270",2003-06-23,NA,48.1556283354368,15.9375
"1271",2003-06-24,-3.08777475357056,48.1556283354368,15.9375
"1272",2003-06-25,NA,48.1556283354368,15.9375
"1273",2003-06-26,-3.55137729644775,48.1556283354368,15.9375
"1274",2003-06-27,NA,48.1556283354368,15.9375
"1275",2003-06-28,-4.48216390609741,48.1556283354368,15.9375
"1276",2003-06-29,-5.17658615112305,48.1556283354368,15.9375
"1277",2003-06-30,NA,48.1556283354368,15.9375
"1278",2003-07-01,-1.72711670398712,48.1556283354368,15.9375
"1279",2003-07-02,-1.86813127994537,48.1556283354368,15.9375
"1280",2003-07-03,-3.2656466960907,48.1556283354368,15.9375
"1281",2003-07-04,-6.14866304397583,48.1556283354368,15.9375
"1282",2003-07-05,-4.68612480163574,48.1556283354368,15.9375
"1283",2003-07-06,-4.97516393661499,48.1556283354368,15.9375
"1284",2003-07-07,-5.01940155029297,48.1556283354368,15.9375
"1285",2003-07-08,-5.01549005508423,48.1556283354368,15.9375
"1286",2003-07-09,-4.27567434310913,48.1556283354368,15.9375
"1287",2003-07-10,-4.45175743103027,48.1556283354368,15.9375
"1288",2003-07-11,-2.54303812980652,48.1556283354368,15.9375
"1289",2003-07-12,NA,48.1556283354368,15.9375
"1290",2003-07-13,-4.40760660171509,48.1556283354368,15.9375
"1291",2003-07-14,NA,48.1556283354368,15.9375
"1292",2003-07-15,NA,48.1556283354368,15.9375
"1293",2003-07-16,NA,48.1556283354368,15.9375
"1294",2003-07-17,-2.22310757637024,48.1556283354368,15.9375
"1295",2003-07-18,NA,48.1556283354368,15.9375
"1296",2003-07-19,NA,48.1556283354368,15.9375
"1297",2003-07-20,NA,48.1556283354368,15.9375
"1298",2003-07-21,NA,48.1556283354368,15.9375
"1299",2003-07-22,NA,48.1556283354368,15.9375
"1300",2003-07-23,NA,48.1556283354368,15.9375
"1301",2003-07-24,NA,48.1556283354368,15.9375
"1302",2003-07-25,NA,48.1556283354368,15.9375
"1303",2003-07-26,NA,48.1556283354368,15.9375
"1304",2003-07-27,NA,48.1556283354368,15.9375
"1305",2003-07-28,-1.72085452079773,48.1556283354368,15.9375
"1306",2003-07-29,-7.51323890686035,48.1556283354368,15.9375
"1307",2003-07-30,NA,48.1556283354368,15.9375
"1308",2003-07-31,-3.87397813796997,48.1556283354368,15.9375
"1309",2003-08-01,-2.70672988891602,48.1556283354368,15.9375
"1310",2003-08-02,NA,48.1556283354368,15.9375
"1311",2003-08-03,NA,48.1556283354368,15.9375
"1312",2003-08-04,NA,48.1556283354368,15.9375
"1313",2003-08-05,NA,48.1556283354368,15.9375
"1314",2003-08-06,-2.64288020133972,48.1556283354368,15.9375
"1315",2003-08-07,-0.417342960834503,48.1556283354368,15.9375
"1316",2003-08-08,NA,48.1556283354368,15.9375
"1317",2003-08-09,NA,48.1556283354368,15.9375
"1318",2003-08-10,NA,48.1556283354368,15.9375
"1319",2003-08-11,NA,48.1556283354368,15.9375
"1320",2003-08-12,NA,48.1556283354368,15.9375
"1321",2003-08-13,NA,48.1556283354368,15.9375
"1322",2003-08-14,-1.37826025485992,48.1556283354368,15.9375
"1323",2003-08-15,-1.44958925247192,48.1556283354368,15.9375
"1324",2003-08-16,NA,48.1556283354368,15.9375
"1325",2003-08-17,NA,48.1556283354368,15.9375
"1326",2003-08-18,0.551022231578827,48.1556283354368,15.9375
"1327",2003-08-19,NA,48.1556283354368,15.9375
"1328",2003-08-20,NA,48.1556283354368,15.9375
"1329",2003-08-21,NA,48.1556283354368,15.9375
"1330",2003-08-22,NA,48.1556283354368,15.9375
"1331",2003-08-23,NA,48.1556283354368,15.9375
"1332",2003-08-24,NA,48.1556283354368,15.9375
"1333",2003-08-25,NA,48.1556283354368,15.9375
"1334",2003-08-26,NA,48.1556283354368,15.9375
"1335",2003-08-27,-2.01258492469788,48.1556283354368,15.9375
"1336",2003-08-28,-0.710239708423615,48.1556283354368,15.9375
"1337",2003-08-29,0.94027978181839,48.1556283354368,15.9375
"1338",2003-08-30,0.250768661499023,48.1556283354368,15.9375
"1339",2003-08-31,-2.37444567680359,48.1556283354368,15.9375
"1340",2003-09-01,NA,48.1556283354368,15.9375
"1341",2003-09-02,NA,48.1556283354368,15.9375
"1342",2003-09-03,NA,48.1556283354368,15.9375
"1343",2003-09-04,NA,48.1556283354368,15.9375
"1344",2003-09-05,NA,48.1556283354368,15.9375
"1345",2003-09-06,NA,48.1556283354368,15.9375
"1346",2003-09-07,NA,48.1556283354368,15.9375
"1347",2003-09-08,-4.07578659057617,48.1556283354368,15.9375
"1348",2003-09-09,-5.30912971496582,48.1556283354368,15.9375
"1349",2003-09-10,-9.71725845336914,48.1556283354368,15.9375
"1350",2003-09-11,-0.626803517341614,48.1556283354368,15.9375
"1351",2003-09-12,-3.71987819671631,48.1556283354368,15.9375
"1352",2003-09-13,-4.43802642822266,48.1556283354368,15.9375
"1353",2003-09-14,-5.4764928817749,48.1556283354368,15.9375
"1354",2003-09-15,-4.82733106613159,48.1556283354368,15.9375
"1355",2003-09-16,NA,48.1556283354368,15.9375
"1356",2003-09-17,NA,48.1556283354368,15.9375
"1357",2003-09-18,NA,48.1556283354368,15.9375
"1358",2003-09-19,NA,48.1556283354368,15.9375
"1359",2003-09-20,NA,48.1556283354368,15.9375
"1360",2003-09-21,NA,48.1556283354368,15.9375
"1361",2003-09-22,NA,48.1556283354368,15.9375
"1362",2003-09-23,-4.32469654083252,48.1556283354368,15.9375
"1363",2003-09-24,-7.84368562698364,48.1556283354368,15.9375
"1364",2003-09-25,NA,48.1556283354368,15.9375
"1365",2003-09-26,NA,48.1556283354368,15.9375
"1366",2003-09-27,NA,48.1556283354368,15.9375
"1367",2003-09-28,-1.50107264518738,48.1556283354368,15.9375
"1368",2003-09-29,-6.47534894943237,48.1556283354368,15.9375
"1369",2003-09-30,-3.9470202922821,48.1556283354368,15.9375
"1370",2003-10-01,NA,48.1556283354368,15.9375
"1371",2003-10-02,NA,48.1556283354368,15.9375
"1372",2003-10-03,NA,48.1556283354368,15.9375
"1373",2003-10-04,-1.37632477283478,48.1556283354368,15.9375
"1374",2003-10-05,-14.5906639099121,48.1556283354368,15.9375
"1375",2003-10-06,-18.9977149963379,48.1556283354368,15.9375
"1376",2003-10-07,-3.9492769241333,48.1556283354368,15.9375
"1377",2003-10-08,-3.61268782615662,48.1556283354368,15.9375
"1378",2003-10-09,NA,48.1556283354368,15.9375
"1379",2003-10-10,NA,48.1556283354368,15.9375
"1380",2003-10-11,NA,48.1556283354368,15.9375
"1381",2003-10-12,NA,48.1556283354368,15.9375
"1382",2003-10-13,-3.00770020484924,48.1556283354368,15.9375
"1383",2003-10-14,-3.16040277481079,48.1556283354368,15.9375
"1384",2003-10-15,NA,48.1556283354368,15.9375
"1385",2003-10-16,NA,48.1556283354368,15.9375
"1386",2003-10-17,NA,48.1556283354368,15.9375
"1387",2003-10-18,-12.2296743392944,48.1556283354368,15.9375
"1388",2003-10-19,-8.74980545043945,48.1556283354368,15.9375
"1389",2003-10-20,-6.76799726486206,48.1556283354368,15.9375
"1390",2003-10-21,-3.83442044258118,48.1556283354368,15.9375
"1391",2003-10-22,-4.48122930526733,48.1556283354368,15.9375
"1392",2003-10-23,-6.34790945053101,48.1556283354368,15.9375
"1393",2003-10-24,-9.96920776367188,48.1556283354368,15.9375
"1394",2003-10-25,NA,48.1556283354368,15.9375
"1395",2003-10-26,-5.84578084945679,48.1556283354368,15.9375
"1396",2003-10-27,-6.46250486373901,48.1556283354368,15.9375
"1397",2003-10-28,NA,48.1556283354368,15.9375
"1398",2003-10-29,-7.37889528274536,48.1556283354368,15.9375
"1399",2003-10-30,-9.43208599090576,48.1556283354368,15.9375
"1400",2003-10-31,-1.87096261978149,48.1556283354368,15.9375
"1401",2003-11-01,-4.46272277832031,48.1556283354368,15.9375
"1402",2003-11-02,-9.89675045013428,48.1556283354368,15.9375
"1403",2003-11-03,-4.4276876449585,48.1556283354368,15.9375
"1404",2003-11-04,-6.93351793289185,48.1556283354368,15.9375
"1405",2003-11-05,NA,48.1556283354368,15.9375
"1406",2003-11-06,NA,48.1556283354368,15.9375
"1407",2003-11-07,-4.82440185546875,48.1556283354368,15.9375
"1408",2003-11-08,-3.73648571968079,48.1556283354368,15.9375
"1409",2003-11-09,-2.63831758499146,48.1556283354368,15.9375
"1410",2003-11-10,-3.92030763626099,48.1556283354368,15.9375
"1411",2003-11-11,-7.8878288269043,48.1556283354368,15.9375
"1412",2003-11-12,-5.4765887260437,48.1556283354368,15.9375
"1413",2003-11-13,-5.45236349105835,48.1556283354368,15.9375
"1414",2003-11-14,-5.28282356262207,48.1556283354368,15.9375
"1415",2003-11-15,-3.42230486869812,48.1556283354368,15.9375
"1416",2003-11-16,-0.805609822273254,48.1556283354368,15.9375
"1417",2003-11-17,-2.64368057250977,48.1556283354368,15.9375
"1418",2003-11-18,NA,48.1556283354368,15.9375
"1419",2003-11-19,-3.22181963920593,48.1556283354368,15.9375
"1420",2003-11-20,-2.06624984741211,48.1556283354368,15.9375
"1421",2003-11-21,-2.86949062347412,48.1556283354368,15.9375
"1422",2003-11-22,-2.25989842414856,48.1556283354368,15.9375
"1423",2003-11-23,-1.61204946041107,48.1556283354368,15.9375
"1424",2003-11-24,-1.33671307563782,48.1556283354368,15.9375
"1425",2003-11-25,-1.50844883918762,48.1556283354368,15.9375
"1426",2003-11-26,-4.50383138656616,48.1556283354368,15.9375
"1427",2003-11-27,-6.6839337348938,48.1556283354368,15.9375
"1428",2003-11-28,-6.61955499649048,48.1556283354368,15.9375
"1429",2003-11-29,-4.59844970703125,48.1556283354368,15.9375
"1430",2003-11-30,-3.96652245521545,48.1556283354368,15.9375
"1431",2003-12-01,-4.15069913864136,48.1556283354368,15.9375
"1432",2003-12-02,NA,48.1556283354368,15.9375
"1433",2003-12-03,-2.50269865989685,48.1556283354368,15.9375
"1434",2003-12-04,NA,48.1556283354368,15.9375
"1435",2003-12-05,-2.44528007507324,48.1556283354368,15.9375
"1436",2003-12-06,-3.17234516143799,48.1556283354368,15.9375
"1437",2003-12-07,-4.19639348983765,48.1556283354368,15.9375
"1438",2003-12-08,NA,48.1556283354368,15.9375
"1439",2003-12-09,NA,48.1556283354368,15.9375
"1440",2003-12-10,-3.04134726524353,48.1556283354368,15.9375
"1441",2003-12-11,-2.62705779075623,48.1556283354368,15.9375
"1442",2003-12-12,-3.31699919700623,48.1556283354368,15.9375
"1443",2003-12-13,-5.3334698677063,48.1556283354368,15.9375
"1444",2003-12-14,-4.15917491912842,48.1556283354368,15.9375
"1445",2003-12-15,-6.42757749557495,48.1556283354368,15.9375
"1446",2003-12-16,-8.95768642425537,48.1556283354368,15.9375
"1447",2003-12-17,NA,48.1556283354368,15.9375
"1448",2003-12-18,NA,48.1556283354368,15.9375
"1449",2003-12-19,NA,48.1556283354368,15.9375
"1450",2003-12-20,-2.30990409851074,48.1556283354368,15.9375
"1451",2003-12-21,-2.61373424530029,48.1556283354368,15.9375
"1452",2003-12-22,-8.35039138793945,48.1556283354368,15.9375
"1453",2003-12-23,NA,48.1556283354368,15.9375
"1454",2003-12-24,NA,48.1556283354368,15.9375
"1455",2003-12-25,-3.29907774925232,48.1556283354368,15.9375
"1456",2003-12-26,NA,48.1556283354368,15.9375
"1457",2003-12-27,-2.13924884796143,48.1556283354368,15.9375
"1458",2003-12-28,-2.50828051567078,48.1556283354368,15.9375
"1459",2003-12-29,-3.38382935523987,48.1556283354368,15.9375
"1460",2003-12-30,-11.2583236694336,48.1556283354368,15.9375
"1461",2003-12-31,-6.37409973144531,48.1556283354368,15.9375
