,date,d of O18humidity,lat,lon
1,1/1/2000,0.004797351,48.15562834,15.9375
2,1/2/2000,0.005159955,48.15562834,15.9375
3,1/3/2000,0.004566473,48.15562834,15.9375
4,1/4/2000,0.004608867,48.15562834,15.9375
5,1/5/2000,0.005270099,48.15562834,15.9375
6,1/6/2000,0.005218843,48.15562834,15.9375
7,1/7/2000,0.005294632,48.15562834,15.9375
8,1/8/2000,0.0054078,48.15562834,15.9375
9,1/9/2000,0.00553422,48.15562834,15.9375
10,1/10/2000,0.004355351,48.15562834,15.9375
11,1/11/2000,0.004127734,48.15562834,15.9375
12,1/12/2000,0.003973044,48.15562834,15.9375
13,1/13/2000,0.003780544,48.15562834,15.9375
14,1/14/2000,0.005298718,48.15562834,15.9375
15,1/15/2000,0.004897573,48.15562834,15.9375
16,1/16/2000,0.00380491,48.15562834,15.9375
17,1/17/2000,0.004412016,48.15562834,15.9375
18,1/18/2000,0.005323796,48.15562834,15.9375
19,1/19/2000,0.003755547,48.15562834,15.9375
20,1/20/2000,0.003976879,48.15562834,15.9375
21,1/21/2000,0.004746816,48.15562834,15.9375
22,1/22/2000,0.004764015,48.15562834,15.9375
23,1/23/2000,0.004097558,48.15562834,15.9375
24,1/24/2000,0.002765913,48.15562834,15.9375
25,1/25/2000,0.002221671,48.15562834,15.9375
26,1/26/2000,0.003496155,48.15562834,15.9375
27,1/27/2000,0.004282698,48.15562834,15.9375
28,1/28/2000,0.00437896,48.15562834,15.9375
29,1/29/2000,0.004878715,48.15562834,15.9375
30,1/30/2000,0.005781239,48.15562834,15.9375
31,1/31/2000,0.005627502,48.15562834,15.9375
32,2/1/2000,0.005677462,48.15562834,15.9375
33,2/2/2000,0.006522592,48.15562834,15.9375
34,2/3/2000,0.005352411,48.15562834,15.9375
35,2/4/2000,0.005054371,48.15562834,15.9375
36,2/5/2000,0.005744508,48.15562834,15.9375
37,2/6/2000,0.006162972,48.15562834,15.9375
38,2/7/2000,0.00635028,48.15562834,15.9375
39,2/8/2000,0.006599054,48.15562834,15.9375
40,2/9/2000,0.005022674,48.15562834,15.9375
41,2/10/2000,0.00446517,48.15562834,15.9375
42,2/11/2000,0.00501845,48.15562834,15.9375
43,2/12/2000,0.00495847,48.15562834,15.9375
44,2/13/2000,0.005134507,48.15562834,15.9375
45,2/14/2000,0.005245948,48.15562834,15.9375
46,2/15/2000,0.00560298,48.15562834,15.9375
47,2/16/2000,0.006300709,48.15562834,15.9375
48,2/17/2000,0.004008085,48.15562834,15.9375
49,2/18/2000,0.003532688,48.15562834,15.9375
50,2/19/2000,0.004819321,48.15562834,15.9375
51,2/20/2000,0.004208783,48.15562834,15.9375
52,2/21/2000,0.003416305,48.15562834,15.9375
53,2/22/2000,0.003238163,48.15562834,15.9375
54,2/23/2000,0.004550913,48.15562834,15.9375
55,2/24/2000,0.004736288,48.15562834,15.9375
56,2/25/2000,0.005538487,48.15562834,15.9375
57,2/26/2000,0.00599013,48.15562834,15.9375
58,2/27/2000,0.006203225,48.15562834,15.9375
59,2/28/2000,0.006437627,48.15562834,15.9375
60,2/29/2000,0.006633623,48.15562834,15.9375
61,3/1/2000,0.006667476,48.15562834,15.9375
62,3/2/2000,0.00447947,48.15562834,15.9375
63,3/3/2000,0.004406719,48.15562834,15.9375
64,3/4/2000,0.005826033,48.15562834,15.9375
65,3/5/2000,0.00311555,48.15562834,15.9375
66,3/6/2000,0.004074467,48.15562834,15.9375
67,3/7/2000,0.005170483,48.15562834,15.9375
68,3/8/2000,0.00542879,48.15562834,15.9375
69,3/9/2000,0.006203084,48.15562834,15.9375
70,3/10/2000,0.005366055,48.15562834,15.9375
71,3/11/2000,0.00613369,48.15562834,15.9375
72,3/12/2000,0.005359031,48.15562834,15.9375
73,3/13/2000,0.005653763,48.15562834,15.9375
74,3/14/2000,0.006625969,48.15562834,15.9375
75,3/15/2000,0.005764336,48.15562834,15.9375
76,3/16/2000,0.004067935,48.15562834,15.9375
77,3/17/2000,0.004758494,48.15562834,15.9375
78,3/18/2000,0.004979645,48.15562834,15.9375
79,3/19/2000,0.00470362,48.15562834,15.9375
80,3/20/2000,0.004324526,48.15562834,15.9375
81,3/21/2000,0.005128539,48.15562834,15.9375
82,3/22/2000,0.005274199,48.15562834,15.9375
83,3/23/2000,0.005529564,48.15562834,15.9375
84,3/24/2000,0.006272987,48.15562834,15.9375
85,3/25/2000,0.007197321,48.15562834,15.9375
86,3/26/2000,0.006845004,48.15562834,15.9375
87,3/27/2000,0.005871887,48.15562834,15.9375
88,3/28/2000,0.005828308,48.15562834,15.9375
89,3/29/2000,0.00676031,48.15562834,15.9375
90,3/30/2000,0.005467679,48.15562834,15.9375
91,3/31/2000,0.005504188,48.15562834,15.9375
92,4/1/2000,0.006861013,48.15562834,15.9375
93,4/2/2000,0.006705353,48.15562834,15.9375
94,4/3/2000,0.00745226,48.15562834,15.9375
95,4/4/2000,0.007911881,48.15562834,15.9375
96,4/5/2000,0.006978515,48.15562834,15.9375
97,4/6/2000,0.007047684,48.15562834,15.9375
98,4/7/2000,0.004640286,48.15562834,15.9375
99,4/8/2000,0.005744782,48.15562834,15.9375
100,4/9/2000,0.006459517,48.15562834,15.9375
101,4/10/2000,0.006682754,48.15562834,15.9375
102,4/11/2000,0.007652939,48.15562834,15.9375
103,4/12/2000,0.007226116,48.15562834,15.9375
104,4/13/2000,0.006963059,48.15562834,15.9375
105,4/14/2000,0.007870556,48.15562834,15.9375
106,4/15/2000,0.007860426,48.15562834,15.9375
107,4/16/2000,0.007491759,48.15562834,15.9375
108,4/17/2000,0.007289577,48.15562834,15.9375
109,4/18/2000,0.00725378,48.15562834,15.9375
110,4/19/2000,0.007819194,48.15562834,15.9375
111,4/20/2000,0.007772003,48.15562834,15.9375
112,4/21/2000,0.008214046,48.15562834,15.9375
113,4/22/2000,0.007919079,48.15562834,15.9375
114,4/23/2000,0.008313988,48.15562834,15.9375
115,4/24/2000,0.00817351,48.15562834,15.9375
116,4/25/2000,0.00765124,48.15562834,15.9375
117,4/26/2000,0.007529667,48.15562834,15.9375
118,4/27/2000,0.00767713,48.15562834,15.9375
119,4/28/2000,0.009157619,48.15562834,15.9375
120,4/29/2000,0.008554111,48.15562834,15.9375
121,4/30/2000,0.007919365,48.15562834,15.9375
122,5/1/2000,0.0084535,48.15562834,15.9375
123,5/2/2000,0.008747411,48.15562834,15.9375
124,5/3/2000,0.008888493,48.15562834,15.9375
125,5/4/2000,0.009438613,48.15562834,15.9375
126,5/5/2000,0.009970089,48.15562834,15.9375
127,5/6/2000,0.009707014,48.15562834,15.9375
128,5/7/2000,0.009255473,48.15562834,15.9375
129,5/8/2000,0.010254796,48.15562834,15.9375
130,5/9/2000,0.009804165,48.15562834,15.9375
131,5/10/2000,0.0089749,48.15562834,15.9375
132,5/11/2000,0.010096475,48.15562834,15.9375
133,5/12/2000,0.010763373,48.15562834,15.9375
134,5/13/2000,0.009913977,48.15562834,15.9375
135,5/14/2000,0.007709268,48.15562834,15.9375
136,5/15/2000,0.007353424,48.15562834,15.9375
137,5/16/2000,0.008428399,48.15562834,15.9375
138,5/17/2000,0.008251993,48.15562834,15.9375
139,5/18/2000,0.00884199,48.15562834,15.9375
140,5/19/2000,0.008728663,48.15562834,15.9375
141,5/20/2000,0.008484419,48.15562834,15.9375
142,5/21/2000,0.006950032,48.15562834,15.9375
143,5/22/2000,0.008806712,48.15562834,15.9375
144,5/23/2000,0.007426782,48.15562834,15.9375
145,5/24/2000,0.007696806,48.15562834,15.9375
146,5/25/2000,0.007892903,48.15562834,15.9375
147,5/26/2000,0.008682767,48.15562834,15.9375
148,5/27/2000,0.009678186,48.15562834,15.9375
149,5/28/2000,0.00963185,48.15562834,15.9375
150,5/29/2000,0.009392918,48.15562834,15.9375
151,5/30/2000,0.007053718,48.15562834,15.9375
152,5/31/2000,0.009554435,48.15562834,15.9375
153,6/1/2000,0.007601282,48.15562834,15.9375
154,6/2/2000,0.00807913,48.15562834,15.9375
155,6/3/2000,0.008636693,48.15562834,15.9375
156,6/4/2000,0.009984916,48.15562834,15.9375
157,6/5/2000,0.009563916,48.15562834,15.9375
158,6/6/2000,0.008229152,48.15562834,15.9375
159,6/7/2000,0.010013412,48.15562834,15.9375
160,6/8/2000,0.00827742,48.15562834,15.9375
161,6/9/2000,0.00911527,48.15562834,15.9375
162,6/10/2000,0.010019137,48.15562834,15.9375
163,6/11/2000,0.008950928,48.15562834,15.9375
164,6/12/2000,0.008894337,48.15562834,15.9375
165,6/13/2000,0.011804165,48.15562834,15.9375
166,6/14/2000,0.012463244,48.15562834,15.9375
167,6/15/2000,0.012487526,48.15562834,15.9375
168,6/16/2000,0.009636119,48.15562834,15.9375
169,6/17/2000,0.006775523,48.15562834,15.9375
170,6/18/2000,0.007285398,48.15562834,15.9375
171,6/19/2000,0.009429524,48.15562834,15.9375
172,6/20/2000,0.00858517,48.15562834,15.9375
173,6/21/2000,0.007712051,48.15562834,15.9375
174,6/22/2000,0.008470845,48.15562834,15.9375
175,6/23/2000,0.009436193,48.15562834,15.9375
176,6/24/2000,0.010214119,48.15562834,15.9375
177,6/25/2000,0.009531971,48.15562834,15.9375
178,6/26/2000,0.008025088,48.15562834,15.9375
179,6/27/2000,0.00893618,48.15562834,15.9375
180,6/28/2000,0.010639309,48.15562834,15.9375
181,6/29/2000,0.009812438,48.15562834,15.9375
182,6/30/2000,0.009993655,48.15562834,15.9375
183,7/1/2000,0.010338488,48.15562834,15.9375
184,7/2/2000,0.011100551,48.15562834,15.9375
185,7/3/2000,0.008688948,48.15562834,15.9375
186,7/4/2000,0.009444456,48.15562834,15.9375
187,7/5/2000,0.009871524,48.15562834,15.9375
188,7/6/2000,0.010180271,48.15562834,15.9375
189,7/7/2000,0.008790317,48.15562834,15.9375
190,7/8/2000,0.010244495,48.15562834,15.9375
191,7/9/2000,0.00781365,48.15562834,15.9375
192,7/10/2000,0.009455697,48.15562834,15.9375
193,7/11/2000,0.010562464,48.15562834,15.9375
194,7/12/2000,0.008024787,48.15562834,15.9375
195,7/13/2000,0.006668201,48.15562834,15.9375
196,7/14/2000,0.008658608,48.15562834,15.9375
197,7/15/2000,0.008590107,48.15562834,15.9375
198,7/16/2000,0.006694722,48.15562834,15.9375
199,7/17/2000,0.007967742,48.15562834,15.9375
200,7/18/2000,0.008016874,48.15562834,15.9375
201,7/19/2000,0.008716709,48.15562834,15.9375
202,7/20/2000,0.008253295,48.15562834,15.9375
203,7/21/2000,0.008999517,48.15562834,15.9375
204,7/22/2000,0.009290027,48.15562834,15.9375
205,7/23/2000,0.008816164,48.15562834,15.9375
206,7/24/2000,0.008935805,48.15562834,15.9375
207,7/25/2000,0.011816176,48.15562834,15.9375
208,7/26/2000,0.010315254,48.15562834,15.9375
209,7/27/2000,0.010284691,48.15562834,15.9375
210,7/28/2000,0.011165806,48.15562834,15.9375
211,7/29/2000,0.008704928,48.15562834,15.9375
212,7/30/2000,0.008696621,48.15562834,15.9375
213,7/31/2000,0.008885108,48.15562834,15.9375
214,8/1/2000,0.008861602,48.15562834,15.9375
215,8/2/2000,0.008624631,48.15562834,15.9375
216,8/3/2000,0.00847766,48.15562834,15.9375
217,8/4/2000,0.008343873,48.15562834,15.9375
218,8/5/2000,0.010684297,48.15562834,15.9375
219,8/6/2000,0.011598753,48.15562834,15.9375
220,8/7/2000,0.011470683,48.15562834,15.9375
221,8/8/2000,0.010664681,48.15562834,15.9375
222,8/9/2000,0.010512798,48.15562834,15.9375
223,8/10/2000,0.010601449,48.15562834,15.9375
224,8/11/2000,0.011214246,48.15562834,15.9375
225,8/12/2000,0.012746432,48.15562834,15.9375
226,8/13/2000,0.013152135,48.15562834,15.9375
227,8/14/2000,0.012766154,48.15562834,15.9375
228,8/15/2000,0.011515488,48.15562834,15.9375
229,8/16/2000,0.010103998,48.15562834,15.9375
230,8/17/2000,0.009835398,48.15562834,15.9375
231,8/18/2000,0.011735794,48.15562834,15.9375
232,8/19/2000,0.010315483,48.15562834,15.9375
233,8/20/2000,0.007528727,48.15562834,15.9375
234,8/21/2000,0.008063279,48.15562834,15.9375
235,8/22/2000,0.00837589,48.15562834,15.9375
236,8/23/2000,0.01065208,48.15562834,15.9375
237,8/24/2000,0.010251833,48.15562834,15.9375
238,8/25/2000,0.010363434,48.15562834,15.9375
239,8/26/2000,0.008410097,48.15562834,15.9375
240,8/27/2000,0.006943573,48.15562834,15.9375
241,8/28/2000,0.007975611,48.15562834,15.9375
242,8/29/2000,0.008651255,48.15562834,15.9375
243,8/30/2000,0.008584846,48.15562834,15.9375
244,8/31/2000,0.008390278,48.15562834,15.9375
245,9/1/2000,0.009055428,48.15562834,15.9375
246,9/2/2000,0.009699979,48.15562834,15.9375
247,9/3/2000,0.00858503,48.15562834,15.9375
248,9/4/2000,0.007312911,48.15562834,15.9375
249,9/5/2000,0.006159658,48.15562834,15.9375
250,9/6/2000,0.007079827,48.15562834,15.9375
251,9/7/2000,0.009117345,48.15562834,15.9375
252,9/8/2000,0.007586218,48.15562834,15.9375
253,9/9/2000,0.008416823,48.15562834,15.9375
254,9/10/2000,0.00799197,48.15562834,15.9375
255,9/11/2000,0.007749258,48.15562834,15.9375
256,9/12/2000,0.007784544,48.15562834,15.9375
257,9/13/2000,0.008236568,48.15562834,15.9375
258,9/14/2000,0.009633668,48.15562834,15.9375
259,9/15/2000,0.009398528,48.15562834,15.9375
260,9/16/2000,0.011030748,48.15562834,15.9375
261,9/17/2000,0.011657618,48.15562834,15.9375
262,9/18/2000,0.010161214,48.15562834,15.9375
263,9/19/2000,0.010394587,48.15562834,15.9375
264,9/20/2000,0.011584919,48.15562834,15.9375
265,9/21/2000,0.00972088,48.15562834,15.9375
266,9/22/2000,0.007978046,48.15562834,15.9375
267,9/23/2000,0.007487401,48.15562834,15.9375
268,9/24/2000,0.00716746,48.15562834,15.9375
269,9/25/2000,0.008986861,48.15562834,15.9375
270,9/26/2000,0.009843594,48.15562834,15.9375
271,9/27/2000,0.009358372,48.15562834,15.9375
272,9/28/2000,0.009959737,48.15562834,15.9375
273,9/29/2000,0.010659982,48.15562834,15.9375
274,9/30/2000,0.010382369,48.15562834,15.9375
275,10/1/2000,0.011085792,48.15562834,15.9375
276,10/2/2000,0.010241795,48.15562834,15.9375
277,10/3/2000,0.010484943,48.15562834,15.9375
278,10/4/2000,0.011205314,48.15562834,15.9375
279,10/5/2000,0.009931875,48.15562834,15.9375
280,10/6/2000,0.009761068,48.15562834,15.9375
281,10/7/2000,0.009588306,48.15562834,15.9375
282,10/8/2000,0.00858882,48.15562834,15.9375
283,10/9/2000,0.00879347,48.15562834,15.9375
284,10/10/2000,0.009711333,48.15562834,15.9375
285,10/11/2000,0.009900949,48.15562834,15.9375
286,10/12/2000,0.011589686,48.15562834,15.9375
287,10/13/2000,0.012595972,48.15562834,15.9375
288,10/14/2000,0.01243942,48.15562834,15.9375
289,10/15/2000,0.012277005,48.15562834,15.9375
290,10/16/2000,0.010474573,48.15562834,15.9375
291,10/17/2000,0.009458871,48.15562834,15.9375
292,10/18/2000,0.008495968,48.15562834,15.9375
293,10/19/2000,0.009214148,48.15562834,15.9375
294,10/20/2000,0.009563284,48.15562834,15.9375
295,10/21/2000,0.008529703,48.15562834,15.9375
296,10/22/2000,0.008433104,48.15562834,15.9375
297,10/23/2000,0.008287587,48.15562834,15.9375
298,10/24/2000,0.009814702,48.15562834,15.9375
299,10/25/2000,0.010263736,48.15562834,15.9375
300,10/26/2000,0.010394689,48.15562834,15.9375
301,10/27/2000,0.009582261,48.15562834,15.9375
302,10/28/2000,0.008209135,48.15562834,15.9375
303,10/29/2000,0.009821421,48.15562834,15.9375
304,10/30/2000,0.010396833,48.15562834,15.9375
305,10/31/2000,0.009886355,48.15562834,15.9375
306,11/1/2000,0.009216268,48.15562834,15.9375
307,11/2/2000,0.007872968,48.15562834,15.9375
308,11/3/2000,0.009414149,48.15562834,15.9375
309,11/4/2000,0.00777855,48.15562834,15.9375
310,11/5/2000,0.00650122,48.15562834,15.9375
311,11/6/2000,0.008511284,48.15562834,15.9375
312,11/7/2000,0.007602061,48.15562834,15.9375
313,11/8/2000,0.006504057,48.15562834,15.9375
314,11/9/2000,0.006377406,48.15562834,15.9375
315,11/10/2000,0.006422415,48.15562834,15.9375
316,11/11/2000,0.006569194,48.15562834,15.9375
317,11/12/2000,0.007400325,48.15562834,15.9375
318,11/13/2000,0.010406917,48.15562834,15.9375
319,11/14/2000,0.010249029,48.15562834,15.9375
320,11/15/2000,0.009524818,48.15562834,15.9375
321,11/16/2000,0.010264515,48.15562834,15.9375
322,11/17/2000,0.009645761,48.15562834,15.9375
323,11/18/2000,0.007109511,48.15562834,15.9375
324,11/19/2000,0.007462625,48.15562834,15.9375
325,11/20/2000,0.007747499,48.15562834,15.9375
326,11/21/2000,0.007819217,48.15562834,15.9375
327,11/22/2000,0.007321517,48.15562834,15.9375
328,11/23/2000,0.007883781,48.15562834,15.9375
329,11/24/2000,0.00861927,48.15562834,15.9375
330,11/25/2000,0.007598681,48.15562834,15.9375
331,11/26/2000,0.006530588,48.15562834,15.9375
332,11/27/2000,0.006071846,48.15562834,15.9375
333,11/28/2000,0.006127437,48.15562834,15.9375
334,11/29/2000,0.006464912,48.15562834,15.9375
335,11/30/2000,0.007451211,48.15562834,15.9375
336,12/1/2000,0.007314611,48.15562834,15.9375
337,12/2/2000,0.008102473,48.15562834,15.9375
338,12/3/2000,0.007963804,48.15562834,15.9375
339,12/4/2000,0.008191322,48.15562834,15.9375
340,12/5/2000,0.007256743,48.15562834,15.9375
341,12/6/2000,0.006567929,48.15562834,15.9375
342,12/7/2000,0.007150658,48.15562834,15.9375
343,12/8/2000,0.008861157,48.15562834,15.9375
344,12/9/2000,0.009585645,48.15562834,15.9375
345,12/10/2000,0.008259468,48.15562834,15.9375
346,12/11/2000,0.007205793,48.15562834,15.9375
347,12/12/2000,0.007478119,48.15562834,15.9375
348,12/13/2000,0.007930747,48.15562834,15.9375
349,12/14/2000,0.008186745,48.15562834,15.9375
350,12/15/2000,0.008086116,48.15562834,15.9375
351,12/16/2000,0.005761649,48.15562834,15.9375
352,12/17/2000,0.005645028,48.15562834,15.9375
353,12/18/2000,0.005667775,48.15562834,15.9375
354,12/19/2000,0.00643926,48.15562834,15.9375
355,12/20/2000,0.004681495,48.15562834,15.9375
356,12/21/2000,0.003263095,48.15562834,15.9375
357,12/22/2000,0.00298922,48.15562834,15.9375
358,12/23/2000,0.003774858,48.15562834,15.9375
359,12/24/2000,0.004551718,48.15562834,15.9375
360,12/25/2000,0.00761045,48.15562834,15.9375
361,12/26/2000,0.007079661,48.15562834,15.9375
362,12/27/2000,0.00740502,48.15562834,15.9375
363,12/28/2000,0.006810083,48.15562834,15.9375
364,12/29/2000,0.005850057,48.15562834,15.9375
365,12/30/2000,0.005117538,48.15562834,15.9375
366,12/31/2000,0.003945982,48.15562834,15.9375
367,1/1/2001,0.003756309,48.15562834,15.9375
368,1/2/2001,0.005942688,48.15562834,15.9375
369,1/3/2001,0.007520691,48.15562834,15.9375
370,1/4/2001,0.007015749,48.15562834,15.9375
371,1/5/2001,0.006579714,48.15562834,15.9375
372,1/6/2001,0.008962628,48.15562834,15.9375
373,1/7/2001,0.008830233,48.15562834,15.9375
374,1/8/2001,0.007183567,48.15562834,15.9375
375,1/9/2001,0.005314067,48.15562834,15.9375
376,1/10/2001,0.006439507,48.15562834,15.9375
377,1/11/2001,0.006954943,48.15562834,15.9375
378,1/12/2001,0.006003675,48.15562834,15.9375
379,1/13/2001,0.003386444,48.15562834,15.9375
380,1/14/2001,0.00312356,48.15562834,15.9375
381,1/15/2001,0.002955024,48.15562834,15.9375
382,1/16/2001,0.003380305,48.15562834,15.9375
383,1/17/2001,0.004738779,48.15562834,15.9375
384,1/18/2001,0.005849066,48.15562834,15.9375
385,1/19/2001,0.006088803,48.15562834,15.9375
386,1/20/2001,0.005379659,48.15562834,15.9375
387,1/21/2001,0.004826051,48.15562834,15.9375
388,1/22/2001,0.005287915,48.15562834,15.9375
389,1/23/2001,0.006802852,48.15562834,15.9375
390,1/24/2001,0.00758615,48.15562834,15.9375
391,1/25/2001,0.008712218,48.15562834,15.9375
392,1/26/2001,0.007643339,48.15562834,15.9375
393,1/27/2001,0.006654153,48.15562834,15.9375
394,1/28/2001,0.006083686,48.15562834,15.9375
395,1/29/2001,0.005580431,48.15562834,15.9375
396,1/30/2001,0.004356825,48.15562834,15.9375
397,1/31/2001,0.003886463,48.15562834,15.9375
398,2/1/2001,0.003335963,48.15562834,15.9375
399,2/2/2001,0.002980011,48.15562834,15.9375
400,2/3/2001,0.004617317,48.15562834,15.9375
401,2/4/2001,0.00569551,48.15562834,15.9375
402,2/5/2001,0.006948021,48.15562834,15.9375
403,2/6/2001,0.007021036,48.15562834,15.9375
404,2/7/2001,0.00755543,48.15562834,15.9375
405,2/8/2001,0.008061673,48.15562834,15.9375
406,2/9/2001,0.007571785,48.15562834,15.9375
407,2/10/2001,0.005886005,48.15562834,15.9375
408,2/11/2001,0.005565893,48.15562834,15.9375
409,2/12/2001,0.00526442,48.15562834,15.9375
410,2/13/2001,0.006738789,48.15562834,15.9375
411,2/14/2001,0.005193971,48.15562834,15.9375
412,2/15/2001,0.005274799,48.15562834,15.9375
413,2/16/2001,0.006195284,48.15562834,15.9375
414,2/17/2001,0.006120912,48.15562834,15.9375
415,2/18/2001,0.005243729,48.15562834,15.9375
416,2/19/2001,0.004661956,48.15562834,15.9375
417,2/20/2001,0.004798781,48.15562834,15.9375
418,2/21/2001,0.004608175,48.15562834,15.9375
419,2/22/2001,0.005373176,48.15562834,15.9375
420,2/23/2001,0.005185144,48.15562834,15.9375
421,2/24/2001,0.003429146,48.15562834,15.9375
422,2/25/2001,0.002498867,48.15562834,15.9375
423,2/26/2001,0.002337438,48.15562834,15.9375
424,2/27/2001,0.002270748,48.15562834,15.9375
425,2/28/2001,0.004609305,48.15562834,15.9375
426,3/1/2001,0.004651473,48.15562834,15.9375
427,3/2/2001,0.004887853,48.15562834,15.9375
428,3/3/2001,0.008276938,48.15562834,15.9375
429,3/4/2001,0.007919132,48.15562834,15.9375
430,3/5/2001,0.007593347,48.15562834,15.9375
431,3/6/2001,0.004913826,48.15562834,15.9375
432,3/7/2001,0.004955092,48.15562834,15.9375
433,3/8/2001,0.006782865,48.15562834,15.9375
434,3/9/2001,0.0079061,48.15562834,15.9375
435,3/10/2001,0.0073311,48.15562834,15.9375
436,3/11/2001,0.006890529,48.15562834,15.9375
437,3/12/2001,0.007861479,48.15562834,15.9375
438,3/13/2001,0.007849378,48.15562834,15.9375
439,3/14/2001,0.006379423,48.15562834,15.9375
440,3/15/2001,0.006681653,48.15562834,15.9375
441,3/16/2001,0.007765315,48.15562834,15.9375
442,3/17/2001,0.00771535,48.15562834,15.9375
443,3/18/2001,0.007265239,48.15562834,15.9375
444,3/19/2001,0.007026486,48.15562834,15.9375
445,3/20/2001,0.006046649,48.15562834,15.9375
446,3/21/2001,0.008067212,48.15562834,15.9375
447,3/22/2001,0.007971916,48.15562834,15.9375
448,3/23/2001,0.006638835,48.15562834,15.9375
449,3/24/2001,0.008138466,48.15562834,15.9375
450,3/25/2001,0.007327714,48.15562834,15.9375
451,3/26/2001,0.006608435,48.15562834,15.9375
452,3/27/2001,0.006700242,48.15562834,15.9375
453,3/28/2001,0.005696557,48.15562834,15.9375
454,3/29/2001,0.006665136,48.15562834,15.9375
455,3/30/2001,0.006981737,48.15562834,15.9375
456,3/31/2001,0.006179988,48.15562834,15.9375
457,4/1/2001,0.005776379,48.15562834,15.9375
458,4/2/2001,0.005826048,48.15562834,15.9375
459,4/3/2001,0.006740707,48.15562834,15.9375
460,4/4/2001,0.007052354,48.15562834,15.9375
461,4/5/2001,0.006707278,48.15562834,15.9375
462,4/6/2001,0.006090127,48.15562834,15.9375
463,4/7/2001,0.008132427,48.15562834,15.9375
464,4/8/2001,0.006802939,48.15562834,15.9375
465,4/9/2001,0.005365911,48.15562834,15.9375
466,4/10/2001,0.006856847,48.15562834,15.9375
467,4/11/2001,0.007179286,48.15562834,15.9375
468,4/12/2001,0.007123064,48.15562834,15.9375
469,4/13/2001,0.005220694,48.15562834,15.9375
470,4/14/2001,0.00317818,48.15562834,15.9375
471,4/15/2001,0.004573144,48.15562834,15.9375
472,4/16/2001,0.006428943,48.15562834,15.9375
473,4/17/2001,0.004959894,48.15562834,15.9375
474,4/18/2001,0.005528023,48.15562834,15.9375
475,4/19/2001,0.006465127,48.15562834,15.9375
476,4/20/2001,0.006629111,48.15562834,15.9375
477,4/21/2001,0.005680327,48.15562834,15.9375
478,4/22/2001,0.004866895,48.15562834,15.9375
479,4/23/2001,0.005925912,48.15562834,15.9375
480,4/24/2001,0.006935859,48.15562834,15.9375
481,4/25/2001,0.008519467,48.15562834,15.9375
482,4/26/2001,0.008656816,48.15562834,15.9375
483,4/27/2001,0.006927834,48.15562834,15.9375
484,4/28/2001,0.007956438,48.15562834,15.9375
485,4/29/2001,0.008810383,48.15562834,15.9375
486,4/30/2001,0.00921711,48.15562834,15.9375
487,5/1/2001,0.008740984,48.15562834,15.9375
488,5/2/2001,0.008331628,48.15562834,15.9375
489,5/3/2001,0.008695384,48.15562834,15.9375
490,5/4/2001,0.008257206,48.15562834,15.9375
491,5/5/2001,0.008116148,48.15562834,15.9375
492,5/6/2001,0.008537636,48.15562834,15.9375
493,5/7/2001,0.008964802,48.15562834,15.9375
494,5/8/2001,0.008922703,48.15562834,15.9375
495,5/9/2001,0.009551769,48.15562834,15.9375
496,5/10/2001,0.009522168,48.15562834,15.9375
497,5/11/2001,0.009255212,48.15562834,15.9375
498,5/12/2001,0.009394489,48.15562834,15.9375
499,5/13/2001,0.007764221,48.15562834,15.9375
500,5/14/2001,0.009121506,48.15562834,15.9375
501,5/15/2001,0.009926304,48.15562834,15.9375
502,5/16/2001,0.010401214,48.15562834,15.9375
503,5/17/2001,0.011006257,48.15562834,15.9375
504,5/18/2001,0.010989783,48.15562834,15.9375
505,5/19/2001,0.00715086,48.15562834,15.9375
506,5/20/2001,0.00808023,48.15562834,15.9375
507,5/21/2001,0.009388332,48.15562834,15.9375
508,5/22/2001,0.010577028,48.15562834,15.9375
509,5/23/2001,0.009347877,48.15562834,15.9375
510,5/24/2001,0.007861342,48.15562834,15.9375
511,5/25/2001,0.010387877,48.15562834,15.9375
512,5/26/2001,0.009679724,48.15562834,15.9375
513,5/27/2001,0.009873321,48.15562834,15.9375
514,5/28/2001,0.011837716,48.15562834,15.9375
515,5/29/2001,0.012582937,48.15562834,15.9375
516,5/30/2001,0.01334794,48.15562834,15.9375
517,5/31/2001,0.01302876,48.15562834,15.9375
518,6/1/2001,0.010458663,48.15562834,15.9375
519,6/2/2001,0.008481584,48.15562834,15.9375
520,6/3/2001,0.008215231,48.15562834,15.9375
521,6/4/2001,0.006092241,48.15562834,15.9375
522,6/5/2001,0.008374823,48.15562834,15.9375
523,6/6/2001,0.009785892,48.15562834,15.9375
524,6/7/2001,0.009658736,48.15562834,15.9375
525,6/8/2001,0.010678683,48.15562834,15.9375
526,6/9/2001,0.010519715,48.15562834,15.9375
527,6/10/2001,0.011088371,48.15562834,15.9375
528,6/11/2001,0.010215649,48.15562834,15.9375
529,6/12/2001,0.006589346,48.15562834,15.9375
530,6/13/2001,0.008431706,48.15562834,15.9375
531,6/14/2001,0.009128911,48.15562834,15.9375
532,6/15/2001,0.010520798,48.15562834,15.9375
533,6/16/2001,0.010187683,48.15562834,15.9375
534,6/17/2001,0.010066144,48.15562834,15.9375
535,6/18/2001,0.008398145,48.15562834,15.9375
536,6/19/2001,0.008225815,48.15562834,15.9375
537,6/20/2001,0.008275116,48.15562834,15.9375
538,6/21/2001,0.009931729,48.15562834,15.9375
539,6/22/2001,0.010709986,48.15562834,15.9375
540,6/23/2001,0.010679995,48.15562834,15.9375
541,6/24/2001,0.010361698,48.15562834,15.9375
542,6/25/2001,0.010687155,48.15562834,15.9375
543,6/26/2001,0.010771544,48.15562834,15.9375
544,6/27/2001,0.011209166,48.15562834,15.9375
545,6/28/2001,0.010985874,48.15562834,15.9375
546,6/29/2001,0.010699688,48.15562834,15.9375
547,6/30/2001,0.011748081,48.15562834,15.9375
548,7/1/2001,0.011394678,48.15562834,15.9375
549,7/2/2001,0.008908154,48.15562834,15.9375
550,7/3/2001,0.009966211,48.15562834,15.9375
551,7/4/2001,0.009922712,48.15562834,15.9375
552,7/5/2001,0.011482421,48.15562834,15.9375
553,7/6/2001,0.011767758,48.15562834,15.9375
554,7/7/2001,0.011815812,48.15562834,15.9375
555,7/8/2001,0.010357223,48.15562834,15.9375
556,7/9/2001,0.010569061,48.15562834,15.9375
557,7/10/2001,0.010767774,48.15562834,15.9375
558,7/11/2001,0.010573739,48.15562834,15.9375
559,7/12/2001,0.011533032,48.15562834,15.9375
560,7/13/2001,0.012262695,48.15562834,15.9375
561,7/14/2001,0.012189658,48.15562834,15.9375
562,7/15/2001,0.011428688,48.15562834,15.9375
563,7/16/2001,0.011157425,48.15562834,15.9375
564,7/17/2001,0.00936131,48.15562834,15.9375
565,7/18/2001,0.010246894,48.15562834,15.9375
566,7/19/2001,0.012568241,48.15562834,15.9375
567,7/20/2001,0.010267333,48.15562834,15.9375
568,7/21/2001,0.009467181,48.15562834,15.9375
569,7/22/2001,0.01141971,48.15562834,15.9375
570,7/23/2001,0.011853712,48.15562834,15.9375
571,7/24/2001,0.013014426,48.15562834,15.9375
572,7/25/2001,0.012874188,48.15562834,15.9375
573,7/26/2001,0.013151826,48.15562834,15.9375
574,7/27/2001,0.013110023,48.15562834,15.9375
575,7/28/2001,0.013328948,48.15562834,15.9375
576,7/29/2001,0.013464067,48.15562834,15.9375
577,7/30/2001,0.012977746,48.15562834,15.9375
578,7/31/2001,0.012122666,48.15562834,15.9375
579,8/1/2001,0.01271425,48.15562834,15.9375
580,8/2/2001,0.011364388,48.15562834,15.9375
581,8/3/2001,0.011382562,48.15562834,15.9375
582,8/4/2001,0.009405934,48.15562834,15.9375
583,8/5/2001,0.011217769,48.15562834,15.9375
584,8/6/2001,0.010239867,48.15562834,15.9375
585,8/7/2001,0.010946574,48.15562834,15.9375
586,8/8/2001,0.010845403,48.15562834,15.9375
587,8/9/2001,0.012253519,48.15562834,15.9375
588,8/10/2001,0.012498187,48.15562834,15.9375
589,8/11/2001,0.009242904,48.15562834,15.9375
590,8/12/2001,0.008186593,48.15562834,15.9375
591,8/13/2001,0.00956229,48.15562834,15.9375
592,8/14/2001,0.010992486,48.15562834,15.9375
593,8/15/2001,0.011108941,48.15562834,15.9375
594,8/16/2001,0.010733701,48.15562834,15.9375
595,8/17/2001,0.012101129,48.15562834,15.9375
596,8/18/2001,0.010478715,48.15562834,15.9375
597,8/19/2001,0.009770429,48.15562834,15.9375
598,8/20/2001,0.009811861,48.15562834,15.9375
599,8/21/2001,0.01083849,48.15562834,15.9375
600,8/22/2001,0.011068342,48.15562834,15.9375
601,8/23/2001,0.011962048,48.15562834,15.9375
602,8/24/2001,0.01156076,48.15562834,15.9375
603,8/25/2001,0.01073939,48.15562834,15.9375
604,8/26/2001,0.010943899,48.15562834,15.9375
605,8/27/2001,0.011323698,48.15562834,15.9375
606,8/28/2001,0.012433289,48.15562834,15.9375
607,8/29/2001,0.010946765,48.15562834,15.9375
608,8/30/2001,0.007351996,48.15562834,15.9375
609,8/31/2001,0.009281359,48.15562834,15.9375
610,9/1/2001,0.010342607,48.15562834,15.9375
611,9/2/2001,0.00908297,48.15562834,15.9375
612,9/3/2001,0.010302085,48.15562834,15.9375
613,9/4/2001,0.010529469,48.15562834,15.9375
614,9/5/2001,0.008554092,48.15562834,15.9375
615,9/6/2001,0.008074754,48.15562834,15.9375
616,9/7/2001,0.007647448,48.15562834,15.9375
617,9/8/2001,0.009506826,48.15562834,15.9375
618,9/9/2001,0.008334977,48.15562834,15.9375
619,9/10/2001,0.006385806,48.15562834,15.9375
620,9/11/2001,0.006331285,48.15562834,15.9375
621,9/12/2001,0.006787266,48.15562834,15.9375
622,9/13/2001,0.007383456,48.15562834,15.9375
623,9/14/2001,0.009720982,48.15562834,15.9375
624,9/15/2001,0.0087529,48.15562834,15.9375
625,9/16/2001,0.008380608,48.15562834,15.9375
626,9/17/2001,0.006862806,48.15562834,15.9375
627,9/18/2001,0.006220242,48.15562834,15.9375
628,9/19/2001,0.007115138,48.15562834,15.9375
629,9/20/2001,0.008033269,48.15562834,15.9375
630,9/21/2001,0.009201692,48.15562834,15.9375
631,9/22/2001,0.009384814,48.15562834,15.9375
632,9/23/2001,0.01231171,48.15562834,15.9375
633,9/24/2001,0.012362658,48.15562834,15.9375
634,9/25/2001,0.010914201,48.15562834,15.9375
635,9/26/2001,0.009119829,48.15562834,15.9375
636,9/27/2001,0.009549349,48.15562834,15.9375
637,9/28/2001,0.010822771,48.15562834,15.9375
638,9/29/2001,0.011023686,48.15562834,15.9375
639,9/30/2001,0.012170607,48.15562834,15.9375
640,10/1/2001,0.01150487,48.15562834,15.9375
641,10/2/2001,0.011719615,48.15562834,15.9375
642,10/3/2001,0.011029366,48.15562834,15.9375
643,10/4/2001,0.011537713,48.15562834,15.9375
644,10/5/2001,0.012393968,48.15562834,15.9375
645,10/6/2001,0.012368278,48.15562834,15.9375
646,10/7/2001,0.012725427,48.15562834,15.9375
647,10/8/2001,0.012986506,48.15562834,15.9375
648,10/9/2001,0.011948971,48.15562834,15.9375
649,10/10/2001,0.011722257,48.15562834,15.9375
650,10/11/2001,0.01050732,48.15562834,15.9375
651,10/12/2001,0.01118224,48.15562834,15.9375
652,10/13/2001,0.0111426,48.15562834,15.9375
653,10/14/2001,0.010465551,48.15562834,15.9375
654,10/15/2001,0.010021626,48.15562834,15.9375
655,10/16/2001,0.010248902,48.15562834,15.9375
656,10/17/2001,0.009855795,48.15562834,15.9375
657,10/18/2001,0.010058343,48.15562834,15.9375
658,10/19/2001,0.010460516,48.15562834,15.9375
659,10/20/2001,0.010801963,48.15562834,15.9375
660,10/21/2001,0.01127357,48.15562834,15.9375
661,10/22/2001,0.009361343,48.15562834,15.9375
662,10/23/2001,0.008875994,48.15562834,15.9375
663,10/24/2001,0.009580011,48.15562834,15.9375
664,10/25/2001,0.008425838,48.15562834,15.9375
665,10/26/2001,0.007245297,48.15562834,15.9375
666,10/27/2001,0.008262989,48.15562834,15.9375
667,10/28/2001,0.009240923,48.15562834,15.9375
668,10/29/2001,0.009917205,48.15562834,15.9375
669,10/30/2001,0.009871456,48.15562834,15.9375
670,10/31/2001,0.010112759,48.15562834,15.9375
671,11/1/2001,0.00753354,48.15562834,15.9375
672,11/2/2001,0.005297658,48.15562834,15.9375
673,11/3/2001,0.005736554,48.15562834,15.9375
674,11/4/2001,0.007099141,48.15562834,15.9375
675,11/5/2001,0.007609379,48.15562834,15.9375
676,11/6/2001,0.005986178,48.15562834,15.9375
677,11/7/2001,0.007358591,48.15562834,15.9375
678,11/8/2001,0.00757501,48.15562834,15.9375
679,11/9/2001,0.005896456,48.15562834,15.9375
680,11/10/2001,0.004048471,48.15562834,15.9375
681,11/11/2001,0.006129354,48.15562834,15.9375
682,11/12/2001,0.008892298,48.15562834,15.9375
683,11/13/2001,0.0066509,48.15562834,15.9375
684,11/14/2001,0.004279017,48.15562834,15.9375
685,11/15/2001,0.00412106,48.15562834,15.9375
686,11/16/2001,0.006024458,48.15562834,15.9375
687,11/17/2001,0.005393085,48.15562834,15.9375
688,11/18/2001,0.006546761,48.15562834,15.9375
689,11/19/2001,0.006396929,48.15562834,15.9375
690,11/20/2001,0.005506434,48.15562834,15.9375
691,11/21/2001,0.006300425,48.15562834,15.9375
692,11/22/2001,0.006291028,48.15562834,15.9375
693,11/23/2001,0.004123531,48.15562834,15.9375
694,11/24/2001,0.004048982,48.15562834,15.9375
695,11/25/2001,0.005480451,48.15562834,15.9375
696,11/26/2001,0.006627125,48.15562834,15.9375
697,11/27/2001,0.007241727,48.15562834,15.9375
698,11/28/2001,0.006855495,48.15562834,15.9375
699,11/29/2001,0.005749976,48.15562834,15.9375
700,11/30/2001,0.00623349,48.15562834,15.9375
701,12/1/2001,0.004868768,48.15562834,15.9375
702,12/2/2001,0.004566337,48.15562834,15.9375
703,12/3/2001,0.004954651,48.15562834,15.9375
704,12/4/2001,0.005140349,48.15562834,15.9375
705,12/5/2001,0.006190542,48.15562834,15.9375
706,12/6/2001,0.006364257,48.15562834,15.9375
707,12/7/2001,0.004995567,48.15562834,15.9375
708,12/8/2001,0.00409265,48.15562834,15.9375
709,12/9/2001,0.003626664,48.15562834,15.9375
710,12/10/2001,0.003526147,48.15562834,15.9375
711,12/11/2001,0.0044257,48.15562834,15.9375
712,12/12/2001,0.00445666,48.15562834,15.9375
713,12/13/2001,0.003337158,48.15562834,15.9375
714,12/14/2001,0.00236354,48.15562834,15.9375
715,12/15/2001,0.002593341,48.15562834,15.9375
716,12/16/2001,0.002826614,48.15562834,15.9375
717,12/17/2001,0.003385253,48.15562834,15.9375
718,12/18/2001,0.003855933,48.15562834,15.9375
719,12/19/2001,0.004710699,48.15562834,15.9375
720,12/20/2001,0.004572044,48.15562834,15.9375
721,12/21/2001,0.003580097,48.15562834,15.9375
722,12/22/2001,0.004524851,48.15562834,15.9375
723,12/23/2001,0.003594004,48.15562834,15.9375
724,12/24/2001,0.001992286,48.15562834,15.9375
725,12/25/2001,0.003806664,48.15562834,15.9375
726,12/26/2001,0.005041791,48.15562834,15.9375
727,12/27/2001,0.003026933,48.15562834,15.9375
728,12/28/2001,0.004102514,48.15562834,15.9375
729,12/29/2001,0.006082928,48.15562834,15.9375
730,12/30/2001,0.005312621,48.15562834,15.9375
731,12/31/2001,0.003074362,48.15562834,15.9375
732,1/1/2002,0.003494394,48.15562834,15.9375
733,1/2/2002,0.004074201,48.15562834,15.9375
734,1/3/2002,0.003317204,48.15562834,15.9375
735,1/4/2002,0.003347326,48.15562834,15.9375
736,1/5/2002,0.004364172,48.15562834,15.9375
737,1/6/2002,0.004882573,48.15562834,15.9375
738,1/7/2002,0.004509571,48.15562834,15.9375
739,1/8/2002,0.005015708,48.15562834,15.9375
740,1/9/2002,0.005241466,48.15562834,15.9375
741,1/10/2002,0.005386705,48.15562834,15.9375
742,1/11/2002,0.005128476,48.15562834,15.9375
743,1/12/2002,0.004770536,48.15562834,15.9375
744,1/13/2002,0.004609433,48.15562834,15.9375
745,1/14/2002,0.003659856,48.15562834,15.9375
746,1/15/2002,0.003397267,48.15562834,15.9375
747,1/16/2002,0.003793385,48.15562834,15.9375
748,1/17/2002,0.004160433,48.15562834,15.9375
749,1/18/2002,0.003938034,48.15562834,15.9375
750,1/19/2002,0.004802065,48.15562834,15.9375
751,1/20/2002,0.005258803,48.15562834,15.9375
752,1/21/2002,0.005405574,48.15562834,15.9375
753,1/22/2002,0.006104172,48.15562834,15.9375
754,1/23/2002,0.006266588,48.15562834,15.9375
755,1/24/2002,0.007018361,48.15562834,15.9375
756,1/25/2002,0.005235291,48.15562834,15.9375
757,1/26/2002,0.006037394,48.15562834,15.9375
758,1/27/2002,0.006202647,48.15562834,15.9375
759,1/28/2002,0.006259394,48.15562834,15.9375
760,1/29/2002,0.005955542,48.15562834,15.9375
761,1/30/2002,0.006231565,48.15562834,15.9375
762,1/31/2002,0.006550428,48.15562834,15.9375
763,2/1/2002,0.006364466,48.15562834,15.9375
764,2/2/2002,0.005629205,48.15562834,15.9375
765,2/3/2002,0.006022412,48.15562834,15.9375
766,2/4/2002,0.005483732,48.15562834,15.9375
767,2/5/2002,0.005558523,48.15562834,15.9375
768,2/6/2002,0.006425397,48.15562834,15.9375
769,2/7/2002,0.006582615,48.15562834,15.9375
770,2/8/2002,0.005783787,48.15562834,15.9375
771,2/9/2002,0.006132359,48.15562834,15.9375
772,2/10/2002,0.005843864,48.15562834,15.9375
773,2/11/2002,0.005467905,48.15562834,15.9375
774,2/12/2002,0.006114905,48.15562834,15.9375
775,2/13/2002,0.006214575,48.15562834,15.9375
776,2/14/2002,0.006627189,48.15562834,15.9375
777,2/15/2002,0.004661078,48.15562834,15.9375
778,2/16/2002,0.004734932,48.15562834,15.9375
779,2/17/2002,0.005902418,48.15562834,15.9375
780,2/18/2002,0.005898875,48.15562834,15.9375
781,2/19/2002,0.005353169,48.15562834,15.9375
782,2/20/2002,0.005337582,48.15562834,15.9375
783,2/21/2002,0.005102224,48.15562834,15.9375
784,2/22/2002,0.003251025,48.15562834,15.9375
785,2/23/2002,0.005432517,48.15562834,15.9375
786,2/24/2002,0.004404583,48.15562834,15.9375
787,2/25/2002,0.004682497,48.15562834,15.9375
788,2/26/2002,0.005979862,48.15562834,15.9375
789,2/27/2002,0.006776257,48.15562834,15.9375
790,2/28/2002,0.006954624,48.15562834,15.9375
791,3/1/2002,0.007040338,48.15562834,15.9375
792,3/2/2002,0.00684753,48.15562834,15.9375
793,3/3/2002,0.006703052,48.15562834,15.9375
794,3/4/2002,0.006395181,48.15562834,15.9375
795,3/5/2002,0.006319565,48.15562834,15.9375
796,3/6/2002,0.006596083,48.15562834,15.9375
797,3/7/2002,0.006902027,48.15562834,15.9375
798,3/8/2002,0.006122343,48.15562834,15.9375
799,3/9/2002,0.005231178,48.15562834,15.9375
800,3/10/2002,0.00579626,48.15562834,15.9375
801,3/11/2002,0.004782958,48.15562834,15.9375
802,3/12/2002,0.003820047,48.15562834,15.9375
803,3/13/2002,0.003792542,48.15562834,15.9375
804,3/14/2002,0.005341302,48.15562834,15.9375
805,3/15/2002,0.006147809,48.15562834,15.9375
806,3/16/2002,0.005866337,48.15562834,15.9375
807,3/17/2002,0.005412349,48.15562834,15.9375
808,3/18/2002,0.005713249,48.15562834,15.9375
809,3/19/2002,0.006908824,48.15562834,15.9375
810,3/20/2002,0.00685635,48.15562834,15.9375
811,3/21/2002,0.006728464,48.15562834,15.9375
812,3/22/2002,0.005479043,48.15562834,15.9375
813,3/23/2002,0.003643595,48.15562834,15.9375
814,3/24/2002,0.002982872,48.15562834,15.9375
815,3/25/2002,0.003150742,48.15562834,15.9375
816,3/26/2002,0.003606188,48.15562834,15.9375
817,3/27/2002,0.003488409,48.15562834,15.9375
818,3/28/2002,0.003674952,48.15562834,15.9375
819,3/29/2002,0.004089864,48.15562834,15.9375
820,3/30/2002,0.004116406,48.15562834,15.9375
821,3/31/2002,0.003907333,48.15562834,15.9375
822,4/1/2002,0.004507371,48.15562834,15.9375
823,4/2/2002,0.004171682,48.15562834,15.9375
824,4/3/2002,0.005091234,48.15562834,15.9375
825,4/4/2002,0.005249283,48.15562834,15.9375
826,4/5/2002,0.004648229,48.15562834,15.9375
827,4/6/2002,0.005226592,48.15562834,15.9375
828,4/7/2002,0.004037245,48.15562834,15.9375
829,4/8/2002,0.005427497,48.15562834,15.9375
830,4/9/2002,0.005983936,48.15562834,15.9375
831,4/10/2002,0.005280731,48.15562834,15.9375
832,4/11/2002,0.006907999,48.15562834,15.9375
833,4/12/2002,0.008654053,48.15562834,15.9375
834,4/13/2002,0.008646552,48.15562834,15.9375
835,4/14/2002,0.006905383,48.15562834,15.9375
836,4/15/2002,0.007103937,48.15562834,15.9375
837,4/16/2002,0.00719499,48.15562834,15.9375
838,4/17/2002,0.007226686,48.15562834,15.9375
839,4/18/2002,0.006640484,48.15562834,15.9375
840,4/19/2002,0.007268769,48.15562834,15.9375
841,4/20/2002,0.00759773,48.15562834,15.9375
842,4/21/2002,0.007310681,48.15562834,15.9375
843,4/22/2002,0.007928173,48.15562834,15.9375
844,4/23/2002,0.007379953,48.15562834,15.9375
845,4/24/2002,0.007753266,48.15562834,15.9375
846,4/25/2002,0.00684629,48.15562834,15.9375
847,4/26/2002,0.008095433,48.15562834,15.9375
848,4/27/2002,0.008389261,48.15562834,15.9375
849,4/28/2002,0.007123225,48.15562834,15.9375
850,4/29/2002,0.008259001,48.15562834,15.9375
851,4/30/2002,0.008964441,48.15562834,15.9375
852,5/1/2002,0.008984854,48.15562834,15.9375
853,5/2/2002,0.009827441,48.15562834,15.9375
854,5/3/2002,0.009978196,48.15562834,15.9375
855,5/4/2002,0.009527553,48.15562834,15.9375
856,5/5/2002,0.008027688,48.15562834,15.9375
857,5/6/2002,0.00679768,48.15562834,15.9375
858,5/7/2002,0.008244522,48.15562834,15.9375
859,5/8/2002,0.008452198,48.15562834,15.9375
860,5/9/2002,0.008863136,48.15562834,15.9375
861,5/10/2002,0.009641278,48.15562834,15.9375
862,5/11/2002,0.009173173,48.15562834,15.9375
863,5/12/2002,0.008920179,48.15562834,15.9375
864,5/13/2002,0.009047465,48.15562834,15.9375
865,5/14/2002,0.009490705,48.15562834,15.9375
866,5/15/2002,0.009770857,48.15562834,15.9375
867,5/16/2002,0.010059805,48.15562834,15.9375
868,5/17/2002,0.010517434,48.15562834,15.9375
869,5/18/2002,0.009009707,48.15562834,15.9375
870,5/19/2002,0.01001974,48.15562834,15.9375
871,5/20/2002,0.010386029,48.15562834,15.9375
872,5/21/2002,0.010239245,48.15562834,15.9375
873,5/22/2002,0.011074919,48.15562834,15.9375
874,5/23/2002,0.011042822,48.15562834,15.9375
875,5/24/2002,0.010967916,48.15562834,15.9375
876,5/25/2002,0.011624082,48.15562834,15.9375
877,5/26/2002,0.009523597,48.15562834,15.9375
878,5/27/2002,0.00957319,48.15562834,15.9375
879,5/28/2002,0.008014592,48.15562834,15.9375
880,5/29/2002,0.008706348,48.15562834,15.9375
881,5/30/2002,0.009591447,48.15562834,15.9375
882,5/31/2002,0.010126913,48.15562834,15.9375
883,6/1/2002,0.01081322,48.15562834,15.9375
884,6/2/2002,0.010886773,48.15562834,15.9375
885,6/3/2002,0.009988557,48.15562834,15.9375
886,6/4/2002,0.011110978,48.15562834,15.9375
887,6/5/2002,0.011032118,48.15562834,15.9375
888,6/6/2002,0.011529023,48.15562834,15.9375
889,6/7/2002,0.009270509,48.15562834,15.9375
890,6/8/2002,0.009612896,48.15562834,15.9375
891,6/9/2002,0.00912337,48.15562834,15.9375
892,6/10/2002,0.009451551,48.15562834,15.9375
893,6/11/2002,0.009016234,48.15562834,15.9375
894,6/12/2002,0.009192302,48.15562834,15.9375
895,6/13/2002,0.009983738,48.15562834,15.9375
896,6/14/2002,0.011144354,48.15562834,15.9375
897,6/15/2002,0.012049356,48.15562834,15.9375
898,6/16/2002,0.012943993,48.15562834,15.9375
899,6/17/2002,0.012271479,48.15562834,15.9375
900,6/18/2002,0.011841176,48.15562834,15.9375
901,6/19/2002,0.011552823,48.15562834,15.9375
902,6/20/2002,0.011757259,48.15562834,15.9375
903,6/21/2002,0.012436424,48.15562834,15.9375
904,6/22/2002,0.012314813,48.15562834,15.9375
905,6/23/2002,0.010558213,48.15562834,15.9375
906,6/24/2002,0.010953601,48.15562834,15.9375
907,6/25/2002,0.011120913,48.15562834,15.9375
908,6/26/2002,0.008353784,48.15562834,15.9375
909,6/27/2002,0.009455554,48.15562834,15.9375
910,6/28/2002,0.011296717,48.15562834,15.9375
911,6/29/2002,0.007313924,48.15562834,15.9375
912,6/30/2002,0.007505864,48.15562834,15.9375
913,7/1/2002,0.009367597,48.15562834,15.9375
914,7/2/2002,0.012180489,48.15562834,15.9375
915,7/3/2002,0.011607141,48.15562834,15.9375
916,7/4/2002,0.010334671,48.15562834,15.9375
917,7/5/2002,0.007710194,48.15562834,15.9375
918,7/6/2002,0.009595759,48.15562834,15.9375
919,7/7/2002,0.009665908,48.15562834,15.9375
920,7/8/2002,0.010192657,48.15562834,15.9375
921,7/9/2002,0.0099826,48.15562834,15.9375
922,7/10/2002,0.008772404,48.15562834,15.9375
923,7/11/2002,0.008591363,48.15562834,15.9375
924,7/12/2002,0.010393469,48.15562834,15.9375
925,7/13/2002,0.012114354,48.15562834,15.9375
926,7/14/2002,0.012610386,48.15562834,15.9375
927,7/15/2002,0.012489732,48.15562834,15.9375
928,7/16/2002,0.012017087,48.15562834,15.9375
929,7/17/2002,0.011119761,48.15562834,15.9375
930,7/18/2002,0.010840695,48.15562834,15.9375
931,7/19/2002,0.010001747,48.15562834,15.9375
932,7/20/2002,0.011078663,48.15562834,15.9375
933,7/21/2002,0.013205685,48.15562834,15.9375
934,7/22/2002,0.01186917,48.15562834,15.9375
935,7/23/2002,0.010022688,48.15562834,15.9375
936,7/24/2002,0.010664627,48.15562834,15.9375
937,7/25/2002,0.009021237,48.15562834,15.9375
938,7/26/2002,0.007838074,48.15562834,15.9375
939,7/27/2002,0.008771539,48.15562834,15.9375
940,7/28/2002,0.010151817,48.15562834,15.9375
941,7/29/2002,0.011484024,48.15562834,15.9375
942,7/30/2002,0.012157233,48.15562834,15.9375
943,7/31/2002,0.011121682,48.15562834,15.9375
944,8/1/2002,0.012284217,48.15562834,15.9375
945,8/2/2002,0.011204808,48.15562834,15.9375
946,8/3/2002,0.010980668,48.15562834,15.9375
947,8/4/2002,0.011998505,48.15562834,15.9375
948,8/5/2002,0.012002623,48.15562834,15.9375
949,8/6/2002,0.012147715,48.15562834,15.9375
950,8/7/2002,0.011291718,48.15562834,15.9375
951,8/8/2002,0.010617761,48.15562834,15.9375
952,8/9/2002,0.011203371,48.15562834,15.9375
953,8/10/2002,0.010630984,48.15562834,15.9375
954,8/11/2002,0.011044876,48.15562834,15.9375
955,8/12/2002,0.01149494,48.15562834,15.9375
956,8/13/2002,0.010849389,48.15562834,15.9375
957,8/14/2002,0.010503412,48.15562834,15.9375
958,8/15/2002,0.011077442,48.15562834,15.9375
959,8/16/2002,0.012014912,48.15562834,15.9375
960,8/17/2002,0.01266955,48.15562834,15.9375
961,8/18/2002,0.01193061,48.15562834,15.9375
962,8/19/2002,0.011359777,48.15562834,15.9375
963,8/20/2002,0.01152883,48.15562834,15.9375
964,8/21/2002,0.010649131,48.15562834,15.9375
965,8/22/2002,0.010951876,48.15562834,15.9375
966,8/23/2002,0.011846757,48.15562834,15.9375
967,8/24/2002,0.011709541,48.15562834,15.9375
968,8/25/2002,0.011030088,48.15562834,15.9375
969,8/26/2002,0.010647614,48.15562834,15.9375
970,8/27/2002,0.011147216,48.15562834,15.9375
971,8/28/2002,0.01089246,48.15562834,15.9375
972,8/29/2002,0.011469061,48.15562834,15.9375
973,8/30/2002,0.010799183,48.15562834,15.9375
974,8/31/2002,0.010847057,48.15562834,15.9375
975,9/1/2002,0.010889498,48.15562834,15.9375
976,9/2/2002,0.009766893,48.15562834,15.9375
977,9/3/2002,0.009411342,48.15562834,15.9375
978,9/4/2002,0.00926326,48.15562834,15.9375
979,9/5/2002,0.009966209,48.15562834,15.9375
980,9/6/2002,0.010159421,48.15562834,15.9375
981,9/7/2002,0.010552757,48.15562834,15.9375
982,9/8/2002,0.010309981,48.15562834,15.9375
983,9/9/2002,0.010185366,48.15562834,15.9375
984,9/10/2002,0.010375223,48.15562834,15.9375
985,9/11/2002,0.009849297,48.15562834,15.9375
986,9/12/2002,0.008397726,48.15562834,15.9375
987,9/13/2002,0.006332058,48.15562834,15.9375
988,9/14/2002,0.007204467,48.15562834,15.9375
989,9/15/2002,0.008500406,48.15562834,15.9375
990,9/16/2002,0.006966834,48.15562834,15.9375
991,9/17/2002,0.008484676,48.15562834,15.9375
992,9/18/2002,0.010052991,48.15562834,15.9375
993,9/19/2002,0.010408939,48.15562834,15.9375
994,9/20/2002,0.010918829,48.15562834,15.9375
995,9/21/2002,0.011503811,48.15562834,15.9375
996,9/22/2002,0.010929273,48.15562834,15.9375
997,9/23/2002,0.009344014,48.15562834,15.9375
998,9/24/2002,0.00823883,48.15562834,15.9375
999,9/25/2002,0.007234502,48.15562834,15.9375
1000,9/26/2002,0.006750039,48.15562834,15.9375
1001,9/27/2002,0.007236853,48.15562834,15.9375
1002,9/28/2002,0.007292556,48.15562834,15.9375
1003,9/29/2002,0.006977466,48.15562834,15.9375
1004,9/30/2002,0.007560154,48.15562834,15.9375
1005,10/1/2002,0.008071219,48.15562834,15.9375
1006,10/2/2002,0.00886481,48.15562834,15.9375
1007,10/3/2002,0.009975195,48.15562834,15.9375
1008,10/4/2002,0.010049829,48.15562834,15.9375
1009,10/5/2002,0.009305939,48.15562834,15.9375
1010,10/6/2002,0.008581337,48.15562834,15.9375
1011,10/7/2002,0.0068162,48.15562834,15.9375
1012,10/8/2002,0.007515127,48.15562834,15.9375
1013,10/9/2002,0.008068717,48.15562834,15.9375
1014,10/10/2002,0.01056367,48.15562834,15.9375
1015,10/11/2002,0.011797781,48.15562834,15.9375
1016,10/12/2002,0.009208043,48.15562834,15.9375
1017,10/13/2002,0.007278073,48.15562834,15.9375
1018,10/14/2002,0.008344891,48.15562834,15.9375
1019,10/15/2002,0.010228006,48.15562834,15.9375
1020,10/16/2002,0.011662559,48.15562834,15.9375
1021,10/17/2002,0.01134225,48.15562834,15.9375
1022,10/18/2002,0.008028625,48.15562834,15.9375
1023,10/19/2002,0.007033259,48.15562834,15.9375
1024,10/20/2002,0.006424978,48.15562834,15.9375
1025,10/21/2002,0.008808563,48.15562834,15.9375
1026,10/22/2002,0.011099491,48.15562834,15.9375
1027,10/23/2002,0.010359593,48.15562834,15.9375
1028,10/24/2002,0.007615743,48.15562834,15.9375
1029,10/25/2002,0.008359328,48.15562834,15.9375
1030,10/26/2002,0.009308209,48.15562834,15.9375
1031,10/27/2002,0.008791905,48.15562834,15.9375
1032,10/28/2002,0.007021527,48.15562834,15.9375
1033,10/29/2002,0.006849788,48.15562834,15.9375
1034,10/30/2002,0.008567845,48.15562834,15.9375
1035,10/31/2002,0.009502812,48.15562834,15.9375
1036,11/1/2002,0.008930999,48.15562834,15.9375
1037,11/2/2002,0.009704675,48.15562834,15.9375
1038,11/3/2002,0.009757134,48.15562834,15.9375
1039,11/4/2002,0.007954685,48.15562834,15.9375
1040,11/5/2002,0.00637828,48.15562834,15.9375
1041,11/6/2002,0.004105368,48.15562834,15.9375
1042,11/7/2002,0.004297548,48.15562834,15.9375
1043,11/8/2002,0.005104173,48.15562834,15.9375
1044,11/9/2002,0.005340409,48.15562834,15.9375
1045,11/10/2002,0.005474325,48.15562834,15.9375
1046,11/11/2002,0.006909645,48.15562834,15.9375
1047,11/12/2002,0.007425369,48.15562834,15.9375
1048,11/13/2002,0.008864625,48.15562834,15.9375
1049,11/14/2002,0.009699191,48.15562834,15.9375
1050,11/15/2002,0.00973479,48.15562834,15.9375
1051,11/16/2002,0.009128666,48.15562834,15.9375
1052,11/17/2002,0.008455478,48.15562834,15.9375
1053,11/18/2002,0.009802318,48.15562834,15.9375
1054,11/19/2002,0.007871942,48.15562834,15.9375
1055,11/20/2002,0.008377992,48.15562834,15.9375
1056,11/21/2002,0.008819135,48.15562834,15.9375
1057,11/22/2002,0.007694441,48.15562834,15.9375
1058,11/23/2002,0.007504816,48.15562834,15.9375
1059,11/24/2002,0.008976926,48.15562834,15.9375
1060,11/25/2002,0.010151618,48.15562834,15.9375
1061,11/26/2002,0.010403653,48.15562834,15.9375
1062,11/27/2002,0.009611459,48.15562834,15.9375
1063,11/28/2002,0.00803758,48.15562834,15.9375
1064,11/29/2002,0.008838432,48.15562834,15.9375
1065,11/30/2002,0.006826388,48.15562834,15.9375
1066,12/1/2002,0.005975319,48.15562834,15.9375
1067,12/2/2002,0.005585218,48.15562834,15.9375
1068,12/3/2002,0.006207349,48.15562834,15.9375
1069,12/4/2002,0.005834339,48.15562834,15.9375
1070,12/5/2002,0.005995628,48.15562834,15.9375
1071,12/6/2002,0.005639978,48.15562834,15.9375
1072,12/7/2002,0.005116974,48.15562834,15.9375
1073,12/8/2002,0.003864539,48.15562834,15.9375
1074,12/9/2002,0.002832315,48.15562834,15.9375
1075,12/10/2002,0.00283238,48.15562834,15.9375
1076,12/11/2002,0.003890147,48.15562834,15.9375
1077,12/12/2002,0.00459887,48.15562834,15.9375
1078,12/13/2002,0.005455953,48.15562834,15.9375
1079,12/14/2002,0.004443248,48.15562834,15.9375
1080,12/15/2002,0.005593434,48.15562834,15.9375
1081,12/16/2002,0.006229983,48.15562834,15.9375
1082,12/17/2002,0.006712776,48.15562834,15.9375
1083,12/18/2002,0.005438245,48.15562834,15.9375
1084,12/19/2002,0.004199651,48.15562834,15.9375
1085,12/20/2002,0.004466539,48.15562834,15.9375
1086,12/21/2002,0.006019244,48.15562834,15.9375
1087,12/22/2002,0.006099933,48.15562834,15.9375
1088,12/23/2002,0.006730617,48.15562834,15.9375
1089,12/24/2002,0.006183807,48.15562834,15.9375
1090,12/25/2002,0.00393605,48.15562834,15.9375
1091,12/26/2002,0.004139874,48.15562834,15.9375
1092,12/27/2002,0.006254117,48.15562834,15.9375
1093,12/28/2002,0.008162339,48.15562834,15.9375
1094,12/29/2002,0.00690697,48.15562834,15.9375
1095,12/30/2002,0.007154476,48.15562834,15.9375
1096,12/31/2002,0.007429334,48.15562834,15.9375
1097,1/1/2003,0.004649906,48.15562834,15.9375
1098,1/2/2003,0.006892972,48.15562834,15.9375
1099,1/3/2003,0.006844464,48.15562834,15.9375
1100,1/4/2003,0.006590349,48.15562834,15.9375
1101,1/5/2003,0.005343543,48.15562834,15.9375
1102,1/6/2003,0.004020859,48.15562834,15.9375
1103,1/7/2003,0.003269923,48.15562834,15.9375
1104,1/8/2003,0.003051529,48.15562834,15.9375
1105,1/9/2003,0.003031358,48.15562834,15.9375
1106,1/10/2003,0.003173906,48.15562834,15.9375
1107,1/11/2003,0.003067064,48.15562834,15.9375
1108,1/12/2003,0.003182844,48.15562834,15.9375
1109,1/13/2003,0.003863668,48.15562834,15.9375
1110,1/14/2003,0.005477794,48.15562834,15.9375
1111,1/15/2003,0.005392051,48.15562834,15.9375
1112,1/16/2003,0.00563398,48.15562834,15.9375
1113,1/17/2003,0.005709437,48.15562834,15.9375
1114,1/18/2003,0.005135662,48.15562834,15.9375
1115,1/19/2003,0.004709032,48.15562834,15.9375
1116,1/20/2003,0.004999284,48.15562834,15.9375
1117,1/21/2003,0.006535162,48.15562834,15.9375
1118,1/22/2003,0.006867437,48.15562834,15.9375
1119,1/23/2003,0.005883822,48.15562834,15.9375
1120,1/24/2003,0.004962781,48.15562834,15.9375
1121,1/25/2003,0.004636289,48.15562834,15.9375
1122,1/26/2003,0.004872617,48.15562834,15.9375
1123,1/27/2003,0.005021566,48.15562834,15.9375
1124,1/28/2003,0.005984598,48.15562834,15.9375
1125,1/29/2003,0.004738713,48.15562834,15.9375
1126,1/30/2003,0.004165345,48.15562834,15.9375
1127,1/31/2003,0.003868284,48.15562834,15.9375
1128,2/1/2003,0.003093433,48.15562834,15.9375
1129,2/2/2003,0.003196239,48.15562834,15.9375
1130,2/3/2003,0.004584055,48.15562834,15.9375
1131,2/4/2003,0.00516277,48.15562834,15.9375
1132,2/5/2003,0.00323946,48.15562834,15.9375
1133,2/6/2003,0.003665109,48.15562834,15.9375
1134,2/7/2003,0.003605076,48.15562834,15.9375
1135,2/8/2003,0.004943268,48.15562834,15.9375
1136,2/9/2003,0.003920801,48.15562834,15.9375
1137,2/10/2003,0.003756351,48.15562834,15.9375
1138,2/11/2003,0.003906038,48.15562834,15.9375
1139,2/12/2003,0.003150079,48.15562834,15.9375
1140,2/13/2003,0.002763246,48.15562834,15.9375
1141,2/14/2003,0.003000695,48.15562834,15.9375
1142,2/15/2003,0.003506512,48.15562834,15.9375
1143,2/16/2003,0.00279835,48.15562834,15.9375
1144,2/17/2003,0.003078576,48.15562834,15.9375
1145,2/18/2003,0.003237654,48.15562834,15.9375
1146,2/19/2003,0.003191984,48.15562834,15.9375
1147,2/20/2003,0.004018651,48.15562834,15.9375
1148,2/21/2003,0.003949522,48.15562834,15.9375
1149,2/22/2003,0.003624692,48.15562834,15.9375
1150,2/23/2003,0.003498132,48.15562834,15.9375
1151,2/24/2003,0.004664731,48.15562834,15.9375
1152,2/25/2003,0.004233867,48.15562834,15.9375
1153,2/26/2003,0.00484139,48.15562834,15.9375
1154,2/27/2003,0.005233552,48.15562834,15.9375
1155,2/28/2003,0.005046099,48.15562834,15.9375
1156,3/1/2003,0.005782059,48.15562834,15.9375
1157,3/2/2003,0.006800981,48.15562834,15.9375
1158,3/3/2003,0.005744518,48.15562834,15.9375
1159,3/4/2003,0.004958235,48.15562834,15.9375
1160,3/5/2003,0.005584877,48.15562834,15.9375
1161,3/6/2003,0.006354153,48.15562834,15.9375
1162,3/7/2003,0.005834945,48.15562834,15.9375
1163,3/8/2003,0.005045339,48.15562834,15.9375
1164,3/9/2003,0.005887751,48.15562834,15.9375
1165,3/10/2003,0.006465225,48.15562834,15.9375
1166,3/11/2003,0.00715303,48.15562834,15.9375
1167,3/12/2003,0.006672577,48.15562834,15.9375
1168,3/13/2003,0.005358384,48.15562834,15.9375
1169,3/14/2003,0.00351517,48.15562834,15.9375
1170,3/15/2003,0.003486612,48.15562834,15.9375
1171,3/16/2003,0.003633655,48.15562834,15.9375
1172,3/17/2003,0.003747182,48.15562834,15.9375
1173,3/18/2003,0.004192376,48.15562834,15.9375
1174,3/19/2003,0.004685943,48.15562834,15.9375
1175,3/20/2003,0.005147662,48.15562834,15.9375
1176,3/21/2003,0.0041029,48.15562834,15.9375
1177,3/22/2003,0.002647373,48.15562834,15.9375
1178,3/23/2003,0.002701696,48.15562834,15.9375
1179,3/24/2003,0.004127435,48.15562834,15.9375
1180,3/25/2003,0.004042211,48.15562834,15.9375
1181,3/26/2003,0.00424584,48.15562834,15.9375
1182,3/27/2003,0.003689589,48.15562834,15.9375
1183,3/28/2003,0.004601383,48.15562834,15.9375
1184,3/29/2003,0.005985989,48.15562834,15.9375
1185,3/30/2003,0.006395243,48.15562834,15.9375
1186,3/31/2003,0.006188516,48.15562834,15.9375
1187,4/1/2003,0.003416573,48.15562834,15.9375
1188,4/2/2003,0.006398479,48.15562834,15.9375
1189,4/3/2003,0.005838394,48.15562834,15.9375
1190,4/4/2003,0.005051024,48.15562834,15.9375
1191,4/5/2003,0.004775759,48.15562834,15.9375
1192,4/6/2003,0.004377047,48.15562834,15.9375
1193,4/7/2003,0.00269453,48.15562834,15.9375
1194,4/8/2003,0.00324998,48.15562834,15.9375
1195,4/9/2003,0.003998228,48.15562834,15.9375
1196,4/10/2003,0.006506742,48.15562834,15.9375
1197,4/11/2003,0.006074357,48.15562834,15.9375
1198,4/12/2003,0.00732775,48.15562834,15.9375
1199,4/13/2003,0.006129489,48.15562834,15.9375
1200,4/14/2003,0.006869831,48.15562834,15.9375
1201,4/15/2003,0.006936674,48.15562834,15.9375
1202,4/16/2003,0.007224535,48.15562834,15.9375
1203,4/17/2003,0.007027314,48.15562834,15.9375
1204,4/18/2003,0.006209007,48.15562834,15.9375
1205,4/19/2003,0.007030782,48.15562834,15.9375
1206,4/20/2003,0.007161789,48.15562834,15.9375
1207,4/21/2003,0.007769061,48.15562834,15.9375
1208,4/22/2003,0.007019865,48.15562834,15.9375
1209,4/23/2003,0.007126725,48.15562834,15.9375
1210,4/24/2003,0.007459489,48.15562834,15.9375
1211,4/25/2003,0.008408337,48.15562834,15.9375
1212,4/26/2003,0.008305748,48.15562834,15.9375
1213,4/27/2003,0.009251419,48.15562834,15.9375
1214,4/28/2003,0.009340511,48.15562834,15.9375
1215,4/29/2003,0.008128971,48.15562834,15.9375
1216,4/30/2003,0.009208258,48.15562834,15.9375
1217,5/1/2003,0.009150675,48.15562834,15.9375
1218,5/2/2003,0.009884475,48.15562834,15.9375
1219,5/3/2003,0.009215852,48.15562834,15.9375
1220,5/4/2003,0.008299139,48.15562834,15.9375
1221,5/5/2003,0.008779,48.15562834,15.9375
1222,5/6/2003,0.007764816,48.15562834,15.9375
1223,5/7/2003,0.006250473,48.15562834,15.9375
1224,5/8/2003,0.00842406,48.15562834,15.9375
1225,5/9/2003,0.00980008,48.15562834,15.9375
1226,5/10/2003,0.009186615,48.15562834,15.9375
1227,5/11/2003,0.007691228,48.15562834,15.9375
1228,5/12/2003,0.007956524,48.15562834,15.9375
1229,5/13/2003,0.008687334,48.15562834,15.9375
1230,5/14/2003,0.008458484,48.15562834,15.9375
1231,5/15/2003,0.006042823,48.15562834,15.9375
1232,5/16/2003,0.006112203,48.15562834,15.9375
1233,5/17/2003,0.007144662,48.15562834,15.9375
1234,5/18/2003,0.009084049,48.15562834,15.9375
1235,5/19/2003,0.009630866,48.15562834,15.9375
1236,5/20/2003,0.010419187,48.15562834,15.9375
1237,5/21/2003,0.00741901,48.15562834,15.9375
1238,5/22/2003,0.007425254,48.15562834,15.9375
1239,5/23/2003,0.009243607,48.15562834,15.9375
1240,5/24/2003,0.010498852,48.15562834,15.9375
1241,5/25/2003,0.010292887,48.15562834,15.9375
1242,5/26/2003,0.010489979,48.15562834,15.9375
1243,5/27/2003,0.011311169,48.15562834,15.9375
1244,5/28/2003,0.011731626,48.15562834,15.9375
1245,5/29/2003,0.011833471,48.15562834,15.9375
1246,5/30/2003,0.012001371,48.15562834,15.9375
1247,5/31/2003,0.011427484,48.15562834,15.9375
1248,6/1/2003,0.012586001,48.15562834,15.9375
1249,6/2/2003,0.011994333,48.15562834,15.9375
1250,6/3/2003,0.012033735,48.15562834,15.9375
1251,6/4/2003,0.012524685,48.15562834,15.9375
1252,6/5/2003,0.012569143,48.15562834,15.9375
1253,6/6/2003,0.013501208,48.15562834,15.9375
1254,6/7/2003,0.013954501,48.15562834,15.9375
1255,6/8/2003,0.013559137,48.15562834,15.9375
1256,6/9/2003,0.014265427,48.15562834,15.9375
1257,6/10/2003,0.014838859,48.15562834,15.9375
1258,6/11/2003,0.015017866,48.15562834,15.9375
1259,6/12/2003,0.016125672,48.15562834,15.9375
1260,6/13/2003,0.016082395,48.15562834,15.9375
1261,6/14/2003,0.015679903,48.15562834,15.9375
1262,6/15/2003,0.015075174,48.15562834,15.9375
1263,6/16/2003,0.01396802,48.15562834,15.9375
1264,6/17/2003,0.013916137,48.15562834,15.9375
1265,6/18/2003,0.012476875,48.15562834,15.9375
1266,6/19/2003,0.011694807,48.15562834,15.9375
1267,6/20/2003,0.01361023,48.15562834,15.9375
1268,6/21/2003,0.0138131,48.15562834,15.9375
1269,6/22/2003,0.013930792,48.15562834,15.9375
1270,6/23/2003,0.016202029,48.15562834,15.9375
1271,6/24/2003,0.016205268,48.15562834,15.9375
1272,6/25/2003,0.015979353,48.15562834,15.9375
1273,6/26/2003,0.016078791,48.15562834,15.9375
1274,6/27/2003,0.014117107,48.15562834,15.9375
1275,6/28/2003,0.013804128,48.15562834,15.9375
1276,6/29/2003,0.01239013,48.15562834,15.9375
1277,6/30/2003,0.014693476,48.15562834,15.9375
1278,7/1/2003,0.013744561,48.15562834,15.9375
1279,7/2/2003,0.013402331,48.15562834,15.9375
1280,7/3/2003,0.011243793,48.15562834,15.9375
1281,7/4/2003,0.010774836,48.15562834,15.9375
1282,7/5/2003,0.00992994,48.15562834,15.9375
1283,7/6/2003,0.010492395,48.15562834,15.9375
1284,7/7/2003,0.01223342,48.15562834,15.9375
1285,7/8/2003,0.012269919,48.15562834,15.9375
1286,7/9/2003,0.012374185,48.15562834,15.9375
1287,7/10/2003,0.013234681,48.15562834,15.9375
1288,7/11/2003,0.013499491,48.15562834,15.9375
1289,7/12/2003,0.012869927,48.15562834,15.9375
1290,7/13/2003,0.014273776,48.15562834,15.9375
1291,7/14/2003,0.010926578,48.15562834,15.9375
1292,7/15/2003,0.010855235,48.15562834,15.9375
1293,7/16/2003,0.012852317,48.15562834,15.9375
1294,7/17/2003,0.012704169,48.15562834,15.9375
1295,7/18/2003,0.012230617,48.15562834,15.9375
1296,7/19/2003,0.011448036,48.15562834,15.9375
1297,7/20/2003,0.012617704,48.15562834,15.9375
1298,7/21/2003,0.012692808,48.15562834,15.9375
1299,7/22/2003,0.012261297,48.15562834,15.9375
1300,7/23/2003,0.013486562,48.15562834,15.9375
1301,7/24/2003,0.011534835,48.15562834,15.9375
1302,7/25/2003,0.011383498,48.15562834,15.9375
1303,7/26/2003,0.011179365,48.15562834,15.9375
1304,7/27/2003,0.011326396,48.15562834,15.9375
1305,7/28/2003,0.012220538,48.15562834,15.9375
1306,7/29/2003,0.011851443,48.15562834,15.9375
1307,7/30/2003,0.010483512,48.15562834,15.9375
1308,7/31/2003,0.01069031,48.15562834,15.9375
1309,8/1/2003,0.012062787,48.15562834,15.9375
1310,8/2/2003,0.012254178,48.15562834,15.9375
1311,8/3/2003,0.011996038,48.15562834,15.9375
1312,8/4/2003,0.01362397,48.15562834,15.9375
1313,8/5/2003,0.014504988,48.15562834,15.9375
1314,8/6/2003,0.015135783,48.15562834,15.9375
1315,8/7/2003,0.014587862,48.15562834,15.9375
1316,8/8/2003,0.013047148,48.15562834,15.9375
1317,8/9/2003,0.012662205,48.15562834,15.9375
1318,8/10/2003,0.012226531,48.15562834,15.9375
1319,8/11/2003,0.013047481,48.15562834,15.9375
1320,8/12/2003,0.010341069,48.15562834,15.9375
1321,8/13/2003,0.013387685,48.15562834,15.9375
1322,8/14/2003,0.013348447,48.15562834,15.9375
1323,8/15/2003,0.01355552,48.15562834,15.9375
1324,8/16/2003,0.011570115,48.15562834,15.9375
1325,8/17/2003,0.010669513,48.15562834,15.9375
1326,8/18/2003,0.010895402,48.15562834,15.9375
1327,8/19/2003,0.011210999,48.15562834,15.9375
1328,8/20/2003,0.010575749,48.15562834,15.9375
1329,8/21/2003,0.011958836,48.15562834,15.9375
1330,8/22/2003,0.01146112,48.15562834,15.9375
1331,8/23/2003,0.011561876,48.15562834,15.9375
1332,8/24/2003,0.012337394,48.15562834,15.9375
1333,8/25/2003,0.012300354,48.15562834,15.9375
1334,8/26/2003,0.009576831,48.15562834,15.9375
1335,8/27/2003,0.011896294,48.15562834,15.9375
1336,8/28/2003,0.012362373,48.15562834,15.9375
1337,8/29/2003,0.012641694,48.15562834,15.9375
1338,8/30/2003,0.011674978,48.15562834,15.9375
1339,8/31/2003,0.010823963,48.15562834,15.9375
1340,9/1/2003,0.007630235,48.15562834,15.9375
1341,9/2/2003,0.007567468,48.15562834,15.9375
1342,9/3/2003,0.006559275,48.15562834,15.9375
1343,9/4/2003,0.00702591,48.15562834,15.9375
1344,9/5/2003,0.009088416,48.15562834,15.9375
1345,9/6/2003,0.008744259,48.15562834,15.9375
1346,9/7/2003,0.008308161,48.15562834,15.9375
1347,9/8/2003,0.010151564,48.15562834,15.9375
1348,9/9/2003,0.010774548,48.15562834,15.9375
1349,9/10/2003,0.009928809,48.15562834,15.9375
1350,9/11/2003,0.009463271,48.15562834,15.9375
1351,9/12/2003,0.007641422,48.15562834,15.9375
1352,9/13/2003,0.00803374,48.15562834,15.9375
1353,9/14/2003,0.007971593,48.15562834,15.9375
1354,9/15/2003,0.008100635,48.15562834,15.9375
1355,9/16/2003,0.00854505,48.15562834,15.9375
1356,9/17/2003,0.00920696,48.15562834,15.9375
1357,9/18/2003,0.00885827,48.15562834,15.9375
1358,9/19/2003,0.008513147,48.15562834,15.9375
1359,9/20/2003,0.008223595,48.15562834,15.9375
1360,9/21/2003,0.008001226,48.15562834,15.9375
1361,9/22/2003,0.008595207,48.15562834,15.9375
1362,9/23/2003,0.010892002,48.15562834,15.9375
1363,9/24/2003,0.009187719,48.15562834,15.9375
1364,9/25/2003,0.006681499,48.15562834,15.9375
1365,9/26/2003,0.006829816,48.15562834,15.9375
1366,9/27/2003,0.009272726,48.15562834,15.9375
1367,9/28/2003,0.009694817,48.15562834,15.9375
1368,9/29/2003,0.010641296,48.15562834,15.9375
1369,9/30/2003,0.008067907,48.15562834,15.9375
1370,10/1/2003,0.009546549,48.15562834,15.9375
1371,10/2/2003,0.010458942,48.15562834,15.9375
1372,10/3/2003,0.011488566,48.15562834,15.9375
1373,10/4/2003,0.011281973,48.15562834,15.9375
1374,10/5/2003,0.008358504,48.15562834,15.9375
1375,10/6/2003,0.006577274,48.15562834,15.9375
1376,10/7/2003,0.007689933,48.15562834,15.9375
1377,10/8/2003,0.005997532,48.15562834,15.9375
1378,10/9/2003,0.006845256,48.15562834,15.9375
1379,10/10/2003,0.008348729,48.15562834,15.9375
1380,10/11/2003,0.009010351,48.15562834,15.9375
1381,10/12/2003,0.00909526,48.15562834,15.9375
1382,10/13/2003,0.007317337,48.15562834,15.9375
1383,10/14/2003,0.006001924,48.15562834,15.9375
1384,10/15/2003,0.004999967,48.15562834,15.9375
1385,10/16/2003,0.005127328,48.15562834,15.9375
1386,10/17/2003,0.004275138,48.15562834,15.9375
1387,10/18/2003,0.004357416,48.15562834,15.9375
1388,10/19/2003,0.006235972,48.15562834,15.9375
1389,10/20/2003,0.009504588,48.15562834,15.9375
1390,10/21/2003,0.009432781,48.15562834,15.9375
1391,10/22/2003,0.008301402,48.15562834,15.9375
1392,10/23/2003,0.007467758,48.15562834,15.9375
1393,10/24/2003,0.005632737,48.15562834,15.9375
1394,10/25/2003,0.00378248,48.15562834,15.9375
1395,10/26/2003,0.004810223,48.15562834,15.9375
1396,10/27/2003,0.005275561,48.15562834,15.9375
1397,10/28/2003,0.004849146,48.15562834,15.9375
1398,10/29/2003,0.007355571,48.15562834,15.9375
1399,10/30/2003,0.006867674,48.15562834,15.9375
1400,10/31/2003,0.008505889,48.15562834,15.9375
1401,11/1/2003,0.010180212,48.15562834,15.9375
1402,11/2/2003,0.008564762,48.15562834,15.9375
1403,11/3/2003,0.008588309,48.15562834,15.9375
1404,11/4/2003,0.00806443,48.15562834,15.9375
1405,11/5/2003,0.007634089,48.15562834,15.9375
1406,11/6/2003,0.006784026,48.15562834,15.9375
1407,11/7/2003,0.005797641,48.15562834,15.9375
1408,11/8/2003,0.007546333,48.15562834,15.9375
1409,11/9/2003,0.008269867,48.15562834,15.9375
1410,11/10/2003,0.006890006,48.15562834,15.9375
1411,11/11/2003,0.005392157,48.15562834,15.9375
1412,11/12/2003,0.004981478,48.15562834,15.9375
1413,11/13/2003,0.005893569,48.15562834,15.9375
1414,11/14/2003,0.007099116,48.15562834,15.9375
1415,11/15/2003,0.00720987,48.15562834,15.9375
1416,11/16/2003,0.008975002,48.15562834,15.9375
1417,11/17/2003,0.009030183,48.15562834,15.9375
1418,11/18/2003,0.007632218,48.15562834,15.9375
1419,11/19/2003,0.008037323,48.15562834,15.9375
1420,11/20/2003,0.008135804,48.15562834,15.9375
1421,11/21/2003,0.008028107,48.15562834,15.9375
1422,11/22/2003,0.007924303,48.15562834,15.9375
1423,11/23/2003,0.008442625,48.15562834,15.9375
1424,11/24/2003,0.008981965,48.15562834,15.9375
1425,11/25/2003,0.00871955,48.15562834,15.9375
1426,11/26/2003,0.009131755,48.15562834,15.9375
1427,11/27/2003,0.008652867,48.15562834,15.9375
1428,11/28/2003,0.006881083,48.15562834,15.9375
1429,11/29/2003,0.006204339,48.15562834,15.9375
1430,11/30/2003,0.006939122,48.15562834,15.9375
1431,12/1/2003,0.007062498,48.15562834,15.9375
1432,12/2/2003,0.0076343,48.15562834,15.9375
1433,12/3/2003,0.007771841,48.15562834,15.9375
1434,12/4/2003,0.007536989,48.15562834,15.9375
1435,12/5/2003,0.007855183,48.15562834,15.9375
1436,12/6/2003,0.006676059,48.15562834,15.9375
1437,12/7/2003,0.00337638,48.15562834,15.9375
1438,12/8/2003,0.004005205,48.15562834,15.9375
1439,12/9/2003,0.003501998,48.15562834,15.9375
1440,12/10/2003,0.004436348,48.15562834,15.9375
1441,12/11/2003,0.006096985,48.15562834,15.9375
1442,12/12/2003,0.006895573,48.15562834,15.9375
1443,12/13/2003,0.006178827,48.15562834,15.9375
1444,12/14/2003,0.006901833,48.15562834,15.9375
1445,12/15/2003,0.004939652,48.15562834,15.9375
1446,12/16/2003,0.00340075,48.15562834,15.9375
1447,12/17/2003,0.004354424,48.15562834,15.9375
1448,12/18/2003,0.004818774,48.15562834,15.9375
1449,12/19/2003,0.005782784,48.15562834,15.9375
1450,12/20/2003,0.005982621,48.15562834,15.9375
1451,12/21/2003,0.007154806,48.15562834,15.9375
1452,12/22/2003,0.004623499,48.15562834,15.9375
1453,12/23/2003,0.002638129,48.15562834,15.9375
1454,12/24/2003,0.003195298,48.15562834,15.9375
1455,12/25/2003,0.004054715,48.15562834,15.9375
1456,12/26/2003,0.004158397,48.15562834,15.9375
1457,12/27/2003,0.005577569,48.15562834,15.9375
1458,12/28/2003,0.007015795,48.15562834,15.9375
1459,12/29/2003,0.007456071,48.15562834,15.9375
1460,12/30/2003,0.007481155,48.15562834,15.9375
1461,12/31/2003,0.006492293,48.15562834,15.9375
